﻿"ID","Year","LocationAbbr","LocationDesc","Class","Topic","Indicator","Response","DataSource","Data_Value_Unit","Data_Value_Type","Data_Value","Data_Value_Footnote_Symbol","Data_Value_Footnote","Low_Confidence_Limit","High_Confidence_Limit","Sample_Size","Stratification","StratificationType","IndicatorId","LocationOrder","ParentStateDisplayOrder","FootnoteType","FootNoteSymbol","FootnoteText","URL","DatasourceAbbr","Agency"
"643614","2005","US","All States, DC and Territories (median) **","Physical Activity","Exercise","During the past month, did you participate in any physical activities? (variable calculated from one or more BRFSS questions)","Yes","BRFSS","%","Crude Prevalence","76.1","**","Median value reported with no confidence intervals","","","53","Overall","Overall","_TOTINDA","1","1","","","","","",""
"644061","2005","UW","All States and DC (median) **","Physical Activity","Exercise","During the past month, did you participate in any physical activities? (variable calculated from one or more BRFSS questions)","Yes","BRFSS","%","Crude Prevalence","76.2","**","Median value reported with no confidence intervals","","","51","Overall","Overall","_TOTINDA","2","2","","","","","",""
"638752","2005","AL","Alabama","Physical Activity","Exercise","During the past month, did you participate in any physical activities? (variable calculated from one or more BRFSS questions)","Yes","BRFSS","%","Crude Prevalence","70.3","","","68.3","72.3","2163","Overall","Overall","_TOTINDA","3","3","","","","","",""
"641712","2005","AK","Alaska","Physical Activity","Exercise","During the past month, did you participate in any physical activities? (variable calculated from one or more BRFSS questions)","Yes","BRFSS","%","Crude Prevalence","78.6","","","76.4","80.8","2184","Overall","Overall","_TOTINDA","4","4","","","","","",""
"643940","2005","AZ","Arizona","Physical Activity","Exercise","During the past month, did you participate in any physical activities? (variable calculated from one or more BRFSS questions)","Yes","BRFSS","%","Crude Prevalence","77.4","","","75.0","79.8","3518","Overall","Overall","_TOTINDA","5","5","","","","","",""
"646609","2005","AR","Arkansas","Physical Activity","Exercise","During the past month, did you participate in any physical activities? (variable calculated from one or more BRFSS questions)","Yes","BRFSS","%","Crude Prevalence","69.4","","","67.9","70.9","3562","Overall","Overall","_TOTINDA","6","6","","","","","",""
"648344","2005","CA","California","Physical Activity","Exercise","During the past month, did you participate in any physical activities? (variable calculated from one or more BRFSS questions)","Yes","BRFSS","%","Crude Prevalence","76.1","","","74.6","77.6","4785","Overall","Overall","_TOTINDA","7","7","","","","","",""
"651148","2005","CO","Colorado","Physical Activity","Exercise","During the past month, did you participate in any physical activities? (variable calculated from one or more BRFSS questions)","Yes","BRFSS","%","Crude Prevalence","82.7","","","81.6","83.8","4935","Overall","Overall","_TOTINDA","8","8","","","","","",""
"653216","2005","CT","Connecticut","Physical Activity","Exercise","During the past month, did you participate in any physical activities? (variable calculated from one or more BRFSS questions)","Yes","BRFSS","%","Crude Prevalence","78.8","","","77.4","80.2","3952","Overall","Overall","_TOTINDA","9","9","","","","","",""
"656172","2005","DE","Delaware","Physical Activity","Exercise","During the past month, did you participate in any physical activities? (variable calculated from one or more BRFSS questions)","Yes","BRFSS","%","Crude Prevalence","76.7","","","75.0","78.4","3099","Overall","Overall","_TOTINDA","10","10","","","","","",""
"658677","2005","DC","District of Columbia","Physical Activity","Exercise","During the past month, did you participate in any physical activities? (variable calculated from one or more BRFSS questions)","Yes","BRFSS","%","Crude Prevalence","77.5","","","75.7","79.3","2984","Overall","Overall","_TOTINDA","11","11","","","","","",""
"660503","2005","FL","Florida","Physical Activity","Exercise","During the past month, did you participate in any physical activities? (variable calculated from one or more BRFSS questions)","Yes","BRFSS","%","Crude Prevalence","73.1","","","71.7","74.5","5849","Overall","Overall","_TOTINDA","12","12","","","","","",""
"662809","2005","GA","Georgia","Physical Activity","Exercise","During the past month, did you participate in any physical activities? (variable calculated from one or more BRFSS questions)","Yes","BRFSS","%","Crude Prevalence","72.8","","","71.2","74.4","4213","Overall","Overall","_TOTINDA","13","13","","","","","",""
"665269","2005","HI","Hawaii","Physical Activity","Exercise","During the past month, did you participate in any physical activities? (variable calculated from one or more BRFSS questions)","Yes","BRFSS","%","Crude Prevalence","80.5","","","79.2","81.8","5178","Overall","Overall","_TOTINDA","14","14","","","","","",""
"667323","2005","ID","Idaho","Physical Activity","Exercise","During the past month, did you participate in any physical activities? (variable calculated from one or more BRFSS questions)","Yes","BRFSS","%","Crude Prevalence","78.4","","","77.0","79.8","4395","Overall","Overall","_TOTINDA","15","15","","","","","",""
"670430","2005","IL","Illinois","Physical Activity","Exercise","During the past month, did you participate in any physical activities? (variable calculated from one or more BRFSS questions)","Yes","BRFSS","%","Crude Prevalence","74.4","","","72.8","76.0","3755","Overall","Overall","_TOTINDA","16","16","","","","","",""
"672646","2005","IN","Indiana","Physical Activity","Exercise","During the past month, did you participate in any physical activities? (variable calculated from one or more BRFSS questions)","Yes","BRFSS","%","Crude Prevalence","73.1","","","71.8","74.4","4031","Overall","Overall","_TOTINDA","17","17","","","","","",""
"675078","2005","IA","Iowa","Physical Activity","Exercise","During the past month, did you participate in any physical activities? (variable calculated from one or more BRFSS questions)","Yes","BRFSS","%","Crude Prevalence","75.3","","","73.9","76.7","3740","Overall","Overall","_TOTINDA","18","18","","","","","",""
"677628","2005","KS","Kansas","Physical Activity","Exercise","During the past month, did you participate in any physical activities? (variable calculated from one or more BRFSS questions)","Yes","BRFSS","%","Crude Prevalence","75.6","","","74.5","76.7","6339","Overall","Overall","_TOTINDA","19","19","","","","","",""
"680151","2005","KY","Kentucky","Physical Activity","Exercise","During the past month, did you participate in any physical activities? (variable calculated from one or more BRFSS questions)","Yes","BRFSS","%","Crude Prevalence","68.5","","","66.9","70.1","4193","Overall","Overall","_TOTINDA","20","20","","","","","",""
"682377","2005","LA","Louisiana","Physical Activity","Exercise","During the past month, did you participate in any physical activities? (variable calculated from one or more BRFSS questions)","Yes","BRFSS","%","Crude Prevalence","66.6","","","64.6","68.6","1899","Overall","Overall","_TOTINDA","21","21","","","","","",""
"684190","2005","ME","Maine","Physical Activity","Exercise","During the past month, did you participate in any physical activities? (variable calculated from one or more BRFSS questions)","Yes","BRFSS","%","Crude Prevalence","77.7","","","76.2","79.2","3021","Overall","Overall","_TOTINDA","22","22","","","","","",""
"687098","2005","MD","Maryland","Physical Activity","Exercise","During the past month, did you participate in any physical activities? (variable calculated from one or more BRFSS questions)","Yes","BRFSS","%","Crude Prevalence","77.1","","","75.9","78.3","6540","Overall","Overall","_TOTINDA","23","23","","","","","",""
"689766","2005","MA","Massachusetts","Physical Activity","Exercise","During the past month, did you participate in any physical activities? (variable calculated from one or more BRFSS questions)","Yes","BRFSS","%","Crude Prevalence","76.7","","","75.5","77.9","6498","Overall","Overall","_TOTINDA","24","24","","","","","",""
"691546","2005","MI","Michigan","Physical Activity","Exercise","During the past month, did you participate in any physical activities? (variable calculated from one or more BRFSS questions)","Yes","BRFSS","%","Crude Prevalence","77.5","","","76.6","78.4","9199","Overall","Overall","_TOTINDA","25","25","","","","","",""
"693941","2005","MN","Minnesota","Physical Activity","Exercise","During the past month, did you participate in any physical activities? (variable calculated from one or more BRFSS questions)","Yes","BRFSS","%","Crude Prevalence","83.8","","","82.2","85.4","2315","Overall","Overall","_TOTINDA","26","26","","","","","",""
"696633","2005","MS","Mississippi","Physical Activity","Exercise","During the past month, did you participate in any physical activities? (variable calculated from one or more BRFSS questions)","Yes","BRFSS","%","Crude Prevalence","67.6","","","65.9","69.3","2858","Overall","Overall","_TOTINDA","27","27","","","","","",""
"698293","2005","MO","Missouri","Physical Activity","Exercise","During the past month, did you participate in any physical activities? (variable calculated from one or more BRFSS questions)","Yes","BRFSS","%","Crude Prevalence","74.6","","","72.7","76.5","3669","Overall","Overall","_TOTINDA","28","28","","","","","",""
"701349","2005","MT","Montana","Physical Activity","Exercise","During the past month, did you participate in any physical activities? (variable calculated from one or more BRFSS questions)","Yes","BRFSS","%","Crude Prevalence","77.6","","","76.0","79.2","3773","Overall","Overall","_TOTINDA","29","29","","","","","",""
"704010","2005","NE","Nebraska","Physical Activity","Exercise","During the past month, did you participate in any physical activities? (variable calculated from one or more BRFSS questions)","Yes","BRFSS","%","Crude Prevalence","76.2","","","74.9","77.5","6170","Overall","Overall","_TOTINDA","30","30","","","","","",""
"706079","2005","NV","Nevada","Physical Activity","Exercise","During the past month, did you participate in any physical activities? (variable calculated from one or more BRFSS questions)","Yes","BRFSS","%","Crude Prevalence","73.2","","","70.7","75.7","2411","Overall","Overall","_TOTINDA","31","31","","","","","",""
"708595","2005","NH","New Hampshire","Physical Activity","Exercise","During the past month, did you participate in any physical activities? (variable calculated from one or more BRFSS questions)","Yes","BRFSS","%","Crude Prevalence","78.4","","","77.2","79.6","4655","Overall","Overall","_TOTINDA","32","32","","","","","",""
"710878","2005","NJ","New Jersey","Physical Activity","Exercise","During the past month, did you participate in any physical activities? (variable calculated from one or more BRFSS questions)","Yes","BRFSS","%","Crude Prevalence","70.8","","","69.7","71.9","9679","Overall","Overall","_TOTINDA","33","33","","","","","",""
"713399","2005","NM","New Mexico","Physical Activity","Exercise","During the past month, did you participate in any physical activities? (variable calculated from one or more BRFSS questions)","Yes","BRFSS","%","Crude Prevalence","76.7","","","75.3","78.1","4124","Overall","Overall","_TOTINDA","34","34","","","","","",""
"716094","2005","NY","New York","Physical Activity","Exercise","During the past month, did you participate in any physical activities? (variable calculated from one or more BRFSS questions)","Yes","BRFSS","%","Crude Prevalence","72.9","","","71.6","74.2","5760","Overall","Overall","_TOTINDA","35","35","","","","","",""
"717319","2005","NC","North Carolina","Physical Activity","Exercise","During the past month, did you participate in any physical activities? (variable calculated from one or more BRFSS questions)","Yes","BRFSS","%","Crude Prevalence","74.4","","","73.5","75.3","12560","Overall","Overall","_TOTINDA","36","36","","","","","",""
"721036","2005","ND","North Dakota","Physical Activity","Exercise","During the past month, did you participate in any physical activities? (variable calculated from one or more BRFSS questions)","Yes","BRFSS","%","Crude Prevalence","76.9","","","75.4","78.4","2986","Overall","Overall","_TOTINDA","37","37","","","","","",""
"722807","2005","OH","Ohio","Physical Activity","Exercise","During the past month, did you participate in any physical activities? (variable calculated from one or more BRFSS questions)","Yes","BRFSS","%","Crude Prevalence","74.4","","","72.8","76.0","5337","Overall","Overall","_TOTINDA","38","38","","","","","",""
"724548","2005","OK","Oklahoma","Physical Activity","Exercise","During the past month, did you participate in any physical activities? (variable calculated from one or more BRFSS questions)","Yes","BRFSS","%","Crude Prevalence","69.4","","","68.0","70.8","8989","Overall","Overall","_TOTINDA","39","39","","","","","",""
"727440","2005","OR","Oregon","Physical Activity","Exercise","During the past month, did you participate in any physical activities? (variable calculated from one or more BRFSS questions)","Yes","BRFSS","%","Crude Prevalence","81.4","","","80.6","82.2","9680","Overall","Overall","_TOTINDA","40","40","","","","","",""
"729338","2005","PA","Pennsylvania","Physical Activity","Exercise","During the past month, did you participate in any physical activities? (variable calculated from one or more BRFSS questions)","Yes","BRFSS","%","Crude Prevalence","74.2","","","73.1","75.3","9520","Overall","Overall","_TOTINDA","41","41","","","","","",""
"735074","2005","RI","Rhode Island","Physical Activity","Exercise","During the past month, did you participate in any physical activities? (variable calculated from one or more BRFSS questions)","Yes","BRFSS","%","Crude Prevalence","74.1","","","72.4","75.8","2866","Overall","Overall","_TOTINDA","42","42","","","","","",""
"736753","2005","SC","South Carolina","Physical Activity","Exercise","During the past month, did you participate in any physical activities? (variable calculated from one or more BRFSS questions)","Yes","BRFSS","%","Crude Prevalence","73.7","","","72.5","74.9","6084","Overall","Overall","_TOTINDA","43","43","","","","","",""
"739541","2005","SD","South Dakota","Physical Activity","Exercise","During the past month, did you participate in any physical activities? (variable calculated from one or more BRFSS questions)","Yes","BRFSS","%","Crude Prevalence","77.5","","","76.3","78.7","5134","Overall","Overall","_TOTINDA","44","44","","","","","",""
"741218","2005","TN","Tennessee","Physical Activity","Exercise","During the past month, did you participate in any physical activities? (variable calculated from one or more BRFSS questions)","Yes","BRFSS","%","Crude Prevalence","66.9","","","64.9","68.9","3059","Overall","Overall","_TOTINDA","45","45","","","","","",""
"743874","2005","TX","Texas","Physical Activity","Exercise","During the past month, did you participate in any physical activities? (variable calculated from one or more BRFSS questions)","Yes","BRFSS","%","Crude Prevalence","72.6","","","71.2","74.0","4605","Overall","Overall","_TOTINDA","46","46","","","","","",""
"746569","2005","UT","Utah","Physical Activity","Exercise","During the past month, did you participate in any physical activities? (variable calculated from one or more BRFSS questions)","Yes","BRFSS","%","Crude Prevalence","81.5","","","80.2","82.8","4082","Overall","Overall","_TOTINDA","47","47","","","","","",""
"748280","2005","VT","Vermont","Physical Activity","Exercise","During the past month, did you participate in any physical activities? (variable calculated from one or more BRFSS questions)","Yes","BRFSS","%","Crude Prevalence","80.8","","","79.7","81.9","5353","Overall","Overall","_TOTINDA","48","48","","","","","",""
"753855","2005","VA","Virginia","Physical Activity","Exercise","During the past month, did you participate in any physical activities? (variable calculated from one or more BRFSS questions)","Yes","BRFSS","%","Crude Prevalence","78.7","","","77.3","80.1","4104","Overall","Overall","_TOTINDA","49","49","","","","","",""
"756151","2005","WA","Washington","Physical Activity","Exercise","During the past month, did you participate in any physical activities? (variable calculated from one or more BRFSS questions)","Yes","BRFSS","%","Crude Prevalence","82.6","","","81.9","83.3","18838","Overall","Overall","_TOTINDA","50","50","","","","","",""
"758492","2005","WV","West Virginia","Physical Activity","Exercise","During the past month, did you participate in any physical activities? (variable calculated from one or more BRFSS questions)","Yes","BRFSS","%","Crude Prevalence","71.5","","","69.8","73.2","2499","Overall","Overall","_TOTINDA","51","51","","","","","",""
"760292","2005","WI","Wisconsin","Physical Activity","Exercise","During the past month, did you participate in any physical activities? (variable calculated from one or more BRFSS questions)","Yes","BRFSS","%","Crude Prevalence","81.3","","","79.9","82.7","3802","Overall","Overall","_TOTINDA","52","52","","","","","",""
"762588","2005","WY","Wyoming","Physical Activity","Exercise","During the past month, did you participate in any physical activities? (variable calculated from one or more BRFSS questions)","Yes","BRFSS","%","Crude Prevalence","78.0","","","76.7","79.3","3817","Overall","Overall","_TOTINDA","53","53","","","","","",""
"732580","2005","PR","Puerto Rico","Physical Activity","Exercise","During the past month, did you participate in any physical activities? (variable calculated from one or more BRFSS questions)","Yes","BRFSS","%","Crude Prevalence","51.0","","","48.9","53.1","1820","Overall","Overall","_TOTINDA","60","60","","","","","",""
"750629","2005","VI","Virgin Islands","Physical Activity","Exercise","During the past month, did you participate in any physical activities? (variable calculated from one or more BRFSS questions)","Yes","BRFSS","%","Crude Prevalence","70.0","","","67.8","72.2","1703","Overall","Overall","_TOTINDA","62","62","","","","","",""
"","","","","","","","","","","","","","","","","","","","","","","Datasource","","Behavioral Risk Factor Surveillance System","http://www.cdc.gov/brfss","BRFSS","CDC"
"","","","","","","","","","","","","","","","","","","","","","","MeasureDefinitions","%","Percent","","",""
"","","","","","","","","","","","","","","","","","","","","","","MeasureDefinitions","CI","95% Confidence Interval","","",""
"","","","","","","","","","","","","","","","","","","","","","","MeasureDefinitions","n","“Sample Size”. Translates to the number of adult respondents who answered this question, or were assigned to this category based on question responses for a calculated variable, or the number of states included for a median.","","",""
"","","","","","","","","","","","","","","","","","","","","","","MeasureDefinitions","N/A","Translates to no data available for a record.","","",""
"","","","","","","","","","","","","","","","","","","","","","","MeasureDefinitions","No Data","Translates to no data available for record.","","",""
"","","","","","","","","","","","","","","","","","","","","","","SuggestedCitation","","Centers for Disease Control and Prevention, National Center for Chronic Disease Prevention and Health Promotion, Division of Population Health. BRFSS Prevalence & Trends Data [online]. 2015.","https://www.cdc.gov/brfss/brfssprevalence/","",""
"","","","","","","","","","","","","","","","","","","","","","","RelatedLinks","","Prevalence Data and Data Analysis Tools","/brfss/data_tools.htm","",""
"","","","","","","","","","","","","","","","","","","","","","","RelatedLinks","","Behavioral Risk Factor Surveillance System (BRFSS)","/brfss/index.html","",""
"","","","","","","","","","","","","","","","","","","","","","","RelatedLinks","","Division of Population Health","/nccdphp/dph/index.html","",""
"","","","","","","","","","","","","","","","","","","","","","","RelatedLinks","","Survey Data & Documentation","/brfss/data_documentation/index.htm","",""
