﻿"ID","Year","LocationAbbr","LocationDesc","Class","Topic","Indicator","Response","DataSource","Data_Value_Unit","Data_Value_Type","Data_Value","Data_Value_Footnote_Symbol","Data_Value_Footnote","Low_Confidence_Limit","High_Confidence_Limit","Sample_Size","Stratification","StratificationType","IndicatorId","LocationOrder","ParentStateDisplayOrder","FootnoteType","FootNoteSymbol","FootnoteText","URL","DatasourceAbbr","Agency"
"522684","2006","US","All States, DC and Territories (median) **","Physical Activity","Exercise","During the past month, did you participate in any physical activities? (variable calculated from one or more BRFSS questions)","Yes","BRFSS","%","Crude Prevalence","77.2","**","Median value reported with no confidence intervals","","","53","Overall","Overall","_TOTINDA","1","1","","","","","",""
"522329","2006","UW","All States and DC (median) **","Physical Activity","Exercise","During the past month, did you participate in any physical activities? (variable calculated from one or more BRFSS questions)","Yes","BRFSS","%","Crude Prevalence","77.4","**","Median value reported with no confidence intervals","","","51","Overall","Overall","_TOTINDA","2","2","","","","","",""
"518491","2006","AL","Alabama","Physical Activity","Exercise","During the past month, did you participate in any physical activities? (variable calculated from one or more BRFSS questions)","Yes","BRFSS","%","Crude Prevalence","70.8","","","68.7","72.9","2233","Overall","Overall","_TOTINDA","3","3","","","","","",""
"520234","2006","AK","Alaska","Physical Activity","Exercise","During the past month, did you participate in any physical activities? (variable calculated from one or more BRFSS questions)","Yes","BRFSS","%","Crude Prevalence","78.6","","","76.2","81.0","1613","Overall","Overall","_TOTINDA","4","4","","","","","",""
"522922","2006","AZ","Arizona","Physical Activity","Exercise","During the past month, did you participate in any physical activities? (variable calculated from one or more BRFSS questions)","Yes","BRFSS","%","Crude Prevalence","77.7","","","75.4","80.0","3582","Overall","Overall","_TOTINDA","5","5","","","","","",""
"525627","2006","AR","Arkansas","Physical Activity","Exercise","During the past month, did you participate in any physical activities? (variable calculated from one or more BRFSS questions)","Yes","BRFSS","%","Crude Prevalence","71.3","","","69.8","72.8","3856","Overall","Overall","_TOTINDA","6","6","","","","","",""
"527992","2006","CA","California","Physical Activity","Exercise","During the past month, did you participate in any physical activities? (variable calculated from one or more BRFSS questions)","Yes","BRFSS","%","Crude Prevalence","77.0","","","75.5","78.5","4485","Overall","Overall","_TOTINDA","7","7","","","","","",""
"530148","2006","CO","Colorado","Physical Activity","Exercise","During the past month, did you participate in any physical activities? (variable calculated from one or more BRFSS questions)","Yes","BRFSS","%","Crude Prevalence","82.6","","","81.4","83.8","5020","Overall","Overall","_TOTINDA","8","8","","","","","",""
"532089","2006","CT","Connecticut","Physical Activity","Exercise","During the past month, did you participate in any physical activities? (variable calculated from one or more BRFSS questions)","Yes","BRFSS","%","Crude Prevalence","80.2","","","79.1","81.3","6471","Overall","Overall","_TOTINDA","9","9","","","","","",""
"534233","2006","DE","Delaware","Physical Activity","Exercise","During the past month, did you participate in any physical activities? (variable calculated from one or more BRFSS questions)","Yes","BRFSS","%","Crude Prevalence","78.4","","","76.7","80.1","3011","Overall","Overall","_TOTINDA","10","10","","","","","",""
"536332","2006","DC","District of Columbia","Physical Activity","Exercise","During the past month, did you participate in any physical activities? (variable calculated from one or more BRFSS questions)","Yes","BRFSS","%","Crude Prevalence","77.9","","","76.2","79.6","3179","Overall","Overall","_TOTINDA","11","11","","","","","",""
"538828","2006","FL","Florida","Physical Activity","Exercise","During the past month, did you participate in any physical activities? (variable calculated from one or more BRFSS questions)","Yes","BRFSS","%","Crude Prevalence","74.9","","","73.7","76.1","7875","Overall","Overall","_TOTINDA","12","12","","","","","",""
"541198","2006","GA","Georgia","Physical Activity","Exercise","During the past month, did you participate in any physical activities? (variable calculated from one or more BRFSS questions)","Yes","BRFSS","%","Crude Prevalence","75.3","","","73.9","76.7","5573","Overall","Overall","_TOTINDA","13","13","","","","","",""
"544042","2006","HI","Hawaii","Physical Activity","Exercise","During the past month, did you participate in any physical activities? (variable calculated from one or more BRFSS questions)","Yes","BRFSS","%","Crude Prevalence","80.7","","","79.4","82.0","5350","Overall","Overall","_TOTINDA","14","14","","","","","",""
"545270","2006","ID","Idaho","Physical Activity","Exercise","During the past month, did you participate in any physical activities? (variable calculated from one or more BRFSS questions)","Yes","BRFSS","%","Crude Prevalence","79.2","","","77.8","80.6","4121","Overall","Overall","_TOTINDA","15","15","","","","","",""
"547549","2006","IL","Illinois","Physical Activity","Exercise","During the past month, did you participate in any physical activities? (variable calculated from one or more BRFSS questions)","Yes","BRFSS","%","Crude Prevalence","77.6","","","76.1","79.1","3965","Overall","Overall","_TOTINDA","16","16","","","","","",""
"550609","2006","IN","Indiana","Physical Activity","Exercise","During the past month, did you participate in any physical activities? (variable calculated from one or more BRFSS questions)","Yes","BRFSS","%","Crude Prevalence","74.7","","","73.4","76.0","4707","Overall","Overall","_TOTINDA","17","17","","","","","",""
"552549","2006","IA","Iowa","Physical Activity","Exercise","During the past month, did you participate in any physical activities? (variable calculated from one or more BRFSS questions)","Yes","BRFSS","%","Crude Prevalence","77.7","","","76.4","79.0","4101","Overall","Overall","_TOTINDA","18","18","","","","","",""
"554924","2006","KS","Kansas","Physical Activity","Exercise","During the past month, did you participate in any physical activities? (variable calculated from one or more BRFSS questions)","Yes","BRFSS","%","Crude Prevalence","77.4","","","76.3","78.5","6197","Overall","Overall","_TOTINDA","19","19","","","","","",""
"557225","2006","KY","Kentucky","Physical Activity","Exercise","During the past month, did you participate in any physical activities? (variable calculated from one or more BRFSS questions)","Yes","BRFSS","%","Crude Prevalence","69.6","","","67.9","71.3","3885","Overall","Overall","_TOTINDA","20","20","","","","","",""
"559178","2006","LA","Louisiana","Physical Activity","Exercise","During the past month, did you participate in any physical activities? (variable calculated from one or more BRFSS questions)","Yes","BRFSS","%","Crude Prevalence","69.0","","","67.6","70.4","4861","Overall","Overall","_TOTINDA","21","21","","","","","",""
"561291","2006","ME","Maine","Physical Activity","Exercise","During the past month, did you participate in any physical activities? (variable calculated from one or more BRFSS questions)","Yes","BRFSS","%","Crude Prevalence","79.1","","","77.6","80.6","3133","Overall","Overall","_TOTINDA","22","22","","","","","",""
"563491","2006","MD","Maryland","Physical Activity","Exercise","During the past month, did you participate in any physical activities? (variable calculated from one or more BRFSS questions)","Yes","BRFSS","%","Crude Prevalence","77.0","","","75.7","78.3","6714","Overall","Overall","_TOTINDA","23","23","","","","","",""
"566404","2006","MA","Massachusetts","Physical Activity","Exercise","During the past month, did you participate in any physical activities? (variable calculated from one or more BRFSS questions)","Yes","BRFSS","%","Crude Prevalence","78.9","","","77.8","80.0","9341","Overall","Overall","_TOTINDA","24","24","","","","","",""
"568990","2006","MI","Michigan","Physical Activity","Exercise","During the past month, did you participate in any physical activities? (variable calculated from one or more BRFSS questions)","Yes","BRFSS","%","Crude Prevalence","77.2","","","75.8","78.6","4237","Overall","Overall","_TOTINDA","25","25","","","","","",""
"571044","2006","MN","Minnesota","Physical Activity","Exercise","During the past month, did you participate in any physical activities? (variable calculated from one or more BRFSS questions)","Yes","BRFSS","%","Crude Prevalence","85.8","","","84.5","87.1","3590","Overall","Overall","_TOTINDA","26","26","","","","","",""
"572608","2006","MS","Mississippi","Physical Activity","Exercise","During the past month, did you participate in any physical activities? (variable calculated from one or more BRFSS questions)","Yes","BRFSS","%","Crude Prevalence","68.9","","","67.4","70.4","4014","Overall","Overall","_TOTINDA","27","27","","","","","",""
"575696","2006","MO","Missouri","Physical Activity","Exercise","During the past month, did you participate in any physical activities? (variable calculated from one or more BRFSS questions)","Yes","BRFSS","%","Crude Prevalence","76.8","","","75.1","78.5","3841","Overall","Overall","_TOTINDA","28","28","","","","","",""
"577312","2006","MT","Montana","Physical Activity","Exercise","During the past month, did you participate in any physical activities? (variable calculated from one or more BRFSS questions)","Yes","BRFSS","%","Crude Prevalence","80.6","","","79.4","81.8","4668","Overall","Overall","_TOTINDA","29","29","","","","","",""
"579515","2006","NE","Nebraska","Physical Activity","Exercise","During the past month, did you participate in any physical activities? (variable calculated from one or more BRFSS questions)","Yes","BRFSS","%","Crude Prevalence","79.0","","","77.8","80.2","6001","Overall","Overall","_TOTINDA","30","30","","","","","",""
"582468","2006","NV","Nevada","Physical Activity","Exercise","During the past month, did you participate in any physical activities? (variable calculated from one or more BRFSS questions)","Yes","BRFSS","%","Crude Prevalence","72.9","","","70.6","75.2","2685","Overall","Overall","_TOTINDA","31","31","","","","","",""
"584799","2006","NH","New Hampshire","Physical Activity","Exercise","During the past month, did you participate in any physical activities? (variable calculated from one or more BRFSS questions)","Yes","BRFSS","%","Crude Prevalence","80.4","","","79.2","81.6","4698","Overall","Overall","_TOTINDA","32","32","","","","","",""
"586504","2006","NJ","New Jersey","Physical Activity","Exercise","During the past month, did you participate in any physical activities? (variable calculated from one or more BRFSS questions)","Yes","BRFSS","%","Crude Prevalence","73.0","","","71.9","74.1","9685","Overall","Overall","_TOTINDA","33","33","","","","","",""
"588655","2006","NM","New Mexico","Physical Activity","Exercise","During the past month, did you participate in any physical activities? (variable calculated from one or more BRFSS questions)","Yes","BRFSS","%","Crude Prevalence","77.4","","","76.1","78.7","4956","Overall","Overall","_TOTINDA","34","34","","","","","",""
"591466","2006","NY","New York","Physical Activity","Exercise","During the past month, did you participate in any physical activities? (variable calculated from one or more BRFSS questions)","Yes","BRFSS","%","Crude Prevalence","74.0","","","72.5","75.5","4399","Overall","Overall","_TOTINDA","35","35","","","","","",""
"593969","2006","NC","North Carolina","Physical Activity","Exercise","During the past month, did you participate in any physical activities? (variable calculated from one or more BRFSS questions)","Yes","BRFSS","%","Crude Prevalence","76.2","","","75.3","77.1","11529","Overall","Overall","_TOTINDA","36","36","","","","","",""
"595677","2006","ND","North Dakota","Physical Activity","Exercise","During the past month, did you participate in any physical activities? (variable calculated from one or more BRFSS questions)","Yes","BRFSS","%","Crude Prevalence","78.0","","","76.5","79.5","3563","Overall","Overall","_TOTINDA","37","37","","","","","",""
"598180","2006","OH","Ohio","Physical Activity","Exercise","During the past month, did you participate in any physical activities? (variable calculated from one or more BRFSS questions)","Yes","BRFSS","%","Crude Prevalence","75.5","","","73.3","77.7","4134","Overall","Overall","_TOTINDA","38","38","","","","","",""
"600790","2006","OK","Oklahoma","Physical Activity","Exercise","During the past month, did you participate in any physical activities? (variable calculated from one or more BRFSS questions)","Yes","BRFSS","%","Crude Prevalence","70.2","","","68.9","71.5","4812","Overall","Overall","_TOTINDA","39","39","","","","","",""
"602343","2006","OR","Oregon","Physical Activity","Exercise","During the past month, did you participate in any physical activities? (variable calculated from one or more BRFSS questions)","Yes","BRFSS","%","Crude Prevalence","83.6","","","82.3","84.9","3987","Overall","Overall","_TOTINDA","40","40","","","","","",""
"604569","2006","PA","Pennsylvania","Physical Activity","Exercise","During the past month, did you participate in any physical activities? (variable calculated from one or more BRFSS questions)","Yes","BRFSS","%","Crude Prevalence","77.1","","","75.7","78.5","9368","Overall","Overall","_TOTINDA","41","41","","","","","",""
"609707","2006","RI","Rhode Island","Physical Activity","Exercise","During the past month, did you participate in any physical activities? (variable calculated from one or more BRFSS questions)","Yes","BRFSS","%","Crude Prevalence","75.3","","","73.7","76.9","3282","Overall","Overall","_TOTINDA","42","42","","","","","",""
"611321","2006","SC","South Carolina","Physical Activity","Exercise","During the past month, did you participate in any physical activities? (variable calculated from one or more BRFSS questions)","Yes","BRFSS","%","Crude Prevalence","75.7","","","74.5","76.9","6637","Overall","Overall","_TOTINDA","43","43","","","","","",""
"613284","2006","SD","South Dakota","Physical Activity","Exercise","During the past month, did you participate in any physical activities? (variable calculated from one or more BRFSS questions)","Yes","BRFSS","%","Crude Prevalence","76.0","","","74.5","77.5","4896","Overall","Overall","_TOTINDA","44","44","","","","","",""
"616477","2006","TN","Tennessee","Physical Activity","Exercise","During the past month, did you participate in any physical activities? (variable calculated from one or more BRFSS questions)","Yes","BRFSS","%","Crude Prevalence","71.2","","","69.4","73.0","2948","Overall","Overall","_TOTINDA","45","45","","","","","",""
"618821","2006","TX","Texas","Physical Activity","Exercise","During the past month, did you participate in any physical activities? (variable calculated from one or more BRFSS questions)","Yes","BRFSS","%","Crude Prevalence","71.6","","","69.6","73.6","4700","Overall","Overall","_TOTINDA","46","46","","","","","",""
"620333","2006","UT","Utah","Physical Activity","Exercise","During the past month, did you participate in any physical activities? (variable calculated from one or more BRFSS questions)","Yes","BRFSS","%","Crude Prevalence","80.6","","","79.1","82.1","4091","Overall","Overall","_TOTINDA","47","47","","","","","",""
"622273","2006","VT","Vermont","Physical Activity","Exercise","During the past month, did you participate in any physical activities? (variable calculated from one or more BRFSS questions)","Yes","BRFSS","%","Crude Prevalence","82.1","","","81.1","83.1","5600","Overall","Overall","_TOTINDA","48","48","","","","","",""
"627192","2006","VA","Virginia","Physical Activity","Exercise","During the past month, did you participate in any physical activities? (variable calculated from one or more BRFSS questions)","Yes","BRFSS","%","Crude Prevalence","78.3","","","76.5","80.1","4093","Overall","Overall","_TOTINDA","49","49","","","","","",""
"630052","2006","WA","Washington","Physical Activity","Exercise","During the past month, did you participate in any physical activities? (variable calculated from one or more BRFSS questions)","Yes","BRFSS","%","Crude Prevalence","82.7","","","82.0","83.4","19059","Overall","Overall","_TOTINDA","50","50","","","","","",""
"632494","2006","WV","West Virginia","Physical Activity","Exercise","During the past month, did you participate in any physical activities? (variable calculated from one or more BRFSS questions)","Yes","BRFSS","%","Crude Prevalence","74.4","","","72.7","76.1","2740","Overall","Overall","_TOTINDA","51","51","","","","","",""
"634915","2006","WI","Wisconsin","Physical Activity","Exercise","During the past month, did you participate in any physical activities? (variable calculated from one or more BRFSS questions)","Yes","BRFSS","%","Crude Prevalence","80.7","","","79.2","82.2","3765","Overall","Overall","_TOTINDA","52","52","","","","","",""
"636596","2006","WY","Wyoming","Physical Activity","Exercise","During the past month, did you participate in any physical activities? (variable calculated from one or more BRFSS questions)","Yes","BRFSS","%","Crude Prevalence","78.1","","","76.8","79.4","3795","Overall","Overall","_TOTINDA","53","53","","","","","",""
"607754","2006","PR","Puerto Rico","Physical Activity","Exercise","During the past month, did you participate in any physical activities? (variable calculated from one or more BRFSS questions)","Yes","BRFSS","%","Crude Prevalence","58.8","","","57.1","60.5","2624","Overall","Overall","_TOTINDA","60","60","","","","","",""
"625663","2006","VI","Virgin Islands","Physical Activity","Exercise","During the past month, did you participate in any physical activities? (variable calculated from one or more BRFSS questions)","Yes","BRFSS","%","Crude Prevalence","70.8","","","68.9","72.7","2298","Overall","Overall","_TOTINDA","62","62","","","","","",""
"","","","","","","","","","","","","","","","","","","","","","","Datasource","","Behavioral Risk Factor Surveillance System","http://www.cdc.gov/brfss","BRFSS","CDC"
"","","","","","","","","","","","","","","","","","","","","","","MeasureDefinitions","%","Percent","","",""
"","","","","","","","","","","","","","","","","","","","","","","MeasureDefinitions","CI","95% Confidence Interval","","",""
"","","","","","","","","","","","","","","","","","","","","","","MeasureDefinitions","n","“Sample Size”. Translates to the number of adult respondents who answered this question, or were assigned to this category based on question responses for a calculated variable, or the number of states included for a median.","","",""
"","","","","","","","","","","","","","","","","","","","","","","MeasureDefinitions","N/A","Translates to no data available for a record.","","",""
"","","","","","","","","","","","","","","","","","","","","","","MeasureDefinitions","No Data","Translates to no data available for record.","","",""
"","","","","","","","","","","","","","","","","","","","","","","SuggestedCitation","","Centers for Disease Control and Prevention, National Center for Chronic Disease Prevention and Health Promotion, Division of Population Health. BRFSS Prevalence & Trends Data [online]. 2015.","https://www.cdc.gov/brfss/brfssprevalence/","",""
"","","","","","","","","","","","","","","","","","","","","","","RelatedLinks","","Prevalence Data and Data Analysis Tools","/brfss/data_tools.htm","",""
"","","","","","","","","","","","","","","","","","","","","","","RelatedLinks","","Behavioral Risk Factor Surveillance System (BRFSS)","/brfss/index.html","",""
"","","","","","","","","","","","","","","","","","","","","","","RelatedLinks","","Division of Population Health","/nccdphp/dph/index.html","",""
"","","","","","","","","","","","","","","","","","","","","","","RelatedLinks","","Survey Data & Documentation","/brfss/data_documentation/index.htm","",""
