﻿"ID","Year","LocationAbbr","LocationDesc","Class","Topic","Indicator","Response","DataSource","Data_Value_Unit","Data_Value_Type","Data_Value","Data_Value_Footnote_Symbol","Data_Value_Footnote","Low_Confidence_Limit","High_Confidence_Limit","Sample_Size","Stratification","StratificationType","IndicatorId","LocationOrder","ParentStateDisplayOrder","FootnoteType","FootNoteSymbol","FootnoteText","URL","DatasourceAbbr","Agency"
"393632","2007","US","All States, DC and Territories (median) **","Physical Activity","Exercise","During the past month, did you participate in any physical activities? (variable calculated from one or more BRFSS questions)","Yes","BRFSS","%","Crude Prevalence","77.0","**","Median value reported with no confidence intervals","","","54","Overall","Overall","_TOTINDA","1","1","","","","","",""
"393986","2007","UW","All States and DC (median) **","Physical Activity","Exercise","During the past month, did you participate in any physical activities? (variable calculated from one or more BRFSS questions)","Yes","BRFSS","%","Crude Prevalence","77.4","**","Median value reported with no confidence intervals","","","51","Overall","Overall","_TOTINDA","2","2","","","","","",""
"389423","2007","AL","Alabama","Physical Activity","Exercise","During the past month, did you participate in any physical activities? (variable calculated from one or more BRFSS questions)","Yes","BRFSS","%","Crude Prevalence","70.2","","","68.6","71.8","4781","Overall","Overall","_TOTINDA","3","3","","","","","",""
"391743","2007","AK","Alaska","Physical Activity","Exercise","During the past month, did you participate in any physical activities? (variable calculated from one or more BRFSS questions)","Yes","BRFSS","%","Crude Prevalence","80.0","","","77.6","82.4","1983","Overall","Overall","_TOTINDA","4","4","","","","","",""
"394219","2007","AZ","Arizona","Physical Activity","Exercise","During the past month, did you participate in any physical activities? (variable calculated from one or more BRFSS questions)","Yes","BRFSS","%","Crude Prevalence","77.6","","","75.2","80.0","3501","Overall","Overall","_TOTINDA","5","5","","","","","",""
"396761","2007","AR","Arkansas","Physical Activity","Exercise","During the past month, did you participate in any physical activities? (variable calculated from one or more BRFSS questions)","Yes","BRFSS","%","Crude Prevalence","71.9","","","70.3","73.5","3916","Overall","Overall","_TOTINDA","6","6","","","","","",""
"399024","2007","CA","California","Physical Activity","Exercise","During the past month, did you participate in any physical activities? (variable calculated from one or more BRFSS questions)","Yes","BRFSS","%","Crude Prevalence","76.9","","","75.3","78.5","4450","Overall","Overall","_TOTINDA","7","7","","","","","",""
"401911","2007","CO","Colorado","Physical Activity","Exercise","During the past month, did you participate in any physical activities? (variable calculated from one or more BRFSS questions)","Yes","BRFSS","%","Crude Prevalence","82.7","","","81.7","83.7","9782","Overall","Overall","_TOTINDA","8","8","","","","","",""
"404142","2007","CT","Connecticut","Physical Activity","Exercise","During the past month, did you participate in any physical activities? (variable calculated from one or more BRFSS questions)","Yes","BRFSS","%","Crude Prevalence","80.3","","","79.1","81.5","5764","Overall","Overall","_TOTINDA","9","9","","","","","",""
"406201","2007","DE","Delaware","Physical Activity","Exercise","During the past month, did you participate in any physical activities? (variable calculated from one or more BRFSS questions)","Yes","BRFSS","%","Crude Prevalence","77.9","","","76.1","79.7","2979","Overall","Overall","_TOTINDA","10","10","","","","","",""
"408477","2007","DC","District of Columbia","Physical Activity","Exercise","During the past month, did you participate in any physical activities? (variable calculated from one or more BRFSS questions)","Yes","BRFSS","%","Crude Prevalence","78.7","","","76.9","80.5","3177","Overall","Overall","_TOTINDA","11","11","","","","","",""
"410725","2007","FL","Florida","Physical Activity","Exercise","During the past month, did you participate in any physical activities? (variable calculated from one or more BRFSS questions)","Yes","BRFSS","%","Crude Prevalence","74.6","","","73.6","75.6","27932","Overall","Overall","_TOTINDA","12","12","","","","","",""
"413916","2007","GA","Georgia","Physical Activity","Exercise","During the past month, did you participate in any physical activities? (variable calculated from one or more BRFSS questions)","Yes","BRFSS","%","Crude Prevalence","75.3","","","73.9","76.7","5526","Overall","Overall","_TOTINDA","13","13","","","","","",""
"417683","2007","HI","Hawaii","Physical Activity","Exercise","During the past month, did you participate in any physical activities? (variable calculated from one or more BRFSS questions)","Yes","BRFSS","%","Crude Prevalence","82.0","","","80.6","83.4","5454","Overall","Overall","_TOTINDA","14","14","","","","","",""
"420206","2007","ID","Idaho","Physical Activity","Exercise","During the past month, did you participate in any physical activities? (variable calculated from one or more BRFSS questions)","Yes","BRFSS","%","Crude Prevalence","80.4","","","79.0","81.8","4109","Overall","Overall","_TOTINDA","15","15","","","","","",""
"422899","2007","IL","Illinois","Physical Activity","Exercise","During the past month, did you participate in any physical activities? (variable calculated from one or more BRFSS questions)","Yes","BRFSS","%","Crude Prevalence","77.0","","","75.4","78.6","3954","Overall","Overall","_TOTINDA","16","16","","","","","",""
"425682","2007","IN","Indiana","Physical Activity","Exercise","During the past month, did you participate in any physical activities? (variable calculated from one or more BRFSS questions)","Yes","BRFSS","%","Crude Prevalence","75.8","","","74.4","77.2","4226","Overall","Overall","_TOTINDA","17","17","","","","","",""
"427757","2007","IA","Iowa","Physical Activity","Exercise","During the past month, did you participate in any physical activities? (variable calculated from one or more BRFSS questions)","Yes","BRFSS","%","Crude Prevalence","77.9","","","76.5","79.3","4099","Overall","Overall","_TOTINDA","18","18","","","","","",""
"429335","2007","KS","Kansas","Physical Activity","Exercise","During the past month, did you participate in any physical activities? (variable calculated from one or more BRFSS questions)","Yes","BRFSS","%","Crude Prevalence","77.0","","","75.8","78.2","6272","Overall","Overall","_TOTINDA","19","19","","","","","",""
"432803","2007","KY","Kentucky","Physical Activity","Exercise","During the past month, did you participate in any physical activities? (variable calculated from one or more BRFSS questions)","Yes","BRFSS","%","Crude Prevalence","69.7","","","68.1","71.3","4294","Overall","Overall","_TOTINDA","20","20","","","","","",""
"434831","2007","LA","Louisiana","Physical Activity","Exercise","During the past month, did you participate in any physical activities? (variable calculated from one or more BRFSS questions)","Yes","BRFSS","%","Crude Prevalence","70.0","","","68.6","71.4","4494","Overall","Overall","_TOTINDA","21","21","","","","","",""
"437672","2007","ME","Maine","Physical Activity","Exercise","During the past month, did you participate in any physical activities? (variable calculated from one or more BRFSS questions)","Yes","BRFSS","%","Crude Prevalence","79.7","","","78.5","80.9","5333","Overall","Overall","_TOTINDA","22","22","","","","","",""
"439306","2007","MD","Maryland","Physical Activity","Exercise","During the past month, did you participate in any physical activities? (variable calculated from one or more BRFSS questions)","Yes","BRFSS","%","Crude Prevalence","77.0","","","75.6","78.4","6661","Overall","Overall","_TOTINDA","23","23","","","","","",""
"442093","2007","MA","Massachusetts","Physical Activity","Exercise","During the past month, did you participate in any physical activities? (variable calculated from one or more BRFSS questions)","Yes","BRFSS","%","Crude Prevalence","78.9","","","78.1","79.7","15959","Overall","Overall","_TOTINDA","24","24","","","","","",""
"444844","2007","MI","Michigan","Physical Activity","Exercise","During the past month, did you participate in any physical activities? (variable calculated from one or more BRFSS questions)","Yes","BRFSS","%","Crude Prevalence","79.2","","","78.0","80.4","5684","Overall","Overall","_TOTINDA","25","25","","","","","",""
"446610","2007","MN","Minnesota","Physical Activity","Exercise","During the past month, did you participate in any physical activities? (variable calculated from one or more BRFSS questions)","Yes","BRFSS","%","Crude Prevalence","83.3","","","81.7","84.9","3891","Overall","Overall","_TOTINDA","26","26","","","","","",""
"449191","2007","MS","Mississippi","Physical Activity","Exercise","During the past month, did you participate in any physical activities? (variable calculated from one or more BRFSS questions)","Yes","BRFSS","%","Crude Prevalence","68.2","","","66.8","69.6","5054","Overall","Overall","_TOTINDA","27","27","","","","","",""
"452084","2007","MO","Missouri","Physical Activity","Exercise","During the past month, did you participate in any physical activities? (variable calculated from one or more BRFSS questions)","Yes","BRFSS","%","Crude Prevalence","74.5","","","72.7","76.3","3706","Overall","Overall","_TOTINDA","28","28","","","","","",""
"454140","2007","MT","Montana","Physical Activity","Exercise","During the past month, did you participate in any physical activities? (variable calculated from one or more BRFSS questions)","Yes","BRFSS","%","Crude Prevalence","80.4","","","79.0","81.8","4618","Overall","Overall","_TOTINDA","29","29","","","","","",""
"456857","2007","NE","Nebraska","Physical Activity","Exercise","During the past month, did you participate in any physical activities? (variable calculated from one or more BRFSS questions)","Yes","BRFSS","%","Crude Prevalence","77.8","","","76.4","79.2","7958","Overall","Overall","_TOTINDA","30","30","","","","","",""
"458279","2007","NV","Nevada","Physical Activity","Exercise","During the past month, did you participate in any physical activities? (variable calculated from one or more BRFSS questions)","Yes","BRFSS","%","Crude Prevalence","75.6","","","73.4","77.8","3149","Overall","Overall","_TOTINDA","31","31","","","","","",""
"460928","2007","NH","New Hampshire","Physical Activity","Exercise","During the past month, did you participate in any physical activities? (variable calculated from one or more BRFSS questions)","Yes","BRFSS","%","Crude Prevalence","80.9","","","79.7","82.1","4701","Overall","Overall","_TOTINDA","32","32","","","","","",""
"463935","2007","NJ","New Jersey","Physical Activity","Exercise","During the past month, did you participate in any physical activities? (variable calculated from one or more BRFSS questions)","Yes","BRFSS","%","Crude Prevalence","73.9","","","72.3","75.5","5252","Overall","Overall","_TOTINDA","33","33","","","","","",""
"465907","2007","NM","New Mexico","Physical Activity","Exercise","During the past month, did you participate in any physical activities? (variable calculated from one or more BRFSS questions)","Yes","BRFSS","%","Crude Prevalence","78.3","","","76.9","79.7","5038","Overall","Overall","_TOTINDA","34","34","","","","","",""
"468597","2007","NY","New York","Physical Activity","Exercise","During the past month, did you participate in any physical activities? (variable calculated from one or more BRFSS questions)","Yes","BRFSS","%","Crude Prevalence","75.6","","","74.2","77.0","4872","Overall","Overall","_TOTINDA","35","35","","","","","",""
"470286","2007","NC","North Carolina","Physical Activity","Exercise","During the past month, did you participate in any physical activities? (variable calculated from one or more BRFSS questions)","Yes","BRFSS","%","Crude Prevalence","75.7","","","74.7","76.7","10751","Overall","Overall","_TOTINDA","36","36","","","","","",""
"472369","2007","ND","North Dakota","Physical Activity","Exercise","During the past month, did you participate in any physical activities? (variable calculated from one or more BRFSS questions)","Yes","BRFSS","%","Crude Prevalence","77.5","","","75.9","79.1","3501","Overall","Overall","_TOTINDA","37","37","","","","","",""
"475244","2007","OH","Ohio","Physical Activity","Exercise","During the past month, did you participate in any physical activities? (variable calculated from one or more BRFSS questions)","Yes","BRFSS","%","Crude Prevalence","75.7","","","74.5","76.9","8114","Overall","Overall","_TOTINDA","38","38","","","","","",""
"477300","2007","OK","Oklahoma","Physical Activity","Exercise","During the past month, did you participate in any physical activities? (variable calculated from one or more BRFSS questions)","Yes","BRFSS","%","Crude Prevalence","70.4","","","69.0","71.8","5015","Overall","Overall","_TOTINDA","39","39","","","","","",""
"480263","2007","OR","Oregon","Physical Activity","Exercise","During the past month, did you participate in any physical activities? (variable calculated from one or more BRFSS questions)","Yes","BRFSS","%","Crude Prevalence","82.7","","","81.3","84.1","4013","Overall","Overall","_TOTINDA","40","40","","","","","",""
"483082","2007","PA","Pennsylvania","Physical Activity","Exercise","During the past month, did you participate in any physical activities? (variable calculated from one or more BRFSS questions)","Yes","BRFSS","%","Crude Prevalence","76.6","","","75.4","77.8","9423","Overall","Overall","_TOTINDA","41","41","","","","","",""
"487428","2007","RI","Rhode Island","Physical Activity","Exercise","During the past month, did you participate in any physical activities? (variable calculated from one or more BRFSS questions)","Yes","BRFSS","%","Crude Prevalence","76.6","","","74.8","78.4","3301","Overall","Overall","_TOTINDA","42","42","","","","","",""
"489546","2007","SC","South Carolina","Physical Activity","Exercise","During the past month, did you participate in any physical activities? (variable calculated from one or more BRFSS questions)","Yes","BRFSS","%","Crude Prevalence","75.2","","","74.0","76.4","7624","Overall","Overall","_TOTINDA","43","43","","","","","",""
"492033","2007","SD","South Dakota","Physical Activity","Exercise","During the past month, did you participate in any physical activities? (variable calculated from one or more BRFSS questions)","Yes","BRFSS","%","Crude Prevalence","77.4","","","76.0","78.8","4998","Overall","Overall","_TOTINDA","44","44","","","","","",""
"494736","2007","TN","Tennessee","Physical Activity","Exercise","During the past month, did you participate in any physical activities? (variable calculated from one or more BRFSS questions)","Yes","BRFSS","%","Crude Prevalence","68.5","","","66.5","70.5","3221","Overall","Overall","_TOTINDA","45","45","","","","","",""
"496740","2007","TX","Texas","Physical Activity","Exercise","During the past month, did you participate in any physical activities? (variable calculated from one or more BRFSS questions)","Yes","BRFSS","%","Crude Prevalence","71.7","","","70.7","72.7","11972","Overall","Overall","_TOTINDA","46","46","","","","","",""
"499500","2007","UT","Utah","Physical Activity","Exercise","During the past month, did you participate in any physical activities? (variable calculated from one or more BRFSS questions)","Yes","BRFSS","%","Crude Prevalence","80.5","","","78.9","82.1","3967","Overall","Overall","_TOTINDA","47","47","","","","","",""
"501235","2007","VT","Vermont","Physical Activity","Exercise","During the past month, did you participate in any physical activities? (variable calculated from one or more BRFSS questions)","Yes","BRFSS","%","Crude Prevalence","81.7","","","80.5","82.9","5516","Overall","Overall","_TOTINDA","48","48","","","","","",""
"506197","2007","VA","Virginia","Physical Activity","Exercise","During the past month, did you participate in any physical activities? (variable calculated from one or more BRFSS questions)","Yes","BRFSS","%","Crude Prevalence","78.4","","","76.8","80.0","4635","Overall","Overall","_TOTINDA","49","49","","","","","",""
"508580","2007","WA","Washington","Physical Activity","Exercise","During the past month, did you participate in any physical activities? (variable calculated from one or more BRFSS questions)","Yes","BRFSS","%","Crude Prevalence","82.4","","","81.8","83.0","20769","Overall","Overall","_TOTINDA","50","50","","","","","",""
"510832","2007","WV","West Virginia","Physical Activity","Exercise","During the past month, did you participate in any physical activities? (variable calculated from one or more BRFSS questions)","Yes","BRFSS","%","Crude Prevalence","71.8","","","70.2","73.4","3093","Overall","Overall","_TOTINDA","51","51","","","","","",""
"513918","2007","WI","Wisconsin","Physical Activity","Exercise","During the past month, did you participate in any physical activities? (variable calculated from one or more BRFSS questions)","Yes","BRFSS","%","Crude Prevalence","80.6","","","79.2","82.0","5668","Overall","Overall","_TOTINDA","52","52","","","","","",""
"516158","2007","WY","Wyoming","Physical Activity","Exercise","During the past month, did you participate in any physical activities? (variable calculated from one or more BRFSS questions)","Yes","BRFSS","%","Crude Prevalence","78.3","","","76.9","79.7","4729","Overall","Overall","_TOTINDA","53","53","","","","","",""
"415319","2007","GU","Guam","Physical Activity","Exercise","During the past month, did you participate in any physical activities? (variable calculated from one or more BRFSS questions)","Yes","BRFSS","%","Crude Prevalence","68.4","","","64.1","72.7","438","Overall","Overall","_TOTINDA","56","56","","","","","",""
"484852","2007","PR","Puerto Rico","Physical Activity","Exercise","During the past month, did you participate in any physical activities? (variable calculated from one or more BRFSS questions)","Yes","BRFSS","%","Crude Prevalence","56.3","","","54.3","58.3","2070","Overall","Overall","_TOTINDA","60","60","","","","","",""
"503668","2007","VI","Virgin Islands","Physical Activity","Exercise","During the past month, did you participate in any physical activities? (variable calculated from one or more BRFSS questions)","Yes","BRFSS","%","Crude Prevalence","69.6","","","67.4","71.8","1766","Overall","Overall","_TOTINDA","62","62","","","","","",""
"","","","","","","","","","","","","","","","","","","","","","","Datasource","","Behavioral Risk Factor Surveillance System","http://www.cdc.gov/brfss","BRFSS","CDC"
"","","","","","","","","","","","","","","","","","","","","","","MeasureDefinitions","%","Percent","","",""
"","","","","","","","","","","","","","","","","","","","","","","MeasureDefinitions","CI","95% Confidence Interval","","",""
"","","","","","","","","","","","","","","","","","","","","","","MeasureDefinitions","n","“Sample Size”. Translates to the number of adult respondents who answered this question, or were assigned to this category based on question responses for a calculated variable, or the number of states included for a median.","","",""
"","","","","","","","","","","","","","","","","","","","","","","MeasureDefinitions","N/A","Translates to no data available for a record.","","",""
"","","","","","","","","","","","","","","","","","","","","","","MeasureDefinitions","No Data","Translates to no data available for record.","","",""
"","","","","","","","","","","","","","","","","","","","","","","SuggestedCitation","","Centers for Disease Control and Prevention, National Center for Chronic Disease Prevention and Health Promotion, Division of Population Health. BRFSS Prevalence & Trends Data [online]. 2015.","https://www.cdc.gov/brfss/brfssprevalence/","",""
"","","","","","","","","","","","","","","","","","","","","","","RelatedLinks","","Prevalence Data and Data Analysis Tools","/brfss/data_tools.htm","",""
"","","","","","","","","","","","","","","","","","","","","","","RelatedLinks","","Behavioral Risk Factor Surveillance System (BRFSS)","/brfss/index.html","",""
"","","","","","","","","","","","","","","","","","","","","","","RelatedLinks","","Division of Population Health","/nccdphp/dph/index.html","",""
"","","","","","","","","","","","","","","","","","","","","","","RelatedLinks","","Survey Data & Documentation","/brfss/data_documentation/index.htm","",""
