﻿"ID","Year","LocationAbbr","LocationDesc","Class","Topic","Indicator","Response","DataSource","Data_Value_Unit","Data_Value_Type","Data_Value","Data_Value_Footnote_Symbol","Data_Value_Footnote","Low_Confidence_Limit","High_Confidence_Limit","Sample_Size","Stratification","StratificationType","IndicatorId","LocationOrder","ParentStateDisplayOrder","FootnoteType","FootNoteSymbol","FootnoteText","URL","DatasourceAbbr","Agency"
"5246","2010","US","All States, DC and Territories (median) **","Physical Activity","Exercise","During the past month, did you participate in any physical activities? (variable calculated from one or more BRFSS questions)","Yes","BRFSS","%","Crude Prevalence","76.0","**","Median value reported with no confidence intervals","","","54","Overall","Overall","_TOTINDA","1","1","","","","","",""
"4966","2010","UW","All States and DC (median) **","Physical Activity","Exercise","During the past month, did you participate in any physical activities? (variable calculated from one or more BRFSS questions)","Yes","BRFSS","%","Crude Prevalence","76.1","**","Median value reported with no confidence intervals","","","51","Overall","Overall","_TOTINDA","2","2","","","","","",""
"757","2010","AL","Alabama","Physical Activity","Exercise","During the past month, did you participate in any physical activities? (variable calculated from one or more BRFSS questions)","Yes","BRFSS","%","Crude Prevalence","68.9","","","67.4","70.4","5005","Overall","Overall","_TOTINDA","3","3","","","","","",""
"2875","2010","AK","Alaska","Physical Activity","Exercise","During the past month, did you participate in any physical activities? (variable calculated from one or more BRFSS questions)","Yes","BRFSS","%","Crude Prevalence","78.0","","","75.1","81.0","1473","Overall","Overall","_TOTINDA","4","4","","","","","",""
"6020","2010","AZ","Arizona","Physical Activity","Exercise","During the past month, did you participate in any physical activities? (variable calculated from one or more BRFSS questions)","Yes","BRFSS","%","Crude Prevalence","79.2","","","77.3","81.1","4251","Overall","Overall","_TOTINDA","5","5","","","","","",""
"8007","2010","AR","Arkansas","Physical Activity","Exercise","During the past month, did you participate in any physical activities? (variable calculated from one or more BRFSS questions)","Yes","BRFSS","%","Crude Prevalence","70.2","","","68.0","72.5","2649","Overall","Overall","_TOTINDA","6","6","","","","","",""
"10781","2010","CA","California","Physical Activity","Exercise","During the past month, did you participate in any physical activities? (variable calculated from one or more BRFSS questions)","Yes","BRFSS","%","Crude Prevalence","79.6","","","78.8","80.4","14057","Overall","Overall","_TOTINDA","7","7","","","","","",""
"12751","2010","CO","Colorado","Physical Activity","Exercise","During the past month, did you participate in any physical activities? (variable calculated from one or more BRFSS questions)","Yes","BRFSS","%","Crude Prevalence","81.8","","","80.7","82.9","9277","Overall","Overall","_TOTINDA","8","8","","","","","",""
"15322","2010","CT","Connecticut","Physical Activity","Exercise","During the past month, did you participate in any physical activities? (variable calculated from one or more BRFSS questions)","Yes","BRFSS","%","Crude Prevalence","79.3","","","77.9","80.7","5055","Overall","Overall","_TOTINDA","9","9","","","","","",""
"17605","2010","DE","Delaware","Physical Activity","Exercise","During the past month, did you participate in any physical activities? (variable calculated from one or more BRFSS questions)","Yes","BRFSS","%","Crude Prevalence","76.1","","","74.3","77.8","3084","Overall","Overall","_TOTINDA","10","10","","","","","",""
"20095","2010","DC","District of Columbia","Physical Activity","Exercise","During the past month, did you participate in any physical activities? (variable calculated from one or more BRFSS questions)","Yes","BRFSS","%","Crude Prevalence","80.0","","","78.3","81.7","3165","Overall","Overall","_TOTINDA","11","11","","","","","",""
"22381","2010","FL","Florida","Physical Activity","Exercise","During the past month, did you participate in any physical activities? (variable calculated from one or more BRFSS questions)","Yes","BRFSS","%","Crude Prevalence","76.0","","","74.9","77.0","24750","Overall","Overall","_TOTINDA","12","12","","","","","",""
"24693","2010","GA","Georgia","Physical Activity","Exercise","During the past month, did you participate in any physical activities? (variable calculated from one or more BRFSS questions)","Yes","BRFSS","%","Crude Prevalence","74.9","","","73.3","76.5","4071","Overall","Overall","_TOTINDA","13","13","","","","","",""
"29720","2010","HI","Hawaii","Physical Activity","Exercise","During the past month, did you participate in any physical activities? (variable calculated from one or more BRFSS questions)","Yes","BRFSS","%","Crude Prevalence","80.8","","","79.4","82.2","5304","Overall","Overall","_TOTINDA","14","14","","","","","",""
"32632","2010","ID","Idaho","Physical Activity","Exercise","During the past month, did you participate in any physical activities? (variable calculated from one or more BRFSS questions)","Yes","BRFSS","%","Crude Prevalence","80.0","","","78.7","81.3","5322","Overall","Overall","_TOTINDA","15","15","","","","","",""
"34592","2010","IL","Illinois","Physical Activity","Exercise","During the past month, did you participate in any physical activities? (variable calculated from one or more BRFSS questions)","Yes","BRFSS","%","Crude Prevalence","74.3","","","72.6","76.0","3730","Overall","Overall","_TOTINDA","16","16","","","","","",""
"37628","2010","IN","Indiana","Physical Activity","Exercise","During the past month, did you participate in any physical activities? (variable calculated from one or more BRFSS questions)","Yes","BRFSS","%","Crude Prevalence","73.5","","","72.2","74.9","7071","Overall","Overall","_TOTINDA","17","17","","","","","",""
"39461","2010","IA","Iowa","Physical Activity","Exercise","During the past month, did you participate in any physical activities? (variable calculated from one or more BRFSS questions)","Yes","BRFSS","%","Crude Prevalence","75.2","","","73.7","76.7","4405","Overall","Overall","_TOTINDA","18","18","","","","","",""
"42322","2010","KS","Kansas","Physical Activity","Exercise","During the past month, did you participate in any physical activities? (variable calculated from one or more BRFSS questions)","Yes","BRFSS","%","Crude Prevalence","76.0","","","74.8","77.2","6211","Overall","Overall","_TOTINDA","19","19","","","","","",""
"44187","2010","KY","Kentucky","Physical Activity","Exercise","During the past month, did you participate in any physical activities? (variable calculated from one or more BRFSS questions)","Yes","BRFSS","%","Crude Prevalence","70.7","","","69.1","72.3","5163","Overall","Overall","_TOTINDA","20","20","","","","","",""
"47058","2010","LA","Louisiana","Physical Activity","Exercise","During the past month, did you participate in any physical activities? (variable calculated from one or more BRFSS questions)","Yes","BRFSS","%","Crude Prevalence","69.9","","","68.4","71.5","4771","Overall","Overall","_TOTINDA","21","21","","","","","",""
"49910","2010","ME","Maine","Physical Activity","Exercise","During the past month, did you participate in any physical activities? (variable calculated from one or more BRFSS questions)","Yes","BRFSS","%","Crude Prevalence","77.5","","","76.3","78.8","6150","Overall","Overall","_TOTINDA","22","22","","","","","",""
"51740","2010","MD","Maryland","Physical Activity","Exercise","During the past month, did you participate in any physical activities? (variable calculated from one or more BRFSS questions)","Yes","BRFSS","%","Crude Prevalence","76.9","","","75.6","78.2","6715","Overall","Overall","_TOTINDA","23","23","","","","","",""
"54759","2010","MA","Massachusetts","Physical Activity","Exercise","During the past month, did you participate in any physical activities? (variable calculated from one or more BRFSS questions)","Yes","BRFSS","%","Crude Prevalence","79.4","","","78.4","80.4","12091","Overall","Overall","_TOTINDA","24","24","","","","","",""
"56935","2010","MI","Michigan","Physical Activity","Exercise","During the past month, did you participate in any physical activities? (variable calculated from one or more BRFSS questions)","Yes","BRFSS","%","Crude Prevalence","76.4","","","75.1","77.6","6405","Overall","Overall","_TOTINDA","25","25","","","","","",""
"59494","2010","MN","Minnesota","Physical Activity","Exercise","During the past month, did you participate in any physical activities? (variable calculated from one or more BRFSS questions)","Yes","BRFSS","%","Crude Prevalence","80.9","","","79.5","82.3","6969","Overall","Overall","_TOTINDA","26","26","","","","","",""
"61769","2010","MS","Mississippi","Physical Activity","Exercise","During the past month, did you participate in any physical activities? (variable calculated from one or more BRFSS questions)","Yes","BRFSS","%","Crude Prevalence","67.0","","","65.4","68.6","5113","Overall","Overall","_TOTINDA","27","27","","","","","",""
"64387","2010","MO","Missouri","Physical Activity","Exercise","During the past month, did you participate in any physical activities? (variable calculated from one or more BRFSS questions)","Yes","BRFSS","%","Crude Prevalence","72.8","","","70.8","74.8","3701","Overall","Overall","_TOTINDA","28","28","","","","","",""
"66651","2010","MT","Montana","Physical Activity","Exercise","During the past month, did you participate in any physical activities? (variable calculated from one or more BRFSS questions)","Yes","BRFSS","%","Crude Prevalence","78.4","","","76.9","79.9","5382","Overall","Overall","_TOTINDA","29","29","","","","","",""
"69082","2010","NE","Nebraska","Physical Activity","Exercise","During the past month, did you participate in any physical activities? (variable calculated from one or more BRFSS questions)","Yes","BRFSS","%","Crude Prevalence","75.3","","","73.9","76.6","11472","Overall","Overall","_TOTINDA","30","30","","","","","",""
"71970","2010","NV","Nevada","Physical Activity","Exercise","During the past month, did you participate in any physical activities? (variable calculated from one or more BRFSS questions)","Yes","BRFSS","%","Crude Prevalence","77.0","","","74.6","79.3","2943","Overall","Overall","_TOTINDA","31","31","","","","","",""
"73556","2010","NH","New Hampshire","Physical Activity","Exercise","During the past month, did you participate in any physical activities? (variable calculated from one or more BRFSS questions)","Yes","BRFSS","%","Crude Prevalence","80.1","","","78.7","81.4","4626","Overall","Overall","_TOTINDA","32","32","","","","","",""
"76932","2010","NJ","New Jersey","Physical Activity","Exercise","During the past month, did you participate in any physical activities? (variable calculated from one or more BRFSS questions)","Yes","BRFSS","%","Crude Prevalence","73.4","","","72.2","74.6","9002","Overall","Overall","_TOTINDA","33","33","","","","","",""
"78411","2010","NM","New Mexico","Physical Activity","Exercise","During the past month, did you participate in any physical activities? (variable calculated from one or more BRFSS questions)","Yes","BRFSS","%","Crude Prevalence","78.4","","","77.0","79.9","5292","Overall","Overall","_TOTINDA","34","34","","","","","",""
"81124","2010","NY","New York","Physical Activity","Exercise","During the past month, did you participate in any physical activities? (variable calculated from one or more BRFSS questions)","Yes","BRFSS","%","Crude Prevalence","76.1","","","75.0","77.3","6672","Overall","Overall","_TOTINDA","35","35","","","","","",""
"84069","2010","NC","North Carolina","Physical Activity","Exercise","During the past month, did you participate in any physical activities? (variable calculated from one or more BRFSS questions)","Yes","BRFSS","%","Crude Prevalence","74.3","","","73.0","75.5","8669","Overall","Overall","_TOTINDA","36","36","","","","","",""
"86432","2010","ND","North Dakota","Physical Activity","Exercise","During the past month, did you participate in any physical activities? (variable calculated from one or more BRFSS questions)","Yes","BRFSS","%","Crude Prevalence","75.2","","","73.5","77.0","3437","Overall","Overall","_TOTINDA","37","37","","","","","",""
"88553","2010","OH","Ohio","Physical Activity","Exercise","During the past month, did you participate in any physical activities? (variable calculated from one or more BRFSS questions)","Yes","BRFSS","%","Crude Prevalence","73.9","","","72.6","75.2","6882","Overall","Overall","_TOTINDA","38","38","","","","","",""
"91128","2010","OK","Oklahoma","Physical Activity","Exercise","During the past month, did you participate in any physical activities? (variable calculated from one or more BRFSS questions)","Yes","BRFSS","%","Crude Prevalence","70.1","","","68.7","71.4","5134","Overall","Overall","_TOTINDA","39","39","","","","","",""
"93519","2010","OR","Oregon","Physical Activity","Exercise","During the past month, did you participate in any physical activities? (variable calculated from one or more BRFSS questions)","Yes","BRFSS","%","Crude Prevalence","82.5","","","81.0","84.0","4041","Overall","Overall","_TOTINDA","40","40","","","","","",""
"95869","2010","PA","Pennsylvania","Physical Activity","Exercise","During the past month, did you participate in any physical activities? (variable calculated from one or more BRFSS questions)","Yes","BRFSS","%","Crude Prevalence","74.2","","","73.1","75.3","7937","Overall","Overall","_TOTINDA","41","41","","","","","",""
"100235","2010","RI","Rhode Island","Physical Activity","Exercise","During the past month, did you participate in any physical activities? (variable calculated from one or more BRFSS questions)","Yes","BRFSS","%","Crude Prevalence","75.9","","","74.4","77.3","4697","Overall","Overall","_TOTINDA","42","42","","","","","",""
"103145","2010","SC","South Carolina","Physical Activity","Exercise","During the past month, did you participate in any physical activities? (variable calculated from one or more BRFSS questions)","Yes","BRFSS","%","Crude Prevalence","72.2","","","70.5","73.9","6490","Overall","Overall","_TOTINDA","43","43","","","","","",""
"105603","2010","SD","South Dakota","Physical Activity","Exercise","During the past month, did you participate in any physical activities? (variable calculated from one or more BRFSS questions)","Yes","BRFSS","%","Crude Prevalence","75.3","","","73.8","76.8","4756","Overall","Overall","_TOTINDA","44","44","","","","","",""
"108043","2010","TN","Tennessee","Physical Activity","Exercise","During the past month, did you participate in any physical activities? (variable calculated from one or more BRFSS questions)","Yes","BRFSS","%","Crude Prevalence","70.1","","","68.1","72.0","3808","Overall","Overall","_TOTINDA","45","45","","","","","",""
"110098","2010","TX","Texas","Physical Activity","Exercise","During the past month, did you participate in any physical activities? (variable calculated from one or more BRFSS questions)","Yes","BRFSS","%","Crude Prevalence","73.4","","","72.0","74.7","12406","Overall","Overall","_TOTINDA","46","46","","","","","",""
"112297","2010","UT","Utah","Physical Activity","Exercise","During the past month, did you participate in any physical activities? (variable calculated from one or more BRFSS questions)","Yes","BRFSS","%","Crude Prevalence","82.1","","","81.0","83.2","8110","Overall","Overall","_TOTINDA","47","47","","","","","",""
"115715","2010","VT","Vermont","Physical Activity","Exercise","During the past month, did you participate in any physical activities? (variable calculated from one or more BRFSS questions)","Yes","BRFSS","%","Crude Prevalence","82.1","","","80.9","83.3","5374","Overall","Overall","_TOTINDA","48","48","","","","","",""
"120621","2010","VA","Virginia","Physical Activity","Exercise","During the past month, did you participate in any physical activities? (variable calculated from one or more BRFSS questions)","Yes","BRFSS","%","Crude Prevalence","76.7","","","74.7","78.6","3842","Overall","Overall","_TOTINDA","49","49","","","","","",""
"122281","2010","WA","Washington","Physical Activity","Exercise","During the past month, did you participate in any physical activities? (variable calculated from one or more BRFSS questions)","Yes","BRFSS","%","Crude Prevalence","81.7","","","80.9","82.5","15609","Overall","Overall","_TOTINDA","50","50","","","","","",""
"125409","2010","WV","West Virginia","Physical Activity","Exercise","During the past month, did you participate in any physical activities? (variable calculated from one or more BRFSS questions)","Yes","BRFSS","%","Crude Prevalence","67.1","","","65.3","68.9","2851","Overall","Overall","_TOTINDA","51","51","","","","","",""
"127571","2010","WI","Wisconsin","Physical Activity","Exercise","During the past month, did you participate in any physical activities? (variable calculated from one or more BRFSS questions)","Yes","BRFSS","%","Crude Prevalence","77.2","","","75.2","79.1","3543","Overall","Overall","_TOTINDA","52","52","","","","","",""
"129372","2010","WY","Wyoming","Physical Activity","Exercise","During the past month, did you participate in any physical activities? (variable calculated from one or more BRFSS questions)","Yes","BRFSS","%","Crude Prevalence","77.8","","","76.4","79.3","4293","Overall","Overall","_TOTINDA","53","53","","","","","",""
"27975","2010","GU","Guam","Physical Activity","Exercise","During the past month, did you participate in any physical activities? (variable calculated from one or more BRFSS questions)","Yes","BRFSS","%","Crude Prevalence","75.2","","","71.4","79.0","577","Overall","Overall","_TOTINDA","56","56","","","","","",""
"98851","2010","PR","Puerto Rico","Physical Activity","Exercise","During the past month, did you participate in any physical activities? (variable calculated from one or more BRFSS questions)","Yes","BRFSS","%","Crude Prevalence","57.7","","","55.4","59.9","1874","Overall","Overall","_TOTINDA","60","60","","","","","",""
"117219","2010","VI","Virgin Islands","Physical Activity","Exercise","During the past month, did you participate in any physical activities? (variable calculated from one or more BRFSS questions)","Yes","BRFSS","%","Crude Prevalence","68.2","","","65.2","71.2","1273","Overall","Overall","_TOTINDA","62","62","","","","","",""
"","","","","","","","","","","","","","","","","","","","","","","Datasource","","Behavioral Risk Factor Surveillance System","http://www.cdc.gov/brfss","BRFSS","CDC"
"","","","","","","","","","","","","","","","","","","","","","","MeasureDefinitions","%","Percent","","",""
"","","","","","","","","","","","","","","","","","","","","","","MeasureDefinitions","CI","95% Confidence Interval","","",""
"","","","","","","","","","","","","","","","","","","","","","","MeasureDefinitions","n","“Sample Size”. Translates to the number of adult respondents who answered this question, or were assigned to this category based on question responses for a calculated variable, or the number of states included for a median.","","",""
"","","","","","","","","","","","","","","","","","","","","","","MeasureDefinitions","N/A","Translates to no data available for a record.","","",""
"","","","","","","","","","","","","","","","","","","","","","","MeasureDefinitions","No Data","Translates to no data available for record.","","",""
"","","","","","","","","","","","","","","","","","","","","","","SuggestedCitation","","Centers for Disease Control and Prevention, National Center for Chronic Disease Prevention and Health Promotion, Division of Population Health. BRFSS Prevalence & Trends Data [online]. 2015.","https://www.cdc.gov/brfss/brfssprevalence/","",""
"","","","","","","","","","","","","","","","","","","","","","","RelatedLinks","","Prevalence Data and Data Analysis Tools","/brfss/data_tools.htm","",""
"","","","","","","","","","","","","","","","","","","","","","","RelatedLinks","","Behavioral Risk Factor Surveillance System (BRFSS)","/brfss/index.html","",""
"","","","","","","","","","","","","","","","","","","","","","","RelatedLinks","","Division of Population Health","/nccdphp/dph/index.html","",""
"","","","","","","","","","","","","","","","","","","","","","","RelatedLinks","","Survey Data & Documentation","/brfss/data_documentation/index.htm","",""
