﻿"ID","Year","LocationAbbr","LocationDesc","Class","Topic","Indicator","Response","DataSource","Data_Value_Unit","Data_Value_Type","Data_Value","Data_Value_Footnote_Symbol","Data_Value_Footnote","Low_Confidence_Limit","High_Confidence_Limit","Sample_Size","Stratification","StratificationType","IndicatorId","LocationOrder","ParentStateDisplayOrder","FootnoteType","FootNoteSymbol","FootnoteText","URL","DatasourceAbbr","Agency"
"1919291","2011","US","All States, DC and Territories (median) **","Physical Activity","Exercise","During the past month, did you participate in any physical activities? (variable calculated from one or more BRFSS questions)","Yes","BRFSS","%","Crude Prevalence","73.8","","","","","53","Overall","Overall","_TOTINDA","1","1","","","","","",""
"1919071","2011","UW","All States and DC (median) **","Physical Activity","Exercise","During the past month, did you participate in any physical activities? (variable calculated from one or more BRFSS questions)","Yes","BRFSS","%","Crude Prevalence","73.8","","","","","51","Overall","Overall","_TOTINDA","2","2","","","","","",""
"1775847","2011","AL","Alabama","Physical Activity","Exercise","During the past month, did you participate in any physical activities? (variable calculated from one or more BRFSS questions)","Yes","BRFSS","%","Crude Prevalence","67.4","","","65.9","68.9","4856","Overall","Overall","_TOTINDA","3","3","","","","","",""
"1779026","2011","AK","Alaska","Physical Activity","Exercise","During the past month, did you participate in any physical activities? (variable calculated from one or more BRFSS questions)","Yes","BRFSS","%","Crude Prevalence","78.0","","","76.1","79.9","2573","Overall","Overall","_TOTINDA","4","4","","","","","",""
"1781413","2011","AZ","Arizona","Physical Activity","Exercise","During the past month, did you participate in any physical activities? (variable calculated from one or more BRFSS questions)","Yes","BRFSS","%","Crude Prevalence","75.9","","","73.8","78.0","4656","Overall","Overall","_TOTINDA","5","5","","","","","",""
"1784137","2011","AR","Arkansas","Physical Activity","Exercise","During the past month, did you participate in any physical activities? (variable calculated from one or more BRFSS questions)","Yes","BRFSS","%","Crude Prevalence","69.1","","","67.0","71.1","2892","Overall","Overall","_TOTINDA","6","6","","","","","",""
"1786717","2011","CA","California","Physical Activity","Exercise","During the past month, did you participate in any physical activities? (variable calculated from one or more BRFSS questions)","Yes","BRFSS","%","Crude Prevalence","80.9","","","80.0","81.7","13732","Overall","Overall","_TOTINDA","7","7","","","","","",""
"1789885","2011","CO","Colorado","Physical Activity","Exercise","During the past month, did you participate in any physical activities? (variable calculated from one or more BRFSS questions)","Yes","BRFSS","%","Crude Prevalence","83.5","","","82.6","84.5","10549","Overall","Overall","_TOTINDA","8","8","","","","","",""
"1792274","2011","CT","Connecticut","Physical Activity","Exercise","During the past month, did you participate in any physical activities? (variable calculated from one or more BRFSS questions)","Yes","BRFSS","%","Crude Prevalence","74.5","","","73.0","76.0","4927","Overall","Overall","_TOTINDA","9","9","","","","","",""
"1794623","2011","DE","Delaware","Physical Activity","Exercise","During the past month, did you participate in any physical activities? (variable calculated from one or more BRFSS questions)","Yes","BRFSS","%","Crude Prevalence","73.0","","","71.2","74.8","3419","Overall","Overall","_TOTINDA","10","10","","","","","",""
"1798251","2011","DC","District of Columbia","Physical Activity","Exercise","During the past month, did you participate in any physical activities? (variable calculated from one or more BRFSS questions)","Yes","BRFSS","%","Crude Prevalence","80.2","","","78.5","82.0","3485","Overall","Overall","_TOTINDA","11","11","","","","","",""
"1800938","2011","FL","Florida","Physical Activity","Exercise","During the past month, did you participate in any physical activities? (variable calculated from one or more BRFSS questions)","Yes","BRFSS","%","Crude Prevalence","73.1","","","71.9","74.4","8309","Overall","Overall","_TOTINDA","12","12","","","","","",""
"1803167","2011","GA","Georgia","Physical Activity","Exercise","During the past month, did you participate in any physical activities? (variable calculated from one or more BRFSS questions)","Yes","BRFSS","%","Crude Prevalence","73.3","","","71.9","74.6","6739","Overall","Overall","_TOTINDA","13","13","","","","","",""
"1806214","2011","HI","Hawaii","Physical Activity","Exercise","During the past month, did you participate in any physical activities? (variable calculated from one or more BRFSS questions)","Yes","BRFSS","%","Crude Prevalence","78.7","","","77.2","80.2","5849","Overall","Overall","_TOTINDA","14","14","","","","","",""
"1809315","2011","ID","Idaho","Physical Activity","Exercise","During the past month, did you participate in any physical activities? (variable calculated from one or more BRFSS questions)","Yes","BRFSS","%","Crude Prevalence","78.6","","","76.9","80.2","4485","Overall","Overall","_TOTINDA","15","15","","","","","",""
"1811626","2011","IL","Illinois","Physical Activity","Exercise","During the past month, did you participate in any physical activities? (variable calculated from one or more BRFSS questions)","Yes","BRFSS","%","Crude Prevalence","74.9","","","73.2","76.6","3866","Overall","Overall","_TOTINDA","16","16","","","","","",""
"1814357","2011","IN","Indiana","Physical Activity","Exercise","During the past month, did you participate in any physical activities? (variable calculated from one or more BRFSS questions)","Yes","BRFSS","%","Crude Prevalence","70.8","","","69.4","72.1","5470","Overall","Overall","_TOTINDA","17","17","","","","","",""
"1816799","2011","IA","Iowa","Physical Activity","Exercise","During the past month, did you participate in any physical activities? (variable calculated from one or more BRFSS questions)","Yes","BRFSS","%","Crude Prevalence","74.1","","","72.9","75.4","5133","Overall","Overall","_TOTINDA","18","18","","","","","",""
"1820224","2011","KS","Kansas","Physical Activity","Exercise","During the past month, did you participate in any physical activities? (variable calculated from one or more BRFSS questions)","Yes","BRFSS","%","Crude Prevalence","73.2","","","72.4","74.0","14532","Overall","Overall","_TOTINDA","19","19","","","","","",""
"1822667","2011","KY","Kentucky","Physical Activity","Exercise","During the past month, did you participate in any physical activities? (variable calculated from one or more BRFSS questions)","Yes","BRFSS","%","Crude Prevalence","70.7","","","69.3","72.1","6815","Overall","Overall","_TOTINDA","20","20","","","","","",""
"1825125","2011","LA","Louisiana","Physical Activity","Exercise","During the past month, did you participate in any physical activities? (variable calculated from one or more BRFSS questions)","Yes","BRFSS","%","Crude Prevalence","66.2","","","64.8","67.7","6805","Overall","Overall","_TOTINDA","21","21","","","","","",""
"1827770","2011","ME","Maine","Physical Activity","Exercise","During the past month, did you participate in any physical activities? (variable calculated from one or more BRFSS questions)","Yes","BRFSS","%","Crude Prevalence","77.0","","","76.0","77.9","9764","Overall","Overall","_TOTINDA","22","22","","","","","",""
"1830970","2011","MD","Maryland","Physical Activity","Exercise","During the past month, did you participate in any physical activities? (variable calculated from one or more BRFSS questions)","Yes","BRFSS","%","Crude Prevalence","73.8","","","72.5","75.2","7148","Overall","Overall","_TOTINDA","23","23","","","","","",""
"1833459","2011","MA","Massachusetts","Physical Activity","Exercise","During the past month, did you participate in any physical activities? (variable calculated from one or more BRFSS questions)","Yes","BRFSS","%","Crude Prevalence","76.5","","","75.5","77.5","15321","Overall","Overall","_TOTINDA","24","24","","","","","",""
"1836202","2011","MI","Michigan","Physical Activity","Exercise","During the past month, did you participate in any physical activities? (variable calculated from one or more BRFSS questions)","Yes","BRFSS","%","Crude Prevalence","76.4","","","75.2","77.6","8119","Overall","Overall","_TOTINDA","25","25","","","","","",""
"1839339","2011","MN","Minnesota","Physical Activity","Exercise","During the past month, did you participate in any physical activities? (variable calculated from one or more BRFSS questions)","Yes","BRFSS","%","Crude Prevalence","78.1","","","77.1","79.1","11544","Overall","Overall","_TOTINDA","26","26","","","","","",""
"1841908","2011","MS","Mississippi","Physical Activity","Exercise","During the past month, did you participate in any physical activities? (variable calculated from one or more BRFSS questions)","Yes","BRFSS","%","Crude Prevalence","64.0","","","62.6","65.5","5407","Overall","Overall","_TOTINDA","27","27","","","","","",""
"1843751","2011","MO","Missouri","Physical Activity","Exercise","During the past month, did you participate in any physical activities? (variable calculated from one or more BRFSS questions)","Yes","BRFSS","%","Crude Prevalence","71.6","","","70.0","73.2","4242","Overall","Overall","_TOTINDA","28","28","","","","","",""
"1847366","2011","MT","Montana","Physical Activity","Exercise","During the past month, did you participate in any physical activities? (variable calculated from one or more BRFSS questions)","Yes","BRFSS","%","Crude Prevalence","75.6","","","74.3","76.9","7307","Overall","Overall","_TOTINDA","29","29","","","","","",""
"1849771","2011","NE","Nebraska","Physical Activity","Exercise","During the past month, did you participate in any physical activities? (variable calculated from one or more BRFSS questions)","Yes","BRFSS","%","Crude Prevalence","73.7","","","72.9","74.5","17299","Overall","Overall","_TOTINDA","30","30","","","","","",""
"1852525","2011","NV","Nevada","Physical Activity","Exercise","During the past month, did you participate in any physical activities? (variable calculated from one or more BRFSS questions)","Yes","BRFSS","%","Crude Prevalence","75.7","","","73.6","77.9","3966","Overall","Overall","_TOTINDA","31","31","","","","","",""
"1855171","2011","NH","New Hampshire","Physical Activity","Exercise","During the past month, did you participate in any physical activities? (variable calculated from one or more BRFSS questions)","Yes","BRFSS","%","Crude Prevalence","77.6","","","76.1","79.0","5068","Overall","Overall","_TOTINDA","32","32","","","","","",""
"1858046","2011","NJ","New Jersey","Physical Activity","Exercise","During the past month, did you participate in any physical activities? (variable calculated from one or more BRFSS questions)","Yes","BRFSS","%","Crude Prevalence","73.6","","","72.5","74.7","10354","Overall","Overall","_TOTINDA","33","33","","","","","",""
"1861256","2011","NM","New Mexico","Physical Activity","Exercise","During the past month, did you participate in any physical activities? (variable calculated from one or more BRFSS questions)","Yes","BRFSS","%","Crude Prevalence","74.7","","","73.5","75.9","6561","Overall","Overall","_TOTINDA","34","34","","","","","",""
"1863726","2011","NY","New York","Physical Activity","Exercise","During the past month, did you participate in any physical activities? (variable calculated from one or more BRFSS questions)","Yes","BRFSS","%","Crude Prevalence","73.7","","","72.3","75.1","5427","Overall","Overall","_TOTINDA","35","35","","","","","",""
"1866335","2011","NC","North Carolina","Physical Activity","Exercise","During the past month, did you participate in any physical activities? (variable calculated from one or more BRFSS questions)","Yes","BRFSS","%","Crude Prevalence","73.3","","","72.0","74.6","8053","Overall","Overall","_TOTINDA","36","36","","","","","",""
"1869096","2011","ND","North Dakota","Physical Activity","Exercise","During the past month, did you participate in any physical activities? (variable calculated from one or more BRFSS questions)","Yes","BRFSS","%","Crude Prevalence","72.9","","","71.3","74.5","3616","Overall","Overall","_TOTINDA","37","37","","","","","",""
"1871511","2011","OH","Ohio","Physical Activity","Exercise","During the past month, did you participate in any physical activities? (variable calculated from one or more BRFSS questions)","Yes","BRFSS","%","Crude Prevalence","73.0","","","71.8","74.3","6732","Overall","Overall","_TOTINDA","38","38","","","","","",""
"1874614","2011","OK","Oklahoma","Physical Activity","Exercise","During the past month, did you participate in any physical activities? (variable calculated from one or more BRFSS questions)","Yes","BRFSS","%","Crude Prevalence","68.8","","","67.4","70.2","5464","Overall","Overall","_TOTINDA","39","39","","","","","",""
"1876859","2011","OR","Oregon","Physical Activity","Exercise","During the past month, did you participate in any physical activities? (variable calculated from one or more BRFSS questions)","Yes","BRFSS","%","Crude Prevalence","80.3","","","78.7","81.8","4791","Overall","Overall","_TOTINDA","40","40","","","","","",""
"1879881","2011","PA","Pennsylvania","Physical Activity","Exercise","During the past month, did you participate in any physical activities? (variable calculated from one or more BRFSS questions)","Yes","BRFSS","%","Crude Prevalence","73.8","","","72.6","75.0","7891","Overall","Overall","_TOTINDA","41","41","","","","","",""
"1883179","2011","RI","Rhode Island","Physical Activity","Exercise","During the past month, did you participate in any physical activities? (variable calculated from one or more BRFSS questions)","Yes","BRFSS","%","Crude Prevalence","73.8","","","72.3","75.3","4616","Overall","Overall","_TOTINDA","42","42","","","","","",""
"1884686","2011","SC","South Carolina","Physical Activity","Exercise","During the past month, did you participate in any physical activities? (variable calculated from one or more BRFSS questions)","Yes","BRFSS","%","Crude Prevalence","72.8","","","71.5","74.0","8951","Overall","Overall","_TOTINDA","43","43","","","","","",""
"1887858","2011","SD","South Dakota","Physical Activity","Exercise","During the past month, did you participate in any physical activities? (variable calculated from one or more BRFSS questions)","Yes","BRFSS","%","Crude Prevalence","73.1","","","71.2","75.0","5795","Overall","Overall","_TOTINDA","44","44","","","","","",""
"1890616","2011","TN","Tennessee","Physical Activity","Exercise","During the past month, did you participate in any physical activities? (variable calculated from one or more BRFSS questions)","Yes","BRFSS","%","Crude Prevalence","64.9","","","62.3","67.5","3416","Overall","Overall","_TOTINDA","45","45","","","","","",""
"1894252","2011","TX","Texas","Physical Activity","Exercise","During the past month, did you participate in any physical activities? (variable calculated from one or more BRFSS questions)","Yes","BRFSS","%","Crude Prevalence","72.8","","","71.5","74.1","10169","Overall","Overall","_TOTINDA","46","46","","","","","",""
"1896118","2011","UT","Utah","Physical Activity","Exercise","During the past month, did you participate in any physical activities? (variable calculated from one or more BRFSS questions)","Yes","BRFSS","%","Crude Prevalence","81.1","","","80.1","82.0","9740","Overall","Overall","_TOTINDA","47","47","","","","","",""
"1898599","2011","VT","Vermont","Physical Activity","Exercise","During the past month, did you participate in any physical activities? (variable calculated from one or more BRFSS questions)","Yes","BRFSS","%","Crude Prevalence","79.0","","","77.7","80.3","5459","Overall","Overall","_TOTINDA","48","48","","","","","",""
"1902325","2011","VA","Virginia","Physical Activity","Exercise","During the past month, did you participate in any physical activities? (variable calculated from one or more BRFSS questions)","Yes","BRFSS","%","Crude Prevalence","75.0","","","73.3","76.6","4588","Overall","Overall","_TOTINDA","49","49","","","","","",""
"1904990","2011","WA","Washington","Physical Activity","Exercise","During the past month, did you participate in any physical activities? (variable calculated from one or more BRFSS questions)","Yes","BRFSS","%","Crude Prevalence","78.0","","","76.9","79.2","11357","Overall","Overall","_TOTINDA","50","50","","","","","",""
"1906668","2011","WV","West Virginia","Physical Activity","Exercise","During the past month, did you participate in any physical activities? (variable calculated from one or more BRFSS questions)","Yes","BRFSS","%","Crude Prevalence","64.9","","","63.3","66.5","3285","Overall","Overall","_TOTINDA","51","51","","","","","",""
"1909634","2011","WI","Wisconsin","Physical Activity","Exercise","During the past month, did you participate in any physical activities? (variable calculated from one or more BRFSS questions)","Yes","BRFSS","%","Crude Prevalence","77.3","","","75.5","79.1","3666","Overall","Overall","_TOTINDA","52","52","","","","","",""
"1913241","2011","WY","Wyoming","Physical Activity","Exercise","During the past month, did you participate in any physical activities? (variable calculated from one or more BRFSS questions)","Yes","BRFSS","%","Crude Prevalence","74.5","","","73.0","76.1","4834","Overall","Overall","_TOTINDA","53","53","","","","","",""
"1915855","2011","GU","Guam","Physical Activity","Exercise","During the past month, did you participate in any physical activities? (variable calculated from one or more BRFSS questions)","Yes","BRFSS","%","Crude Prevalence","66.7","","","64.0","69.4","1219","Overall","Overall","_TOTINDA","56","56","","","","","",""
"1918113","2011","PR","Puerto Rico","Physical Activity","Exercise","During the past month, did you participate in any physical activities? (variable calculated from one or more BRFSS questions)","Yes","BRFSS","%","Crude Prevalence","52.7","","","51.2","54.2","3231","Overall","Overall","_TOTINDA","60","60","","","","","",""
"","","","","","","","","","","","","","","","","","","","","","","Datasource","","Behavioral Risk Factor Surveillance System","http://www.cdc.gov/brfss","BRFSS","CDC"
"","","","","","","","","","","","","","","","","","","","","","","MeasureDefinitions","%","Percent","","",""
"","","","","","","","","","","","","","","","","","","","","","","MeasureDefinitions","CI","95% Confidence Interval","","",""
"","","","","","","","","","","","","","","","","","","","","","","MeasureDefinitions","n","“Sample Size”. Translates to the number of adult respondents who answered this question, or were assigned to this category based on question responses for a calculated variable, or the number of states included for a median.","","",""
"","","","","","","","","","","","","","","","","","","","","","","MeasureDefinitions","N/A","Translates to no data available for a record.","","",""
"","","","","","","","","","","","","","","","","","","","","","","MeasureDefinitions","No Data","Translates to no data available for record.","","",""
"","","","","","","","","","","","","","","","","","","","","","","SuggestedCitation","","Centers for Disease Control and Prevention, National Center for Chronic Disease Prevention and Health Promotion, Division of Population Health. BRFSS Prevalence & Trends Data [online]. 2015.","https://www.cdc.gov/brfss/brfssprevalence/","",""
"","","","","","","","","","","","","","","","","","","","","","","RelatedLinks","","Prevalence Data and Data Analysis Tools","/brfss/data_tools.htm","",""
"","","","","","","","","","","","","","","","","","","","","","","RelatedLinks","","Behavioral Risk Factor Surveillance System (BRFSS)","/brfss/index.html","",""
"","","","","","","","","","","","","","","","","","","","","","","RelatedLinks","","Division of Population Health","/nccdphp/dph/index.html","",""
"","","","","","","","","","","","","","","","","","","","","","","RelatedLinks","","Survey Data & Documentation","/brfss/data_documentation/index.htm","",""
