﻿"ID","Year","LocationAbbr","LocationDesc","Class","Topic","Indicator","Response","DataSource","Data_Value_Unit","Data_Value_Type","Data_Value","Data_Value_Footnote_Symbol","Data_Value_Footnote","Low_Confidence_Limit","High_Confidence_Limit","Sample_Size","Stratification","StratificationType","IndicatorId","LocationOrder","ParentStateDisplayOrder","FootnoteType","FootNoteSymbol","FootnoteText","URL","DatasourceAbbr","Agency"
"2067950","2012","US","All States, DC and Territories (median) **","Physical Activity","Exercise","During the past month, did you participate in any physical activities? (variable calculated from one or more BRFSS questions)","Yes","BRFSS","%","Crude Prevalence","76.9","","","","","53","Overall","Overall","_TOTINDA","1","1","","","","","",""
"2067659","2012","UW","All States and DC (median) **","Physical Activity","Exercise","During the past month, did you participate in any physical activities? (variable calculated from one or more BRFSS questions)","Yes","BRFSS","%","Crude Prevalence","77.1","","","","","51","Overall","Overall","_TOTINDA","2","2","","","","","",""
"1920793","2012","AL","Alabama","Physical Activity","Exercise","During the past month, did you participate in any physical activities? (variable calculated from one or more BRFSS questions)","Yes","BRFSS","%","Crude Prevalence","72.8","","","71.4","74.1","6315","Overall","Overall","_TOTINDA","3","3","","","","","",""
"1924131","2012","AK","Alaska","Physical Activity","Exercise","During the past month, did you participate in any physical activities? (variable calculated from one or more BRFSS questions)","Yes","BRFSS","%","Crude Prevalence","81.5","","","79.9","83.2","3465","Overall","Overall","_TOTINDA","4","4","","","","","",""
"1926823","2012","AZ","Arizona","Physical Activity","Exercise","During the past month, did you participate in any physical activities? (variable calculated from one or more BRFSS questions)","Yes","BRFSS","%","Crude Prevalence","77.4","","","75.8","79.1","5547","Overall","Overall","_TOTINDA","5","5","","","","","",""
"1929470","2012","AR","Arkansas","Physical Activity","Exercise","During the past month, did you participate in any physical activities? (variable calculated from one or more BRFSS questions)","Yes","BRFSS","%","Crude Prevalence","68.5","","","66.8","70.2","3424","Overall","Overall","_TOTINDA","6","6","","","","","",""
"1932729","2012","CA","California","Physical Activity","Exercise","During the past month, did you participate in any physical activities? (variable calculated from one or more BRFSS questions)","Yes","BRFSS","%","Crude Prevalence","80.8","","","79.8","81.8","11028","Overall","Overall","_TOTINDA","7","7","","","","","",""
"1934844","2012","CO","Colorado","Physical Activity","Exercise","During the past month, did you participate in any physical activities? (variable calculated from one or more BRFSS questions)","Yes","BRFSS","%","Crude Prevalence","83.0","","","82.0","83.9","10122","Overall","Overall","_TOTINDA","8","8","","","","","",""
"1937888","2012","CT","Connecticut","Physical Activity","Exercise","During the past month, did you participate in any physical activities? (variable calculated from one or more BRFSS questions)","Yes","BRFSS","%","Crude Prevalence","77.9","","","76.6","79.1","6730","Overall","Overall","_TOTINDA","9","9","","","","","",""
"1940794","2012","DE","Delaware","Physical Activity","Exercise","During the past month, did you participate in any physical activities? (variable calculated from one or more BRFSS questions)","Yes","BRFSS","%","Crude Prevalence","76.5","","","74.9","78.1","3905","Overall","Overall","_TOTINDA","10","10","","","","","",""
"1943510","2012","DC","District of Columbia","Physical Activity","Exercise","During the past month, did you participate in any physical activities? (variable calculated from one or more BRFSS questions)","Yes","BRFSS","%","Crude Prevalence","82.6","","","80.8","84.4","3069","Overall","Overall","_TOTINDA","11","11","","","","","",""
"1946857","2012","FL","Florida","Physical Activity","Exercise","During the past month, did you participate in any physical activities? (variable calculated from one or more BRFSS questions)","Yes","BRFSS","%","Crude Prevalence","76.7","","","75.2","78.2","5721","Overall","Overall","_TOTINDA","12","12","","","","","",""
"1949457","2012","GA","Georgia","Physical Activity","Exercise","During the past month, did you participate in any physical activities? (variable calculated from one or more BRFSS questions)","Yes","BRFSS","%","Crude Prevalence","76.4","","","75.0","77.9","4409","Overall","Overall","_TOTINDA","13","13","","","","","",""
"1952389","2012","HI","Hawaii","Physical Activity","Exercise","During the past month, did you participate in any physical activities? (variable calculated from one or more BRFSS questions)","Yes","BRFSS","%","Crude Prevalence","81.3","","","79.9","82.7","6224","Overall","Overall","_TOTINDA","14","14","","","","","",""
"1955067","2012","ID","Idaho","Physical Activity","Exercise","During the past month, did you participate in any physical activities? (variable calculated from one or more BRFSS questions)","Yes","BRFSS","%","Crude Prevalence","79.7","","","77.9","81.5","4548","Overall","Overall","_TOTINDA","15","15","","","","","",""
"1958320","2012","IL","Illinois","Physical Activity","Exercise","During the past month, did you participate in any physical activities? (variable calculated from one or more BRFSS questions)","Yes","BRFSS","%","Crude Prevalence","78.2","","","76.6","79.8","4199","Overall","Overall","_TOTINDA","16","16","","","","","",""
"1960767","2012","IN","Indiana","Physical Activity","Exercise","During the past month, did you participate in any physical activities? (variable calculated from one or more BRFSS questions)","Yes","BRFSS","%","Crude Prevalence","74.1","","","72.9","75.3","6166","Overall","Overall","_TOTINDA","17","17","","","","","",""
"1962917","2012","IA","Iowa","Physical Activity","Exercise","During the past month, did you participate in any physical activities? (variable calculated from one or more BRFSS questions)","Yes","BRFSS","%","Crude Prevalence","76.9","","","75.7","78.1","5365","Overall","Overall","_TOTINDA","18","18","","","","","",""
"1966014","2012","KS","Kansas","Physical Activity","Exercise","During the past month, did you participate in any physical activities? (variable calculated from one or more BRFSS questions)","Yes","BRFSS","%","Crude Prevalence","77.1","","","76.0","78.1","8982","Overall","Overall","_TOTINDA","19","19","","","","","",""
"1968589","2012","KY","Kentucky","Physical Activity","Exercise","During the past month, did you participate in any physical activities? (variable calculated from one or more BRFSS questions)","Yes","BRFSS","%","Crude Prevalence","70.3","","","69.0","71.6","7469","Overall","Overall","_TOTINDA","20","20","","","","","",""
"1971874","2012","LA","Louisiana","Physical Activity","Exercise","During the past month, did you participate in any physical activities? (variable calculated from one or more BRFSS questions)","Yes","BRFSS","%","Crude Prevalence","70.1","","","68.6","71.6","5953","Overall","Overall","_TOTINDA","21","21","","","","","",""
"1975128","2012","ME","Maine","Physical Activity","Exercise","During the past month, did you participate in any physical activities? (variable calculated from one or more BRFSS questions)","Yes","BRFSS","%","Crude Prevalence","79.1","","","78.1","80.1","7760","Overall","Overall","_TOTINDA","22","22","","","","","",""
"1977661","2012","MD","Maryland","Physical Activity","Exercise","During the past month, did you participate in any physical activities? (variable calculated from one or more BRFSS questions)","Yes","BRFSS","%","Crude Prevalence","76.9","","","75.7","78.2","9671","Overall","Overall","_TOTINDA","23","23","","","","","",""
"1980431","2012","MA","Massachusetts","Physical Activity","Exercise","During the past month, did you participate in any physical activities? (variable calculated from one or more BRFSS questions)","Yes","BRFSS","%","Crude Prevalence","80.2","","","79.4","81.1","16667","Overall","Overall","_TOTINDA","24","24","","","","","",""
"1983219","2012","MI","Michigan","Physical Activity","Exercise","During the past month, did you participate in any physical activities? (variable calculated from one or more BRFSS questions)","Yes","BRFSS","%","Crude Prevalence","76.7","","","75.5","77.8","7946","Overall","Overall","_TOTINDA","25","25","","","","","",""
"1985703","2012","MN","Minnesota","Physical Activity","Exercise","During the past month, did you participate in any physical activities? (variable calculated from one or more BRFSS questions)","Yes","BRFSS","%","Crude Prevalence","82.5","","","81.5","83.4","9985","Overall","Overall","_TOTINDA","26","26","","","","","",""
"1989221","2012","MS","Mississippi","Physical Activity","Exercise","During the past month, did you participate in any physical activities? (variable calculated from one or more BRFSS questions)","Yes","BRFSS","%","Crude Prevalence","69.2","","","67.7","70.7","5164","Overall","Overall","_TOTINDA","27","27","","","","","",""
"1991720","2012","MO","Missouri","Physical Activity","Exercise","During the past month, did you participate in any physical activities? (variable calculated from one or more BRFSS questions)","Yes","BRFSS","%","Crude Prevalence","75.3","","","73.9","76.8","4860","Overall","Overall","_TOTINDA","28","28","","","","","",""
"1993603","2012","MT","Montana","Physical Activity","Exercise","During the past month, did you participate in any physical activities? (variable calculated from one or more BRFSS questions)","Yes","BRFSS","%","Crude Prevalence","79.5","","","78.4","80.6","6598","Overall","Overall","_TOTINDA","29","29","","","","","",""
"1996785","2012","NE","Nebraska","Physical Activity","Exercise","During the past month, did you participate in any physical activities? (variable calculated from one or more BRFSS questions)","Yes","BRFSS","%","Crude Prevalence","79.0","","","78.2","79.8","14374","Overall","Overall","_TOTINDA","30","30","","","","","",""
"1999632","2012","NV","Nevada","Physical Activity","Exercise","During the past month, did you participate in any physical activities? (variable calculated from one or more BRFSS questions)","Yes","BRFSS","%","Crude Prevalence","78.7","","","77.0","80.4","3776","Overall","Overall","_TOTINDA","31","31","","","","","",""
"2003194","2012","NH","New Hampshire","Physical Activity","Exercise","During the past month, did you participate in any physical activities? (variable calculated from one or more BRFSS questions)","Yes","BRFSS","%","Crude Prevalence","80.0","","","78.7","81.3","5829","Overall","Overall","_TOTINDA","32","32","","","","","",""
"2005780","2012","NJ","New Jersey","Physical Activity","Exercise","During the past month, did you participate in any physical activities? (variable calculated from one or more BRFSS questions)","Yes","BRFSS","%","Crude Prevalence","75.1","","","74.1","76.1","11554","Overall","Overall","_TOTINDA","33","33","","","","","",""
"2008016","2012","NM","New Mexico","Physical Activity","Exercise","During the past month, did you participate in any physical activities? (variable calculated from one or more BRFSS questions)","Yes","BRFSS","%","Crude Prevalence","78.2","","","77.1","79.3","6750","Overall","Overall","_TOTINDA","34","34","","","","","",""
"2011199","2012","NY","New York","Physical Activity","Exercise","During the past month, did you participate in any physical activities? (variable calculated from one or more BRFSS questions)","Yes","BRFSS","%","Crude Prevalence","75.3","","","73.7","76.9","4544","Overall","Overall","_TOTINDA","35","35","","","","","",""
"2014220","2012","NC","North Carolina","Physical Activity","Exercise","During the past month, did you participate in any physical activities? (variable calculated from one or more BRFSS questions)","Yes","BRFSS","%","Crude Prevalence","75.1","","","74.1","76.1","8641","Overall","Overall","_TOTINDA","36","36","","","","","",""
"2016915","2012","ND","North Dakota","Physical Activity","Exercise","During the past month, did you participate in any physical activities? (variable calculated from one or more BRFSS questions)","Yes","BRFSS","%","Crude Prevalence","76.2","","","74.6","77.8","3653","Overall","Overall","_TOTINDA","37","37","","","","","",""
"2019911","2012","OH","Ohio","Physical Activity","Exercise","During the past month, did you participate in any physical activities? (variable calculated from one or more BRFSS questions)","Yes","BRFSS","%","Crude Prevalence","74.7","","","73.7","75.7","9333","Overall","Overall","_TOTINDA","38","38","","","","","",""
"2022444","2012","OK","Oklahoma","Physical Activity","Exercise","During the past month, did you participate in any physical activities? (variable calculated from one or more BRFSS questions)","Yes","BRFSS","%","Crude Prevalence","71.7","","","70.4","73.0","5465","Overall","Overall","_TOTINDA","39","39","","","","","",""
"2025056","2012","OR","Oregon","Physical Activity","Exercise","During the past month, did you participate in any physical activities? (variable calculated from one or more BRFSS questions)","Yes","BRFSS","%","Crude Prevalence","83.7","","","82.4","85.1","4374","Overall","Overall","_TOTINDA","40","40","","","","","",""
"2028329","2012","PA","Pennsylvania","Physical Activity","Exercise","During the past month, did you participate in any physical activities? (variable calculated from one or more BRFSS questions)","Yes","BRFSS","%","Crude Prevalence","76.5","","","75.7","77.4","14810","Overall","Overall","_TOTINDA","41","41","","","","","",""
"2031357","2012","RI","Rhode Island","Physical Activity","Exercise","During the past month, did you participate in any physical activities? (variable calculated from one or more BRFSS questions)","Yes","BRFSS","%","Crude Prevalence","76.5","","","74.9","78.0","4099","Overall","Overall","_TOTINDA","42","42","","","","","",""
"2034134","2012","SC","South Carolina","Physical Activity","Exercise","During the past month, did you participate in any physical activities? (variable calculated from one or more BRFSS questions)","Yes","BRFSS","%","Crude Prevalence","74.9","","","73.8","76.0","9270","Overall","Overall","_TOTINDA","43","43","","","","","",""
"2036482","2012","SD","South Dakota","Physical Activity","Exercise","During the past month, did you participate in any physical activities? (variable calculated from one or more BRFSS questions)","Yes","BRFSS","%","Crude Prevalence","77.5","","","75.9","79.0","6009","Overall","Overall","_TOTINDA","44","44","","","","","",""
"2038915","2012","TN","Tennessee","Physical Activity","Exercise","During the past month, did you participate in any physical activities? (variable calculated from one or more BRFSS questions)","Yes","BRFSS","%","Crude Prevalence","71.4","","","69.9","72.9","4756","Overall","Overall","_TOTINDA","45","45","","","","","",""
"2042189","2012","TX","Texas","Physical Activity","Exercise","During the past month, did you participate in any physical activities? (variable calculated from one or more BRFSS questions)","Yes","BRFSS","%","Crude Prevalence","72.8","","","71.5","74.1","6651","Overall","Overall","_TOTINDA","46","46","","","","","",""
"2044695","2012","UT","Utah","Physical Activity","Exercise","During the past month, did you participate in any physical activities? (variable calculated from one or more BRFSS questions)","Yes","BRFSS","%","Crude Prevalence","83.5","","","82.6","84.4","10104","Overall","Overall","_TOTINDA","47","47","","","","","",""
"2048247","2012","VT","Vermont","Physical Activity","Exercise","During the past month, did you participate in any physical activities? (variable calculated from one or more BRFSS questions)","Yes","BRFSS","%","Crude Prevalence","82.8","","","81.6","84.0","4859","Overall","Overall","_TOTINDA","48","48","","","","","",""
"2050805","2012","VA","Virginia","Physical Activity","Exercise","During the past month, did you participate in any physical activities? (variable calculated from one or more BRFSS questions)","Yes","BRFSS","%","Crude Prevalence","77.5","","","76.3","78.8","5656","Overall","Overall","_TOTINDA","49","49","","","","","",""
"2052648","2012","WA","Washington","Physical Activity","Exercise","During the past month, did you participate in any physical activities? (variable calculated from one or more BRFSS questions)","Yes","BRFSS","%","Crude Prevalence","81.0","","","80.2","81.9","12300","Overall","Overall","_TOTINDA","50","50","","","","","",""
"2056059","2012","WV","West Virginia","Physical Activity","Exercise","During the past month, did you participate in any physical activities? (variable calculated from one or more BRFSS questions)","Yes","BRFSS","%","Crude Prevalence","69.0","","","67.6","70.5","3657","Overall","Overall","_TOTINDA","51","51","","","","","",""
"2058605","2012","WI","Wisconsin","Physical Activity","Exercise","During the past month, did you participate in any physical activities? (variable calculated from one or more BRFSS questions)","Yes","BRFSS","%","Crude Prevalence","79.7","","","78.0","81.3","4087","Overall","Overall","_TOTINDA","52","52","","","","","",""
"2061481","2012","WY","Wyoming","Physical Activity","Exercise","During the past month, did you participate in any physical activities? (variable calculated from one or more BRFSS questions)","Yes","BRFSS","%","Crude Prevalence","78.9","","","77.3","80.5","4687","Overall","Overall","_TOTINDA","53","53","","","","","",""
"2064511","2012","GU","Guam","Physical Activity","Exercise","During the past month, did you participate in any physical activities? (variable calculated from one or more BRFSS questions)","Yes","BRFSS","%","Crude Prevalence","72.4","","","69.8","75.1","1483","Overall","Overall","_TOTINDA","56","56","","","","","",""
"2067189","2012","PR","Puerto Rico","Physical Activity","Exercise","During the past month, did you participate in any physical activities? (variable calculated from one or more BRFSS questions)","Yes","BRFSS","%","Crude Prevalence","57.6","","","56.1","59.0","3575","Overall","Overall","_TOTINDA","60","60","","","","","",""
"","","","","","","","","","","","","","","","","","","","","","","Datasource","","Behavioral Risk Factor Surveillance System","http://www.cdc.gov/brfss","BRFSS","CDC"
"","","","","","","","","","","","","","","","","","","","","","","MeasureDefinitions","%","Percent","","",""
"","","","","","","","","","","","","","","","","","","","","","","MeasureDefinitions","CI","95% Confidence Interval","","",""
"","","","","","","","","","","","","","","","","","","","","","","MeasureDefinitions","n","“Sample Size”. Translates to the number of adult respondents who answered this question, or were assigned to this category based on question responses for a calculated variable, or the number of states included for a median.","","",""
"","","","","","","","","","","","","","","","","","","","","","","MeasureDefinitions","N/A","Translates to no data available for a record.","","",""
"","","","","","","","","","","","","","","","","","","","","","","MeasureDefinitions","No Data","Translates to no data available for record.","","",""
"","","","","","","","","","","","","","","","","","","","","","","SuggestedCitation","","Centers for Disease Control and Prevention, National Center for Chronic Disease Prevention and Health Promotion, Division of Population Health. BRFSS Prevalence & Trends Data [online]. 2015.","https://www.cdc.gov/brfss/brfssprevalence/","",""
"","","","","","","","","","","","","","","","","","","","","","","RelatedLinks","","Prevalence Data and Data Analysis Tools","/brfss/data_tools.htm","",""
"","","","","","","","","","","","","","","","","","","","","","","RelatedLinks","","Behavioral Risk Factor Surveillance System (BRFSS)","/brfss/index.html","",""
"","","","","","","","","","","","","","","","","","","","","","","RelatedLinks","","Division of Population Health","/nccdphp/dph/index.html","",""
"","","","","","","","","","","","","","","","","","","","","","","RelatedLinks","","Survey Data & Documentation","/brfss/data_documentation/index.htm","",""
