﻿"ID","Year","LocationAbbr","LocationDesc","Class","Topic","Indicator","Response","DataSource","Data_Value_Unit","Data_Value_Type","Data_Value","Data_Value_Footnote_Symbol","Data_Value_Footnote","Low_Confidence_Limit","High_Confidence_Limit","Sample_Size","Stratification","StratificationType","IndicatorId","LocationOrder","ParentStateDisplayOrder","FootnoteType","FootNoteSymbol","FootnoteText","URL","DatasourceAbbr","Agency"
"2465383","2014","US","All States, DC and Territories (median) **","Physical Activity","Exercise","During the past month, did you participate in any physical activities? (variable calculated from one or more BRFSS questions)","Yes","BRFSS","%","Crude Prevalence","76.8","","","","","53","Overall","Overall","_TOTINDA","1","1","","","","","",""
"2464639","2014","UW","All States and DC (median) **","Physical Activity","Exercise","During the past month, did you participate in any physical activities? (variable calculated from one or more BRFSS questions)","Yes","BRFSS","%","Crude Prevalence","77.4","","","","","51","Overall","Overall","_TOTINDA","2","2","","","","","",""
"2273767","2014","AL","Alabama","Physical Activity","Exercise","During the past month, did you participate in any physical activities? (variable calculated from one or more BRFSS questions)","Yes","BRFSS","%","Crude Prevalence","72.4","","","71.0","73.7","6056","Overall","Overall","_TOTINDA","3","3","","","","","",""
"2276705","2014","AK","Alaska","Physical Activity","Exercise","During the past month, did you participate in any physical activities? (variable calculated from one or more BRFSS questions)","Yes","BRFSS","%","Crude Prevalence","80.8","","","79.2","82.5","3563","Overall","Overall","_TOTINDA","4","4","","","","","",""
"2280873","2014","AZ","Arizona","Physical Activity","Exercise","During the past month, did you participate in any physical activities? (variable calculated from one or more BRFSS questions)","Yes","BRFSS","%","Crude Prevalence","78.8","","","77.6","79.9","11484","Overall","Overall","_TOTINDA","5","5","","","","","",""
"2284979","2014","AR","Arkansas","Physical Activity","Exercise","During the past month, did you participate in any physical activities? (variable calculated from one or more BRFSS questions)","Yes","BRFSS","%","Crude Prevalence","69.4","","","67.5","71.2","3418","Overall","Overall","_TOTINDA","6","6","","","","","",""
"2288386","2014","CA","California","Physical Activity","Exercise","During the past month, did you participate in any physical activities? (variable calculated from one or more BRFSS questions)","Yes","BRFSS","%","Crude Prevalence","78.3","","","77.1","79.5","6185","Overall","Overall","_TOTINDA","7","7","","","","","",""
"2291816","2014","CO","Colorado","Physical Activity","Exercise","During the past month, did you participate in any physical activities? (variable calculated from one or more BRFSS questions)","Yes","BRFSS","%","Crude Prevalence","83.6","","","82.8","84.4","11131","Overall","Overall","_TOTINDA","8","8","","","","","",""
"2295923","2014","CT","Connecticut","Physical Activity","Exercise","During the past month, did you participate in any physical activities? (variable calculated from one or more BRFSS questions)","Yes","BRFSS","%","Crude Prevalence","79.4","","","78.1","80.7","6286","Overall","Overall","_TOTINDA","9","9","","","","","",""
"2299026","2014","DE","Delaware","Physical Activity","Exercise","During the past month, did you participate in any physical activities? (variable calculated from one or more BRFSS questions)","Yes","BRFSS","%","Crude Prevalence","75.1","","","73.2","76.9","3140","Overall","Overall","_TOTINDA","10","10","","","","","",""
"2303053","2014","DC","District of Columbia","Physical Activity","Exercise","During the past month, did you participate in any physical activities? (variable calculated from one or more BRFSS questions)","Yes","BRFSS","%","Crude Prevalence","79.2","","","77.0","81.4","3210","Overall","Overall","_TOTINDA","11","11","","","","","",""
"2307143","2014","FL","Florida","Physical Activity","Exercise","During the past month, did you participate in any physical activities? (variable calculated from one or more BRFSS questions)","Yes","BRFSS","%","Crude Prevalence","76.3","","","75.1","77.5","7393","Overall","Overall","_TOTINDA","12","12","","","","","",""
"2310066","2014","GA","Georgia","Physical Activity","Exercise","During the past month, did you participate in any physical activities? (variable calculated from one or more BRFSS questions)","Yes","BRFSS","%","Crude Prevalence","76.4","","","75.0","77.8","4691","Overall","Overall","_TOTINDA","13","13","","","","","",""
"2314383","2014","HI","Hawaii","Physical Activity","Exercise","During the past month, did you participate in any physical activities? (variable calculated from one or more BRFSS questions)","Yes","BRFSS","%","Crude Prevalence","80.4","","","79.1","81.7","5815","Overall","Overall","_TOTINDA","14","14","","","","","",""
"2318266","2014","ID","Idaho","Physical Activity","Exercise","During the past month, did you participate in any physical activities? (variable calculated from one or more BRFSS questions)","Yes","BRFSS","%","Crude Prevalence","81.3","","","79.8","82.8","4337","Overall","Overall","_TOTINDA","15","15","","","","","",""
"2321353","2014","IL","Illinois","Physical Activity","Exercise","During the past month, did you participate in any physical activities? (variable calculated from one or more BRFSS questions)","Yes","BRFSS","%","Crude Prevalence","76.1","","","74.5","77.7","3845","Overall","Overall","_TOTINDA","16","16","","","","","",""
"2324569","2014","IN","Indiana","Physical Activity","Exercise","During the past month, did you participate in any physical activities? (variable calculated from one or more BRFSS questions)","Yes","BRFSS","%","Crude Prevalence","73.9","","","72.9","75.0","8309","Overall","Overall","_TOTINDA","17","17","","","","","",""
"2329288","2014","IA","Iowa","Physical Activity","Exercise","During the past month, did you participate in any physical activities? (variable calculated from one or more BRFSS questions)","Yes","BRFSS","%","Crude Prevalence","77.4","","","76.2","78.5","6076","Overall","Overall","_TOTINDA","18","18","","","","","",""
"2331636","2014","KS","Kansas","Physical Activity","Exercise","During the past month, did you participate in any physical activities? (variable calculated from one or more BRFSS questions)","Yes","BRFSS","%","Crude Prevalence","76.2","","","75.3","77.1","10237","Overall","Overall","_TOTINDA","19","19","","","","","",""
"2336009","2014","KY","Kentucky","Physical Activity","Exercise","During the past month, did you participate in any physical activities? (variable calculated from one or more BRFSS questions)","Yes","BRFSS","%","Crude Prevalence","71.8","","","70.4","73.2","7626","Overall","Overall","_TOTINDA","20","20","","","","","",""
"2340159","2014","LA","Louisiana","Physical Activity","Exercise","During the past month, did you participate in any physical activities? (variable calculated from one or more BRFSS questions)","Yes","BRFSS","%","Crude Prevalence","70.5","","","69.1","71.9","4662","Overall","Overall","_TOTINDA","21","21","","","","","",""
"2342903","2014","ME","Maine","Physical Activity","Exercise","During the past month, did you participate in any physical activities? (variable calculated from one or more BRFSS questions)","Yes","BRFSS","%","Crude Prevalence","80.3","","","79.2","81.4","7177","Overall","Overall","_TOTINDA","22","22","","","","","",""
"2347374","2014","MD","Maryland","Physical Activity","Exercise","During the past month, did you participate in any physical activities? (variable calculated from one or more BRFSS questions)","Yes","BRFSS","%","Crude Prevalence","78.6","","","77.3","80.0","9688","Overall","Overall","_TOTINDA","23","23","","","","","",""
"2351140","2014","MA","Massachusetts","Physical Activity","Exercise","During the past month, did you participate in any physical activities? (variable calculated from one or more BRFSS questions)","Yes","BRFSS","%","Crude Prevalence","79.9","","","78.9","80.9","12217","Overall","Overall","_TOTINDA","24","24","","","","","",""
"2354752","2014","MI","Michigan","Physical Activity","Exercise","During the past month, did you participate in any physical activities? (variable calculated from one or more BRFSS questions)","Yes","BRFSS","%","Crude Prevalence","74.5","","","73.3","75.8","6390","Overall","Overall","_TOTINDA","25","25","","","","","",""
"2358263","2014","MN","Minnesota","Physical Activity","Exercise","During the past month, did you participate in any physical activities? (variable calculated from one or more BRFSS questions)","Yes","BRFSS","%","Crude Prevalence","79.8","","","79.0","80.5","13072","Overall","Overall","_TOTINDA","26","26","","","","","",""
"2362257","2014","MS","Mississippi","Physical Activity","Exercise","During the past month, did you participate in any physical activities? (variable calculated from one or more BRFSS questions)","Yes","BRFSS","%","Crude Prevalence","68.4","","","66.4","70.4","2807","Overall","Overall","_TOTINDA","27","27","","","","","",""
"2365770","2014","MO","Missouri","Physical Activity","Exercise","During the past month, did you participate in any physical activities? (variable calculated from one or more BRFSS questions)","Yes","BRFSS","%","Crude Prevalence","75.0","","","73.5","76.5","5043","Overall","Overall","_TOTINDA","28","28","","","","","",""
"2368595","2014","MT","Montana","Physical Activity","Exercise","During the past month, did you participate in any physical activities? (variable calculated from one or more BRFSS questions)","Yes","BRFSS","%","Crude Prevalence","80.4","","","79.2","81.7","5840","Overall","Overall","_TOTINDA","29","29","","","","","",""
"2372944","2014","NE","Nebraska","Physical Activity","Exercise","During the past month, did you participate in any physical activities? (variable calculated from one or more BRFSS questions)","Yes","BRFSS","%","Crude Prevalence","78.7","","","77.9","79.6","16840","Overall","Overall","_TOTINDA","30","30","","","","","",""
"2376688","2014","NV","Nevada","Physical Activity","Exercise","During the past month, did you participate in any physical activities? (variable calculated from one or more BRFSS questions)","Yes","BRFSS","%","Crude Prevalence","77.5","","","75.4","79.6","2910","Overall","Overall","_TOTINDA","31","31","","","","","",""
"2379549","2014","NH","New Hampshire","Physical Activity","Exercise","During the past month, did you participate in any physical activities? (variable calculated from one or more BRFSS questions)","Yes","BRFSS","%","Crude Prevalence","80.7","","","79.4","82.1","4855","Overall","Overall","_TOTINDA","32","32","","","","","",""
"2383862","2014","NJ","New Jersey","Physical Activity","Exercise","During the past month, did you participate in any physical activities? (variable calculated from one or more BRFSS questions)","Yes","BRFSS","%","Crude Prevalence","76.7","","","75.6","77.8","9891","Overall","Overall","_TOTINDA","33","33","","","","","",""
"2387800","2014","NM","New Mexico","Physical Activity","Exercise","During the past month, did you participate in any physical activities? (variable calculated from one or more BRFSS questions)","Yes","BRFSS","%","Crude Prevalence","76.7","","","75.4","78.1","6826","Overall","Overall","_TOTINDA","34","34","","","","","",""
"2391292","2014","NY","New York","Physical Activity","Exercise","During the past month, did you participate in any physical activities? (variable calculated from one or more BRFSS questions)","Yes","BRFSS","%","Crude Prevalence","74.1","","","72.8","75.5","5122","Overall","Overall","_TOTINDA","35","35","","","","","",""
"2394793","2014","NC","North Carolina","Physical Activity","Exercise","During the past month, did you participate in any physical activities? (variable calculated from one or more BRFSS questions)","Yes","BRFSS","%","Crude Prevalence","76.8","","","75.7","78.0","5493","Overall","Overall","_TOTINDA","36","36","","","","","",""
"2398695","2014","ND","North Dakota","Physical Activity","Exercise","During the past month, did you participate in any physical activities? (variable calculated from one or more BRFSS questions)","Yes","BRFSS","%","Crude Prevalence","78.7","","","77.3","80.1","5940","Overall","Overall","_TOTINDA","37","37","","","","","",""
"2402084","2014","OH","Ohio","Physical Activity","Exercise","During the past month, did you participate in any physical activities? (variable calculated from one or more BRFSS questions)","Yes","BRFSS","%","Crude Prevalence","75.1","","","73.8","76.3","7837","Overall","Overall","_TOTINDA","38","38","","","","","",""
"2405533","2014","OK","Oklahoma","Physical Activity","Exercise","During the past month, did you participate in any physical activities? (variable calculated from one or more BRFSS questions)","Yes","BRFSS","%","Crude Prevalence","71.7","","","70.5","72.9","5785","Overall","Overall","_TOTINDA","39","39","","","","","",""
"2409481","2014","OR","Oregon","Physical Activity","Exercise","During the past month, did you participate in any physical activities? (variable calculated from one or more BRFSS questions)","Yes","BRFSS","%","Crude Prevalence","83.5","","","82.2","84.8","4319","Overall","Overall","_TOTINDA","40","40","","","","","",""
"2413020","2014","PA","Pennsylvania","Physical Activity","Exercise","During the past month, did you participate in any physical activities? (variable calculated from one or more BRFSS questions)","Yes","BRFSS","%","Crude Prevalence","76.7","","","75.6","77.8","8191","Overall","Overall","_TOTINDA","41","41","","","","","",""
"2416570","2014","RI","Rhode Island","Physical Activity","Exercise","During the past month, did you participate in any physical activities? (variable calculated from one or more BRFSS questions)","Yes","BRFSS","%","Crude Prevalence","77.5","","","76.0","78.9","4850","Overall","Overall","_TOTINDA","42","42","","","","","",""
"2420509","2014","SC","South Carolina","Physical Activity","Exercise","During the past month, did you participate in any physical activities? (variable calculated from one or more BRFSS questions)","Yes","BRFSS","%","Crude Prevalence","74.7","","","73.5","75.8","8087","Overall","Overall","_TOTINDA","43","43","","","","","",""
"2424161","2014","SD","South Dakota","Physical Activity","Exercise","During the past month, did you participate in any physical activities? (variable calculated from one or more BRFSS questions)","Yes","BRFSS","%","Crude Prevalence","78.8","","","77.1","80.5","5768","Overall","Overall","_TOTINDA","44","44","","","","","",""
"2427744","2014","TN","Tennessee","Physical Activity","Exercise","During the past month, did you participate in any physical activities? (variable calculated from one or more BRFSS questions)","Yes","BRFSS","%","Crude Prevalence","73.2","","","71.5","74.9","3523","Overall","Overall","_TOTINDA","45","45","","","","","",""
"2431996","2014","TX","Texas","Physical Activity","Exercise","During the past month, did you participate in any physical activities? (variable calculated from one or more BRFSS questions)","Yes","BRFSS","%","Crude Prevalence","72.4","","","71.2","73.7","11132","Overall","Overall","_TOTINDA","46","46","","","","","",""
"2435213","2014","UT","Utah","Physical Activity","Exercise","During the past month, did you participate in any physical activities? (variable calculated from one or more BRFSS questions)","Yes","BRFSS","%","Crude Prevalence","83.2","","","82.5","84.0","12443","Overall","Overall","_TOTINDA","47","47","","","","","",""
"2438695","2014","VT","Vermont","Physical Activity","Exercise","During the past month, did you participate in any physical activities? (variable calculated from one or more BRFSS questions)","Yes","BRFSS","%","Crude Prevalence","81.0","","","79.9","82.2","5226","Overall","Overall","_TOTINDA","48","48","","","","","",""
"2443079","2014","VA","Virginia","Physical Activity","Exercise","During the past month, did you participate in any physical activities? (variable calculated from one or more BRFSS questions)","Yes","BRFSS","%","Crude Prevalence","76.5","","","75.3","77.6","7122","Overall","Overall","_TOTINDA","49","49","","","","","",""
"2446143","2014","WA","Washington","Physical Activity","Exercise","During the past month, did you participate in any physical activities? (variable calculated from one or more BRFSS questions)","Yes","BRFSS","%","Crude Prevalence","81.9","","","80.8","83.0","8270","Overall","Overall","_TOTINDA","50","50","","","","","",""
"2449806","2014","WV","West Virginia","Physical Activity","Exercise","During the past month, did you participate in any physical activities? (variable calculated from one or more BRFSS questions)","Yes","BRFSS","%","Crude Prevalence","71.3","","","69.9","72.6","4368","Overall","Overall","_TOTINDA","51","51","","","","","",""
"2454309","2014","WI","Wisconsin","Physical Activity","Exercise","During the past month, did you participate in any physical activities? (variable calculated from one or more BRFSS questions)","Yes","BRFSS","%","Crude Prevalence","78.8","","","77.4","80.2","5482","Overall","Overall","_TOTINDA","52","52","","","","","",""
"2457032","2014","WY","Wyoming","Physical Activity","Exercise","During the past month, did you participate in any physical activities? (variable calculated from one or more BRFSS questions)","Yes","BRFSS","%","Crude Prevalence","77.9","","","76.2","79.6","4700","Overall","Overall","_TOTINDA","53","53","","","","","",""
"2460602","2014","GU","Guam","Physical Activity","Exercise","During the past month, did you participate in any physical activities? (variable calculated from one or more BRFSS questions)","Yes","BRFSS","%","Crude Prevalence","72.3","","","69.9","74.8","1862","Overall","Overall","_TOTINDA","56","56","","","","","",""
"2464403","2014","PR","Puerto Rico","Physical Activity","Exercise","During the past month, did you participate in any physical activities? (variable calculated from one or more BRFSS questions)","Yes","BRFSS","%","Crude Prevalence","59.4","","","57.8","60.9","3471","Overall","Overall","_TOTINDA","60","60","","","","","",""
"","","","","","","","","","","","","","","","","","","","","","","Datasource","","Behavioral Risk Factor Surveillance System","http://www.cdc.gov/brfss","BRFSS","CDC"
"","","","","","","","","","","","","","","","","","","","","","","MeasureDefinitions","%","Percent","","",""
"","","","","","","","","","","","","","","","","","","","","","","MeasureDefinitions","CI","95% Confidence Interval","","",""
"","","","","","","","","","","","","","","","","","","","","","","MeasureDefinitions","n","“Sample Size”. Translates to the number of adult respondents who answered this question, or were assigned to this category based on question responses for a calculated variable, or the number of states included for a median.","","",""
"","","","","","","","","","","","","","","","","","","","","","","MeasureDefinitions","N/A","Translates to no data available for a record.","","",""
"","","","","","","","","","","","","","","","","","","","","","","MeasureDefinitions","No Data","Translates to no data available for record.","","",""
"","","","","","","","","","","","","","","","","","","","","","","SuggestedCitation","","Centers for Disease Control and Prevention, National Center for Chronic Disease Prevention and Health Promotion, Division of Population Health. BRFSS Prevalence & Trends Data [online]. 2015.","https://www.cdc.gov/brfss/brfssprevalence/","",""
"","","","","","","","","","","","","","","","","","","","","","","RelatedLinks","","Prevalence Data and Data Analysis Tools","/brfss/data_tools.htm","",""
"","","","","","","","","","","","","","","","","","","","","","","RelatedLinks","","Behavioral Risk Factor Surveillance System (BRFSS)","/brfss/index.html","",""
"","","","","","","","","","","","","","","","","","","","","","","RelatedLinks","","Division of Population Health","/nccdphp/dph/index.html","",""
"","","","","","","","","","","","","","","","","","","","","","","RelatedLinks","","Survey Data & Documentation","/brfss/data_documentation/index.htm","",""
