﻿"ID","Year","LocationAbbr","LocationDesc","Class","Topic","Indicator","Response","DataSource","Data_Value_Unit","Data_Value_Type","Data_Value","Data_Value_Footnote_Symbol","Data_Value_Footnote","Low_Confidence_Limit","High_Confidence_Limit","Sample_Size","Stratification","StratificationType","IndicatorId","LocationOrder","ParentStateDisplayOrder","FootnoteType","FootNoteSymbol","FootnoteText","URL","DatasourceAbbr","Agency"
"2695428","2015","US","All States, DC and Territories (median) **","Physical Activity","Exercise","During the past month, did you participate in any physical activities? (variable calculated from one or more BRFSS questions)","Yes","BRFSS","%","Crude Prevalence","73.8","","","","","53","Overall","Overall","_TOTINDA","1","1","","","","","",""
"2694996","2015","UW","All States and DC (median) **","Physical Activity","Exercise","During the past month, did you participate in any physical activities? (variable calculated from one or more BRFSS questions)","Yes","BRFSS","%","Crude Prevalence","73.8","","","","","51","Overall","Overall","_TOTINDA","2","2","","","","","",""
"2469194","2015","AL","Alabama","Physical Activity","Exercise","During the past month, did you participate in any physical activities? (variable calculated from one or more BRFSS questions)","Yes","BRFSS","%","Crude Prevalence","68.1","","","66.6","69.6","4851","Overall","Overall","_TOTINDA","3","3","","","","","",""
"2473558","2015","AK","Alaska","Physical Activity","Exercise","During the past month, did you participate in any physical activities? (variable calculated from one or more BRFSS questions)","Yes","BRFSS","%","Crude Prevalence","78.1","","","75.7","80.4","2648","Overall","Overall","_TOTINDA","4","4","","","","","",""
"2478227","2015","AZ","Arizona","Physical Activity","Exercise","During the past month, did you participate in any physical activities? (variable calculated from one or more BRFSS questions)","Yes","BRFSS","%","Crude Prevalence","75.3","","","73.8","76.8","5439","Overall","Overall","_TOTINDA","5","5","","","","","",""
"2482303","2015","AR","Arkansas","Physical Activity","Exercise","During the past month, did you participate in any physical activities? (variable calculated from one or more BRFSS questions)","Yes","BRFSS","%","Crude Prevalence","65.8","","","63.5","68.2","2958","Overall","Overall","_TOTINDA","6","6","","","","","",""
"2486474","2015","CA","California","Physical Activity","Exercise","During the past month, did you participate in any physical activities? (variable calculated from one or more BRFSS questions)","Yes","BRFSS","%","Crude Prevalence","80.1","","","79.1","81.0","8793","Overall","Overall","_TOTINDA","7","7","","","","","",""
"2491229","2015","CO","Colorado","Physical Activity","Exercise","During the past month, did you participate in any physical activities? (variable calculated from one or more BRFSS questions)","Yes","BRFSS","%","Crude Prevalence","82.1","","","81.1","83.2","9577","Overall","Overall","_TOTINDA","8","8","","","","","",""
"2494805","2015","CT","Connecticut","Physical Activity","Exercise","During the past month, did you participate in any physical activities? (variable calculated from one or more BRFSS questions)","Yes","BRFSS","%","Crude Prevalence","76.5","","","75.3","77.7","8106","Overall","Overall","_TOTINDA","9","9","","","","","",""
"2499737","2015","DE","Delaware","Physical Activity","Exercise","During the past month, did you participate in any physical activities? (variable calculated from one or more BRFSS questions)","Yes","BRFSS","%","Crude Prevalence","70.6","","","68.5","72.7","2626","Overall","Overall","_TOTINDA","10","10","","","","","",""
"2504357","2015","DC","District of Columbia","Physical Activity","Exercise","During the past month, did you participate in any physical activities? (variable calculated from one or more BRFSS questions)","Yes","BRFSS","%","Crude Prevalence","80.6","","","78.1","83.1","2797","Overall","Overall","_TOTINDA","11","11","","","","","",""
"2507945","2015","FL","Florida","Physical Activity","Exercise","During the past month, did you participate in any physical activities? (variable calculated from one or more BRFSS questions)","Yes","BRFSS","%","Crude Prevalence","73.8","","","72.4","75.1","6421","Overall","Overall","_TOTINDA","12","12","","","","","",""
"2512703","2015","GA","Georgia","Physical Activity","Exercise","During the past month, did you participate in any physical activities? (variable calculated from one or more BRFSS questions)","Yes","BRFSS","%","Crude Prevalence","72.7","","","70.8","74.6","2998","Overall","Overall","_TOTINDA","13","13","","","","","",""
"2516889","2015","HI","Hawaii","Physical Activity","Exercise","During the past month, did you participate in any physical activities? (variable calculated from one or more BRFSS questions)","Yes","BRFSS","%","Crude Prevalence","77.5","","","76.1","79.0","5064","Overall","Overall","_TOTINDA","14","14","","","","","",""
"2521320","2015","ID","Idaho","Physical Activity","Exercise","During the past month, did you participate in any physical activities? (variable calculated from one or more BRFSS questions)","Yes","BRFSS","%","Crude Prevalence","78.8","","","77.3","80.4","4105","Overall","Overall","_TOTINDA","15","15","","","","","",""
"2525648","2015","IL","Illinois","Physical Activity","Exercise","During the past month, did you participate in any physical activities? (variable calculated from one or more BRFSS questions)","Yes","BRFSS","%","Crude Prevalence","75.2","","","73.6","76.7","3636","Overall","Overall","_TOTINDA","16","16","","","","","",""
"2530340","2015","IN","Indiana","Physical Activity","Exercise","During the past month, did you participate in any physical activities? (variable calculated from one or more BRFSS questions)","Yes","BRFSS","%","Crude Prevalence","70.6","","","68.8","72.4","3914","Overall","Overall","_TOTINDA","17","17","","","","","",""
"2533581","2015","IA","Iowa","Physical Activity","Exercise","During the past month, did you participate in any physical activities? (variable calculated from one or more BRFSS questions)","Yes","BRFSS","%","Crude Prevalence","73.7","","","72.2","75.2","4151","Overall","Overall","_TOTINDA","18","18","","","","","",""
"2538496","2015","KS","Kansas","Physical Activity","Exercise","During the past month, did you participate in any physical activities? (variable calculated from one or more BRFSS questions)","Yes","BRFSS","%","Crude Prevalence","73.5","","","72.7","74.2","15153","Overall","Overall","_TOTINDA","19","19","","","","","",""
"2542835","2015","KY","Kentucky","Physical Activity","Exercise","During the past month, did you participate in any physical activities? (variable calculated from one or more BRFSS questions)","Yes","BRFSS","%","Crude Prevalence","67.5","","","65.8","69.2","5305","Overall","Overall","_TOTINDA","20","20","","","","","",""
"2546564","2015","LA","Louisiana","Physical Activity","Exercise","During the past month, did you participate in any physical activities? (variable calculated from one or more BRFSS questions)","Yes","BRFSS","%","Crude Prevalence","68.1","","","66.2","69.9","2779","Overall","Overall","_TOTINDA","21","21","","","","","",""
"2551656","2015","ME","Maine","Physical Activity","Exercise","During the past month, did you participate in any physical activities? (variable calculated from one or more BRFSS questions)","Yes","BRFSS","%","Crude Prevalence","75.2","","","73.9","76.5","6397","Overall","Overall","_TOTINDA","22","22","","","","","",""
"2555507","2015","MD","Maryland","Physical Activity","Exercise","During the past month, did you participate in any physical activities? (variable calculated from one or more BRFSS questions)","Yes","BRFSS","%","Crude Prevalence","75.9","","","74.3","77.5","8387","Overall","Overall","_TOTINDA","23","23","","","","","",""
"2559558","2015","MA","Massachusetts","Physical Activity","Exercise","During the past month, did you participate in any physical activities? (variable calculated from one or more BRFSS questions)","Yes","BRFSS","%","Crude Prevalence","73.5","","","72.1","74.9","5989","Overall","Overall","_TOTINDA","24","24","","","","","",""
"2564749","2015","MI","Michigan","Physical Activity","Exercise","During the past month, did you participate in any physical activities? (variable calculated from one or more BRFSS questions)","Yes","BRFSS","%","Crude Prevalence","74.5","","","73.3","75.7","6357","Overall","Overall","_TOTINDA","25","25","","","","","",""
"2569335","2015","MN","Minnesota","Physical Activity","Exercise","During the past month, did you participate in any physical activities? (variable calculated from one or more BRFSS questions)","Yes","BRFSS","%","Crude Prevalence","78.2","","","77.4","79.1","12197","Overall","Overall","_TOTINDA","26","26","","","","","",""
"2573065","2015","MS","Mississippi","Physical Activity","Exercise","During the past month, did you participate in any physical activities? (variable calculated from one or more BRFSS questions)","Yes","BRFSS","%","Crude Prevalence","63.2","","","61.3","65.0","3480","Overall","Overall","_TOTINDA","27","27","","","","","",""
"2577720","2015","MO","Missouri","Physical Activity","Exercise","During the past month, did you participate in any physical activities? (variable calculated from one or more BRFSS questions)","Yes","BRFSS","%","Crude Prevalence","73.0","","","71.5","74.5","4803","Overall","Overall","_TOTINDA","28","28","","","","","",""
"2581933","2015","MT","Montana","Physical Activity","Exercise","During the past month, did you participate in any physical activities? (variable calculated from one or more BRFSS questions)","Yes","BRFSS","%","Crude Prevalence","77.5","","","76.0","79.0","4312","Overall","Overall","_TOTINDA","29","29","","","","","",""
"2585913","2015","NE","Nebraska","Physical Activity","Exercise","During the past month, did you participate in any physical activities? (variable calculated from one or more BRFSS questions)","Yes","BRFSS","%","Crude Prevalence","74.7","","","73.6","75.7","11712","Overall","Overall","_TOTINDA","30","30","","","","","",""
"2590668","2015","NV","Nevada","Physical Activity","Exercise","During the past month, did you participate in any physical activities? (variable calculated from one or more BRFSS questions)","Yes","BRFSS","%","Crude Prevalence","75.3","","","72.8","77.9","2070","Overall","Overall","_TOTINDA","31","31","","","","","",""
"2594705","2015","NH","New Hampshire","Physical Activity","Exercise","During the past month, did you participate in any physical activities? (variable calculated from one or more BRFSS questions)","Yes","BRFSS","%","Crude Prevalence","77.4","","","75.9","78.8","4867","Overall","Overall","_TOTINDA","32","32","","","","","",""
"2598899","2015","NJ","New Jersey","Physical Activity","Exercise","During the past month, did you participate in any physical activities? (variable calculated from one or more BRFSS questions)","Yes","BRFSS","%","Crude Prevalence","72.8","","","71.4","74.2","7597","Overall","Overall","_TOTINDA","33","33","","","","","",""
"2603686","2015","NM","New Mexico","Physical Activity","Exercise","During the past month, did you participate in any physical activities? (variable calculated from one or more BRFSS questions)","Yes","BRFSS","%","Crude Prevalence","77.4","","","75.8","78.9","4618","Overall","Overall","_TOTINDA","34","34","","","","","",""
"2608343","2015","NY","New York","Physical Activity","Exercise","During the past month, did you participate in any physical activities? (variable calculated from one or more BRFSS questions)","Yes","BRFSS","%","Crude Prevalence","70.7","","","69.5","71.9","7844","Overall","Overall","_TOTINDA","35","35","","","","","",""
"2611909","2015","NC","North Carolina","Physical Activity","Exercise","During the past month, did you participate in any physical activities? (variable calculated from one or more BRFSS questions)","Yes","BRFSS","%","Crude Prevalence","73.8","","","72.5","75.2","4607","Overall","Overall","_TOTINDA","36","36","","","","","",""
"2616947","2015","ND","North Dakota","Physical Activity","Exercise","During the past month, did you participate in any physical activities? (variable calculated from one or more BRFSS questions)","Yes","BRFSS","%","Crude Prevalence","73.2","","","71.5","74.9","3328","Overall","Overall","_TOTINDA","37","37","","","","","",""
"2620875","2015","OH","Ohio","Physical Activity","Exercise","During the past month, did you participate in any physical activities? (variable calculated from one or more BRFSS questions)","Yes","BRFSS","%","Crude Prevalence","73.0","","","71.6","74.3","7682","Overall","Overall","_TOTINDA","38","38","","","","","",""
"2625361","2015","OK","Oklahoma","Physical Activity","Exercise","During the past month, did you participate in any physical activities? (variable calculated from one or more BRFSS questions)","Yes","BRFSS","%","Crude Prevalence","66.8","","","65.1","68.5","4235","Overall","Overall","_TOTINDA","39","39","","","","","",""
"2629623","2015","OR","Oregon","Physical Activity","Exercise","During the past month, did you participate in any physical activities? (variable calculated from one or more BRFSS questions)","Yes","BRFSS","%","Crude Prevalence","81.3","","","79.8","82.7","3943","Overall","Overall","_TOTINDA","40","40","","","","","",""
"2633666","2015","PA","Pennsylvania","Physical Activity","Exercise","During the past month, did you participate in any physical activities? (variable calculated from one or more BRFSS questions)","Yes","BRFSS","%","Crude Prevalence","72.2","","","70.6","73.9","3826","Overall","Overall","_TOTINDA","41","41","","","","","",""
"2637673","2015","RI","Rhode Island","Physical Activity","Exercise","During the past month, did you participate in any physical activities? (variable calculated from one or more BRFSS questions)","Yes","BRFSS","%","Crude Prevalence","71.9","","","70.2","73.7","3964","Overall","Overall","_TOTINDA","42","42","","","","","",""
"2642462","2015","SC","South Carolina","Physical Activity","Exercise","During the past month, did you participate in any physical activities? (variable calculated from one or more BRFSS questions)","Yes","BRFSS","%","Crude Prevalence","73.3","","","72.1","74.5","7797","Overall","Overall","_TOTINDA","43","43","","","","","",""
"2646725","2015","SD","South Dakota","Physical Activity","Exercise","During the past month, did you participate in any physical activities? (variable calculated from one or more BRFSS questions)","Yes","BRFSS","%","Crude Prevalence","78.6","","","76.9","80.2","5263","Overall","Overall","_TOTINDA","44","44","","","","","",""
"2650852","2015","TN","Tennessee","Physical Activity","Exercise","During the past month, did you participate in any physical activities? (variable calculated from one or more BRFSS questions)","Yes","BRFSS","%","Crude Prevalence","69.6","","","67.7","71.6","3679","Overall","Overall","_TOTINDA","45","45","","","","","",""
"2655470","2015","TX","Texas","Physical Activity","Exercise","During the past month, did you participate in any physical activities? (variable calculated from one or more BRFSS questions)","Yes","BRFSS","%","Crude Prevalence","70.5","","","69.0","72.0","8907","Overall","Overall","_TOTINDA","46","46","","","","","",""
"2659793","2015","UT","Utah","Physical Activity","Exercise","During the past month, did you participate in any physical activities? (variable calculated from one or more BRFSS questions)","Yes","BRFSS","%","Crude Prevalence","79.7","","","78.8","80.7","8381","Overall","Overall","_TOTINDA","47","47","","","","","",""
"2663891","2015","VT","Vermont","Physical Activity","Exercise","During the past month, did you participate in any physical activities? (variable calculated from one or more BRFSS questions)","Yes","BRFSS","%","Crude Prevalence","77.8","","","76.4","79.2","4729","Overall","Overall","_TOTINDA","48","48","","","","","",""
"2668475","2015","VA","Virginia","Physical Activity","Exercise","During the past month, did you participate in any physical activities? (variable calculated from one or more BRFSS questions)","Yes","BRFSS","%","Crude Prevalence","74.9","","","73.5","76.2","6039","Overall","Overall","_TOTINDA","49","49","","","","","",""
"2672732","2015","WA","Washington","Physical Activity","Exercise","During the past month, did you participate in any physical activities? (variable calculated from one or more BRFSS questions)","Yes","BRFSS","%","Crude Prevalence","81.0","","","80.2","81.9","12164","Overall","Overall","_TOTINDA","50","50","","","","","",""
"2677379","2015","WV","West Virginia","Physical Activity","Exercise","During the past month, did you participate in any physical activities? (variable calculated from one or more BRFSS questions)","Yes","BRFSS","%","Crude Prevalence","69.2","","","67.8","70.6","3943","Overall","Overall","_TOTINDA","51","51","","","","","",""
"2681720","2015","WI","Wisconsin","Physical Activity","Exercise","During the past month, did you participate in any physical activities? (variable calculated from one or more BRFSS questions)","Yes","BRFSS","%","Crude Prevalence","78.4","","","76.8","79.9","4244","Overall","Overall","_TOTINDA","52","52","","","","","",""
"2685739","2015","WY","Wyoming","Physical Activity","Exercise","During the past month, did you participate in any physical activities? (variable calculated from one or more BRFSS questions)","Yes","BRFSS","%","Crude Prevalence","73.8","","","71.9","75.8","3634","Overall","Overall","_TOTINDA","53","53","","","","","",""
"2689930","2015","GU","Guam","Physical Activity","Exercise","During the past month, did you participate in any physical activities? (variable calculated from one or more BRFSS questions)","Yes","BRFSS","%","Crude Prevalence","68.9","","","65.4","72.3","1044","Overall","Overall","_TOTINDA","56","56","","","","","",""
"2694712","2015","PR","Puerto Rico","Physical Activity","Exercise","During the past month, did you participate in any physical activities? (variable calculated from one or more BRFSS questions)","Yes","BRFSS","%","Crude Prevalence","51.9","","","50.3","53.6","2660","Overall","Overall","_TOTINDA","60","60","","","","","",""
"","","","","","","","","","","","","","","","","","","","","","","Datasource","","Behavioral Risk Factor Surveillance System","http://www.cdc.gov/brfss","BRFSS","CDC"
"","","","","","","","","","","","","","","","","","","","","","","MeasureDefinitions","%","Percent","","",""
"","","","","","","","","","","","","","","","","","","","","","","MeasureDefinitions","CI","95% Confidence Interval","","",""
"","","","","","","","","","","","","","","","","","","","","","","MeasureDefinitions","n","“Sample Size”. Translates to the number of adult respondents who answered this question, or were assigned to this category based on question responses for a calculated variable, or the number of states included for a median.","","",""
"","","","","","","","","","","","","","","","","","","","","","","MeasureDefinitions","N/A","Translates to no data available for a record.","","",""
"","","","","","","","","","","","","","","","","","","","","","","MeasureDefinitions","No Data","Translates to no data available for record.","","",""
"","","","","","","","","","","","","","","","","","","","","","","SuggestedCitation","","Centers for Disease Control and Prevention, National Center for Chronic Disease Prevention and Health Promotion, Division of Population Health. BRFSS Prevalence & Trends Data [online]. 2015.","https://www.cdc.gov/brfss/brfssprevalence/","",""
"","","","","","","","","","","","","","","","","","","","","","","RelatedLinks","","Prevalence Data and Data Analysis Tools","/brfss/data_tools.htm","",""
"","","","","","","","","","","","","","","","","","","","","","","RelatedLinks","","Behavioral Risk Factor Surveillance System (BRFSS)","/brfss/index.html","",""
"","","","","","","","","","","","","","","","","","","","","","","RelatedLinks","","Division of Population Health","/nccdphp/dph/index.html","",""
"","","","","","","","","","","","","","","","","","","","","","","RelatedLinks","","Survey Data & Documentation","/brfss/data_documentation/index.htm","",""
