﻿"ID","Year","LocationAbbr","LocationDesc","Class","Topic","Indicator","Response","DataSource","Data_Value_Unit","Data_Value_Type","Data_Value","Data_Value_Footnote_Symbol","Data_Value_Footnote","Low_Confidence_Limit","High_Confidence_Limit","Sample_Size","Stratification","StratificationType","IndicatorId","LocationOrder","ParentStateDisplayOrder","FootnoteType","FootNoteSymbol","FootnoteText","URL","DatasourceAbbr","Agency"
"2924770","2016","US","All States, DC and Territories (median) **","Physical Activity","Exercise","During the past month, did you participate in any physical activities? (variable calculated from one or more BRFSS questions)","Yes","BRFSS","%","Crude Prevalence","76.7","","","","","54","Overall","Overall","_TOTINDA","1","1","","","","","",""
"2925085","2016","UW","All States and DC (median) **","Physical Activity","Exercise","During the past month, did you participate in any physical activities? (variable calculated from one or more BRFSS questions)","Yes","BRFSS","%","Crude Prevalence","76.9","","","","","51","Overall","Overall","_TOTINDA","2","2","","","","","",""
"2698579","2016","AL","Alabama","Physical Activity","Exercise","During the past month, did you participate in any physical activities? (variable calculated from one or more BRFSS questions)","Yes","BRFSS","%","Crude Prevalence","70.6","","","69.2","72.0","4835","Overall","Overall","_TOTINDA","3","3","","","","","",""
"2702745","2016","AK","Alaska","Physical Activity","Exercise","During the past month, did you participate in any physical activities? (variable calculated from one or more BRFSS questions)","Yes","BRFSS","%","Crude Prevalence","80.9","","","78.3","83.6","2317","Overall","Overall","_TOTINDA","4","4","","","","","",""
"2707421","2016","AZ","Arizona","Physical Activity","Exercise","During the past month, did you participate in any physical activities? (variable calculated from one or more BRFSS questions)","Yes","BRFSS","%","Crude Prevalence","76.9","","","75.6","78.3","8112","Overall","Overall","_TOTINDA","5","5","","","","","",""
"2711862","2016","AR","Arkansas","Physical Activity","Exercise","During the past month, did you participate in any physical activities? (variable calculated from one or more BRFSS questions)","Yes","BRFSS","%","Crude Prevalence","67.5","","","65.2","69.8","3392","Overall","Overall","_TOTINDA","6","6","","","","","",""
"2716333","2016","CA","California","Physical Activity","Exercise","During the past month, did you participate in any physical activities? (variable calculated from one or more BRFSS questions)","Yes","BRFSS","%","Crude Prevalence","79.5","","","78.6","80.5","9155","Overall","Overall","_TOTINDA","7","7","","","","","",""
"2720181","2016","CO","Colorado","Physical Activity","Exercise","During the past month, did you participate in any physical activities? (variable calculated from one or more BRFSS questions)","Yes","BRFSS","%","Crude Prevalence","84.2","","","83.4","85.0","12468","Overall","Overall","_TOTINDA","8","8","","","","","",""
"2723672","2016","CT","Connecticut","Physical Activity","Exercise","During the past month, did you participate in any physical activities? (variable calculated from one or more BRFSS questions)","Yes","BRFSS","%","Crude Prevalence","78.7","","","77.7","79.8","8657","Overall","Overall","_TOTINDA","9","9","","","","","",""
"2729027","2016","DE","Delaware","Physical Activity","Exercise","During the past month, did you participate in any physical activities? (variable calculated from one or more BRFSS questions)","Yes","BRFSS","%","Crude Prevalence","73.4","","","71.5","75.2","2856","Overall","Overall","_TOTINDA","10","10","","","","","",""
"2733274","2016","DC","District of Columbia","Physical Activity","Exercise","During the past month, did you participate in any physical activities? (variable calculated from one or more BRFSS questions)","Yes","BRFSS","%","Crude Prevalence","83.8","","","82.4","85.3","3125","Overall","Overall","_TOTINDA","11","11","","","","","",""
"2736592","2016","FL","Florida","Physical Activity","Exercise","During the past month, did you participate in any physical activities? (variable calculated from one or more BRFSS questions)","Yes","BRFSS","%","Crude Prevalence","70.2","","","69.2","71.2","24620","Overall","Overall","_TOTINDA","12","12","","","","","",""
"2741313","2016","GA","Georgia","Physical Activity","Exercise","During the past month, did you participate in any physical activities? (variable calculated from one or more BRFSS questions)","Yes","BRFSS","%","Crude Prevalence","70.6","","","69.0","72.2","3669","Overall","Overall","_TOTINDA","13","13","","","","","",""
"2745992","2016","HI","Hawaii","Physical Activity","Exercise","During the past month, did you participate in any physical activities? (variable calculated from one or more BRFSS questions)","Yes","BRFSS","%","Crude Prevalence","79.2","","","77.9","80.5","6520","Overall","Overall","_TOTINDA","14","14","","","","","",""
"2750264","2016","ID","Idaho","Physical Activity","Exercise","During the past month, did you participate in any physical activities? (variable calculated from one or more BRFSS questions)","Yes","BRFSS","%","Crude Prevalence","79.8","","","78.2","81.3","4016","Overall","Overall","_TOTINDA","15","15","","","","","",""
"2754336","2016","IL","Illinois","Physical Activity","Exercise","During the past month, did you participate in any physical activities? (variable calculated from one or more BRFSS questions)","Yes","BRFSS","%","Crude Prevalence","76.1","","","74.6","77.6","3591","Overall","Overall","_TOTINDA","16","16","","","","","",""
"2757699","2016","IN","Indiana","Physical Activity","Exercise","During the past month, did you participate in any physical activities? (variable calculated from one or more BRFSS questions)","Yes","BRFSS","%","Crude Prevalence","73.2","","","72.0","74.4","7835","Overall","Overall","_TOTINDA","17","17","","","","","",""
"2762508","2016","IA","Iowa","Physical Activity","Exercise","During the past month, did you participate in any physical activities? (variable calculated from one or more BRFSS questions)","Yes","BRFSS","%","Crude Prevalence","77.3","","","76.1","78.6","5429","Overall","Overall","_TOTINDA","18","18","","","","","",""
"2767077","2016","KS","Kansas","Physical Activity","Exercise","During the past month, did you participate in any physical activities? (variable calculated from one or more BRFSS questions)","Yes","BRFSS","%","Crude Prevalence","76.5","","","75.5","77.5","9134","Overall","Overall","_TOTINDA","19","19","","","","","",""
"2771116","2016","KY","Kentucky","Physical Activity","Exercise","During the past month, did you participate in any physical activities? (variable calculated from one or more BRFSS questions)","Yes","BRFSS","%","Crude Prevalence","70.2","","","68.8","71.6","7129","Overall","Overall","_TOTINDA","20","20","","","","","",""
"2774902","2016","LA","Louisiana","Physical Activity","Exercise","During the past month, did you participate in any physical activities? (variable calculated from one or more BRFSS questions)","Yes","BRFSS","%","Crude Prevalence","70.9","","","68.9","72.9","3579","Overall","Overall","_TOTINDA","21","21","","","","","",""
"2779450","2016","ME","Maine","Physical Activity","Exercise","During the past month, did you participate in any physical activities? (variable calculated from one or more BRFSS questions)","Yes","BRFSS","%","Crude Prevalence","79.4","","","78.2","80.6","7895","Overall","Overall","_TOTINDA","22","22","","","","","",""
"2784360","2016","MD","Maryland","Physical Activity","Exercise","During the past month, did you participate in any physical activities? (variable calculated from one or more BRFSS questions)","Yes","BRFSS","%","Crude Prevalence","76.9","","","75.9","77.8","13876","Overall","Overall","_TOTINDA","23","23","","","","","",""
"2788292","2016","MA","Massachusetts","Physical Activity","Exercise","During the past month, did you participate in any physical activities? (variable calculated from one or more BRFSS questions)","Yes","BRFSS","%","Crude Prevalence","80.0","","","78.8","81.3","6635","Overall","Overall","_TOTINDA","24","24","","","","","",""
"2791856","2016","MI","Michigan","Physical Activity","Exercise","During the past month, did you participate in any physical activities? (variable calculated from one or more BRFSS questions)","Yes","BRFSS","%","Crude Prevalence","76.1","","","75.1","77.1","9188","Overall","Overall","_TOTINDA","25","25","","","","","",""
"2797081","2016","MN","Minnesota","Physical Activity","Exercise","During the past month, did you participate in any physical activities? (variable calculated from one or more BRFSS questions)","Yes","BRFSS","%","Crude Prevalence","82.0","","","81.3","82.7","13689","Overall","Overall","_TOTINDA","26","26","","","","","",""
"2801278","2016","MS","Mississippi","Physical Activity","Exercise","During the past month, did you participate in any physical activities? (variable calculated from one or more BRFSS questions)","Yes","BRFSS","%","Crude Prevalence","69.7","","","68.0","71.4","3432","Overall","Overall","_TOTINDA","27","27","","","","","",""
"2804750","2016","MO","Missouri","Physical Activity","Exercise","During the past month, did you participate in any physical activities? (variable calculated from one or more BRFSS questions)","Yes","BRFSS","%","Crude Prevalence","75.1","","","73.6","76.6","5063","Overall","Overall","_TOTINDA","28","28","","","","","",""
"2809345","2016","MT","Montana","Physical Activity","Exercise","During the past month, did you participate in any physical activities? (variable calculated from one or more BRFSS questions)","Yes","BRFSS","%","Crude Prevalence","80.1","","","78.7","81.5","4602","Overall","Overall","_TOTINDA","29","29","","","","","",""
"2813684","2016","NE","Nebraska","Physical Activity","Exercise","During the past month, did you participate in any physical activities? (variable calculated from one or more BRFSS questions)","Yes","BRFSS","%","Crude Prevalence","77.6","","","76.5","78.6","11201","Overall","Overall","_TOTINDA","30","30","","","","","",""
"2817603","2016","NV","Nevada","Physical Activity","Exercise","During the past month, did you participate in any physical activities? (variable calculated from one or more BRFSS questions)","Yes","BRFSS","%","Crude Prevalence","75.3","","","73.4","77.2","3296","Overall","Overall","_TOTINDA","31","31","","","","","",""
"2822124","2016","NH","New Hampshire","Physical Activity","Exercise","During the past month, did you participate in any physical activities? (variable calculated from one or more BRFSS questions)","Yes","BRFSS","%","Crude Prevalence","80.7","","","79.3","82.0","4994","Overall","Overall","_TOTINDA","32","32","","","","","",""
"2826209","2016","NJ","New Jersey","Physical Activity","Exercise","During the past month, did you participate in any physical activities? (variable calculated from one or more BRFSS questions)","Yes","BRFSS","%","Crude Prevalence","70.3","","","68.6","71.9","5295","Overall","Overall","_TOTINDA","33","33","","","","","",""
"2830827","2016","NM","New Mexico","Physical Activity","Exercise","During the past month, did you participate in any physical activities? (variable calculated from one or more BRFSS questions)","Yes","BRFSS","%","Crude Prevalence","79.7","","","78.3","81.2","4642","Overall","Overall","_TOTINDA","34","34","","","","","",""
"2835101","2016","NY","New York","Physical Activity","Exercise","During the past month, did you participate in any physical activities? (variable calculated from one or more BRFSS questions)","Yes","BRFSS","%","Crude Prevalence","73.7","","","72.7","74.7","25150","Overall","Overall","_TOTINDA","35","35","","","","","",""
"2838901","2016","NC","North Carolina","Physical Activity","Exercise","During the past month, did you participate in any physical activities? (variable calculated from one or more BRFSS questions)","Yes","BRFSS","%","Crude Prevalence","76.7","","","75.5","78.0","4926","Overall","Overall","_TOTINDA","36","36","","","","","",""
"2843148","2016","ND","North Dakota","Physical Activity","Exercise","During the past month, did you participate in any physical activities? (variable calculated from one or more BRFSS questions)","Yes","BRFSS","%","Crude Prevalence","77.8","","","76.4","79.2","4321","Overall","Overall","_TOTINDA","37","37","","","","","",""
"2848173","2016","OH","Ohio","Physical Activity","Exercise","During the past month, did you participate in any physical activities? (variable calculated from one or more BRFSS questions)","Yes","BRFSS","%","Crude Prevalence","74.1","","","72.9","75.3","8626","Overall","Overall","_TOTINDA","38","38","","","","","",""
"2851928","2016","OK","Oklahoma","Physical Activity","Exercise","During the past month, did you participate in any physical activities? (variable calculated from one or more BRFSS questions)","Yes","BRFSS","%","Crude Prevalence","71.5","","","70.1","73.0","4751","Overall","Overall","_TOTINDA","39","39","","","","","",""
"2856034","2016","OR","Oregon","Physical Activity","Exercise","During the past month, did you participate in any physical activities? (variable calculated from one or more BRFSS questions)","Yes","BRFSS","%","Crude Prevalence","82.8","","","81.5","84.0","4523","Overall","Overall","_TOTINDA","40","40","","","","","",""
"2859902","2016","PA","Pennsylvania","Physical Activity","Exercise","During the past month, did you participate in any physical activities? (variable calculated from one or more BRFSS questions)","Yes","BRFSS","%","Crude Prevalence","77.1","","","75.8","78.4","5263","Overall","Overall","_TOTINDA","41","41","","","","","",""
"2864855","2016","RI","Rhode Island","Physical Activity","Exercise","During the past month, did you participate in any physical activities? (variable calculated from one or more BRFSS questions)","Yes","BRFSS","%","Crude Prevalence","75.7","","","74.0","77.3","4044","Overall","Overall","_TOTINDA","42","42","","","","","",""
"2869330","2016","SC","South Carolina","Physical Activity","Exercise","During the past month, did you participate in any physical activities? (variable calculated from one or more BRFSS questions)","Yes","BRFSS","%","Crude Prevalence","73.1","","","72.0","74.3","7908","Overall","Overall","_TOTINDA","43","43","","","","","",""
"2872841","2016","SD","South Dakota","Physical Activity","Exercise","During the past month, did you participate in any physical activities? (variable calculated from one or more BRFSS questions)","Yes","BRFSS","%","Crude Prevalence","81.1","","","79.3","82.8","4606","Overall","Overall","_TOTINDA","44","44","","","","","",""
"2877144","2016","TN","Tennessee","Physical Activity","Exercise","During the past month, did you participate in any physical activities? (variable calculated from one or more BRFSS questions)","Yes","BRFSS","%","Crude Prevalence","71.6","","","69.9","73.2","4285","Overall","Overall","_TOTINDA","45","45","","","","","",""
"2881668","2016","TX","Texas","Physical Activity","Exercise","During the past month, did you participate in any physical activities? (variable calculated from one or more BRFSS questions)","Yes","BRFSS","%","Crude Prevalence","74.8","","","73.3","76.3","8318","Overall","Overall","_TOTINDA","46","46","","","","","",""
"2886170","2016","UT","Utah","Physical Activity","Exercise","During the past month, did you participate in any physical activities? (variable calculated from one or more BRFSS questions)","Yes","BRFSS","%","Crude Prevalence","84.3","","","83.4","85.3","9008","Overall","Overall","_TOTINDA","47","47","","","","","",""
"2890006","2016","VT","Vermont","Physical Activity","Exercise","During the past month, did you participate in any physical activities? (variable calculated from one or more BRFSS questions)","Yes","BRFSS","%","Crude Prevalence","80.5","","","79.2","81.8","5192","Overall","Overall","_TOTINDA","48","48","","","","","",""
"2893623","2016","VA","Virginia","Physical Activity","Exercise","During the past month, did you participate in any physical activities? (variable calculated from one or more BRFSS questions)","Yes","BRFSS","%","Crude Prevalence","76.7","","","75.5","77.8","6818","Overall","Overall","_TOTINDA","49","49","","","","","",""
"2899038","2016","WA","Washington","Physical Activity","Exercise","During the past month, did you participate in any physical activities? (variable calculated from one or more BRFSS questions)","Yes","BRFSS","%","Crude Prevalence","82.4","","","81.5","83.2","11704","Overall","Overall","_TOTINDA","50","50","","","","","",""
"2903269","2016","WV","West Virginia","Physical Activity","Exercise","During the past month, did you participate in any physical activities? (variable calculated from one or more BRFSS questions)","Yes","BRFSS","%","Crude Prevalence","71.5","","","70.3","72.7","5097","Overall","Overall","_TOTINDA","51","51","","","","","",""
"2907426","2016","WI","Wisconsin","Physical Activity","Exercise","During the past month, did you participate in any physical activities? (variable calculated from one or more BRFSS questions)","Yes","BRFSS","%","Crude Prevalence","80.0","","","78.6","81.5","4133","Overall","Overall","_TOTINDA","52","52","","","","","",""
"2910685","2016","WY","Wyoming","Physical Activity","Exercise","During the past month, did you participate in any physical activities? (variable calculated from one or more BRFSS questions)","Yes","BRFSS","%","Crude Prevalence","76.9","","","75.0","78.7","3307","Overall","Overall","_TOTINDA","53","53","","","","","",""
"2915791","2016","GU","Guam","Physical Activity","Exercise","During the past month, did you participate in any physical activities? (variable calculated from one or more BRFSS questions)","Yes","BRFSS","%","Crude Prevalence","70.4","","","66.9","73.8","1150","Overall","Overall","_TOTINDA","56","56","","","","","",""
"2920037","2016","PR","Puerto Rico","Physical Activity","Exercise","During the past month, did you participate in any physical activities? (variable calculated from one or more BRFSS questions)","Yes","BRFSS","%","Crude Prevalence","58.3","","","56.5","60.1","3315","Overall","Overall","_TOTINDA","60","60","","","","","",""
"2924306","2016","VI","Virgin Islands","Physical Activity","Exercise","During the past month, did you participate in any physical activities? (variable calculated from one or more BRFSS questions)","Yes","BRFSS","%","Crude Prevalence","74.0","","","70.1","77.8","957","Overall","Overall","_TOTINDA","62","62","","","","","",""
"","","","","","","","","","","","","","","","","","","","","","","Datasource","","Behavioral Risk Factor Surveillance System","http://www.cdc.gov/brfss","BRFSS","CDC"
"","","","","","","","","","","","","","","","","","","","","","","MeasureDefinitions","%","Percent","","",""
"","","","","","","","","","","","","","","","","","","","","","","MeasureDefinitions","CI","95% Confidence Interval","","",""
"","","","","","","","","","","","","","","","","","","","","","","MeasureDefinitions","n","“Sample Size”. Translates to the number of adult respondents who answered this question, or were assigned to this category based on question responses for a calculated variable, or the number of states included for a median.","","",""
"","","","","","","","","","","","","","","","","","","","","","","MeasureDefinitions","N/A","Translates to no data available for a record.","","",""
"","","","","","","","","","","","","","","","","","","","","","","MeasureDefinitions","No Data","Translates to no data available for record.","","",""
"","","","","","","","","","","","","","","","","","","","","","","SuggestedCitation","","Centers for Disease Control and Prevention, National Center for Chronic Disease Prevention and Health Promotion, Division of Population Health. BRFSS Prevalence & Trends Data [online]. 2015.","https://www.cdc.gov/brfss/brfssprevalence/","",""
"","","","","","","","","","","","","","","","","","","","","","","RelatedLinks","","Prevalence Data and Data Analysis Tools","/brfss/data_tools.htm","",""
"","","","","","","","","","","","","","","","","","","","","","","RelatedLinks","","Behavioral Risk Factor Surveillance System (BRFSS)","/brfss/index.html","",""
"","","","","","","","","","","","","","","","","","","","","","","RelatedLinks","","Division of Population Health","/nccdphp/dph/index.html","",""
"","","","","","","","","","","","","","","","","","","","","","","RelatedLinks","","Survey Data & Documentation","/brfss/data_documentation/index.htm","",""
