﻿"ID","Year","LocationAbbr","LocationDesc","Class","Topic","Indicator","Response","DataSource","Data_Value_Unit","Data_Value_Type","Data_Value","Data_Value_Footnote_Symbol","Data_Value_Footnote","Low_Confidence_Limit","High_Confidence_Limit","Sample_Size","Stratification","StratificationType","IndicatorId","LocationOrder","ParentStateDisplayOrder","FootnoteType","FootNoteSymbol","FootnoteText","URL","DatasourceAbbr","Agency"
"3160427","2017","US","All States, DC and Territories (median) **","Physical Activity","Exercise","During the past month, did you participate in any physical activities? (variable calculated from one or more BRFSS questions)","Yes","BRFSS","%","Crude Prevalence","74.3","","","","","53","Overall","Overall","_TOTINDA","1","1","","","","","",""
"3160035","2017","UW","All States and DC (median) **","Physical Activity","Exercise","During the past month, did you participate in any physical activities? (variable calculated from one or more BRFSS questions)","Yes","BRFSS","%","Crude Prevalence","74.4","","","","","51","Overall","Overall","_TOTINDA","2","2","","","","","",""
"2928989","2017","AL","Alabama","Physical Activity","Exercise","During the past month, did you participate in any physical activities? (variable calculated from one or more BRFSS questions)","Yes","BRFSS","%","Crude Prevalence","68.0","","","66.4","69.5","4043","Overall","Overall","_TOTINDA","3","3","","","","","",""
"2933159","2017","AK","Alaska","Physical Activity","Exercise","During the past month, did you participate in any physical activities? (variable calculated from one or more BRFSS questions)","Yes","BRFSS","%","Crude Prevalence","79.4","","","77.0","81.7","2300","Overall","Overall","_TOTINDA","4","4","","","","","",""
"2938419","2017","AZ","Arizona","Physical Activity","Exercise","During the past month, did you participate in any physical activities? (variable calculated from one or more BRFSS questions)","Yes","BRFSS","%","Crude Prevalence","75.0","","","74.0","75.9","10546","Overall","Overall","_TOTINDA","5","5","","","","","",""
"2942109","2017","AR","Arkansas","Physical Activity","Exercise","During the past month, did you participate in any physical activities? (variable calculated from one or more BRFSS questions)","Yes","BRFSS","%","Crude Prevalence","67.5","","","65.1","69.8","3110","Overall","Overall","_TOTINDA","6","6","","","","","",""
"2946896","2017","CA","California","Physical Activity","Exercise","During the past month, did you participate in any physical activities? (variable calculated from one or more BRFSS questions)","Yes","BRFSS","%","Crude Prevalence","80.0","","","78.8","81.2","6659","Overall","Overall","_TOTINDA","7","7","","","","","",""
"2951168","2017","CO","Colorado","Physical Activity","Exercise","During the past month, did you participate in any physical activities? (variable calculated from one or more BRFSS questions)","Yes","BRFSS","%","Crude Prevalence","80.6","","","79.5","81.6","7041","Overall","Overall","_TOTINDA","8","8","","","","","",""
"2955504","2017","CT","Connecticut","Physical Activity","Exercise","During the past month, did you participate in any physical activities? (variable calculated from one or more BRFSS questions)","Yes","BRFSS","%","Crude Prevalence","76.0","","","74.7","77.2","7438","Overall","Overall","_TOTINDA","9","9","","","","","",""
"2959765","2017","DE","Delaware","Physical Activity","Exercise","During the past month, did you participate in any physical activities? (variable calculated from one or more BRFSS questions)","Yes","BRFSS","%","Crude Prevalence","69.1","","","67.0","71.1","2588","Overall","Overall","_TOTINDA","10","10","","","","","",""
"2963731","2017","DC","District of Columbia","Physical Activity","Exercise","During the past month, did you participate in any physical activities? (variable calculated from one or more BRFSS questions)","Yes","BRFSS","%","Crude Prevalence","75.7","","","73.8","77.7","2770","Overall","Overall","_TOTINDA","11","11","","","","","",""
"2968464","2017","FL","Florida","Physical Activity","Exercise","During the past month, did you participate in any physical activities? (variable calculated from one or more BRFSS questions)","Yes","BRFSS","%","Crude Prevalence","70.8","","","69.4","72.3","13778","Overall","Overall","_TOTINDA","12","12","","","","","",""
"2973402","2017","GA","Georgia","Physical Activity","Exercise","During the past month, did you participate in any physical activities? (variable calculated from one or more BRFSS questions)","Yes","BRFSS","%","Crude Prevalence","69.0","","","67.4","70.6","3671","Overall","Overall","_TOTINDA","13","13","","","","","",""
"2977501","2017","HI","Hawaii","Physical Activity","Exercise","During the past month, did you participate in any physical activities? (variable calculated from one or more BRFSS questions)","Yes","BRFSS","%","Crude Prevalence","76.5","","","75.1","78.0","5625","Overall","Overall","_TOTINDA","14","14","","","","","",""
"2982355","2017","ID","Idaho","Physical Activity","Exercise","During the past month, did you participate in any physical activities? (variable calculated from one or more BRFSS questions)","Yes","BRFSS","%","Crude Prevalence","75.8","","","74.1","77.5","3414","Overall","Overall","_TOTINDA","15","15","","","","","",""
"2986618","2017","IL","Illinois","Physical Activity","Exercise","During the past month, did you participate in any physical activities? (variable calculated from one or more BRFSS questions)","Yes","BRFSS","%","Crude Prevalence","76.0","","","74.5","77.5","3893","Overall","Overall","_TOTINDA","16","16","","","","","",""
"2990906","2017","IN","Indiana","Physical Activity","Exercise","During the past month, did you participate in any physical activities? (variable calculated from one or more BRFSS questions)","Yes","BRFSS","%","Crude Prevalence","70.2","","","69.2","71.3","8797","Overall","Overall","_TOTINDA","17","17","","","","","",""
"2995132","2017","IA","Iowa","Physical Activity","Exercise","During the past month, did you participate in any physical activities? (variable calculated from one or more BRFSS questions)","Yes","BRFSS","%","Crude Prevalence","75.0","","","73.8","76.2","5311","Overall","Overall","_TOTINDA","18","18","","","","","",""
"3000124","2017","KS","Kansas","Physical Activity","Exercise","During the past month, did you participate in any physical activities? (variable calculated from one or more BRFSS questions)","Yes","BRFSS","%","Crude Prevalence","72.1","","","71.3","72.9","14188","Overall","Overall","_TOTINDA","19","19","","","","","",""
"3003802","2017","KY","Kentucky","Physical Activity","Exercise","During the past month, did you participate in any physical activities? (variable calculated from one or more BRFSS questions)","Yes","BRFSS","%","Crude Prevalence","65.6","","","63.9","67.3","5127","Overall","Overall","_TOTINDA","20","20","","","","","",""
"3009275","2017","LA","Louisiana","Physical Activity","Exercise","During the past month, did you participate in any physical activities? (variable calculated from one or more BRFSS questions)","Yes","BRFSS","%","Crude Prevalence","68.2","","","66.3","70.0","2902","Overall","Overall","_TOTINDA","21","21","","","","","",""
"3013133","2017","ME","Maine","Physical Activity","Exercise","During the past month, did you participate in any physical activities? (variable calculated from one or more BRFSS questions)","Yes","BRFSS","%","Crude Prevalence","74.9","","","73.5","76.2","6873","Overall","Overall","_TOTINDA","22","22","","","","","",""
"3017495","2017","MD","Maryland","Physical Activity","Exercise","During the past month, did you participate in any physical activities? (variable calculated from one or more BRFSS questions)","Yes","BRFSS","%","Crude Prevalence","74.4","","","73.1","75.6","9064","Overall","Overall","_TOTINDA","23","23","","","","","",""
"3022085","2017","MA","Massachusetts","Physical Activity","Exercise","During the past month, did you participate in any physical activities? (variable calculated from one or more BRFSS questions)","Yes","BRFSS","%","Crude Prevalence","75.2","","","73.4","76.9","4961","Overall","Overall","_TOTINDA","24","24","","","","","",""
"3026189","2017","MI","Michigan","Physical Activity","Exercise","During the past month, did you participate in any physical activities? (variable calculated from one or more BRFSS questions)","Yes","BRFSS","%","Crude Prevalence","72.8","","","71.7","73.9","7644","Overall","Overall","_TOTINDA","25","25","","","","","",""
"3030873","2017","MN","Minnesota","Physical Activity","Exercise","During the past month, did you participate in any physical activities? (variable calculated from one or more BRFSS questions)","Yes","BRFSS","%","Crude Prevalence","75.4","","","74.5","76.2","11819","Overall","Overall","_TOTINDA","26","26","","","","","",""
"3034611","2017","MS","Mississippi","Physical Activity","Exercise","During the past month, did you participate in any physical activities? (variable calculated from one or more BRFSS questions)","Yes","BRFSS","%","Crude Prevalence","66.9","","","64.8","68.9","3031","Overall","Overall","_TOTINDA","27","27","","","","","",""
"3040131","2017","MO","Missouri","Physical Activity","Exercise","During the past month, did you participate in any physical activities? (variable calculated from one or more BRFSS questions)","Yes","BRFSS","%","Crude Prevalence","70.8","","","69.4","72.3","4962","Overall","Overall","_TOTINDA","28","28","","","","","",""
"3043877","2017","MT","Montana","Physical Activity","Exercise","During the past month, did you participate in any physical activities? (variable calculated from one or more BRFSS questions)","Yes","BRFSS","%","Crude Prevalence","75.0","","","73.5","76.6","4066","Overall","Overall","_TOTINDA","29","29","","","","","",""
"3048760","2017","NE","Nebraska","Physical Activity","Exercise","During the past month, did you participate in any physical activities? (variable calculated from one or more BRFSS questions)","Yes","BRFSS","%","Crude Prevalence","74.6","","","73.6","75.7","10220","Overall","Overall","_TOTINDA","30","30","","","","","",""
"3052590","2017","NV","Nevada","Physical Activity","Exercise","During the past month, did you participate in any physical activities? (variable calculated from one or more BRFSS questions)","Yes","BRFSS","%","Crude Prevalence","72.0","","","69.7","74.3","2658","Overall","Overall","_TOTINDA","31","31","","","","","",""
"3057549","2017","NH","New Hampshire","Physical Activity","Exercise","During the past month, did you participate in any physical activities? (variable calculated from one or more BRFSS questions)","Yes","BRFSS","%","Crude Prevalence","76.1","","","74.4","77.8","3991","Overall","Overall","_TOTINDA","32","32","","","","","",""
"3061638","2017","NJ","New Jersey","Physical Activity","Exercise","During the past month, did you participate in any physical activities? (variable calculated from one or more BRFSS questions)","Yes","BRFSS","%","Crude Prevalence","71.0","","","69.5","72.4","7634","Overall","Overall","_TOTINDA","33","33","","","","","",""
"3065947","2017","NM","New Mexico","Physical Activity","Exercise","During the past month, did you participate in any physical activities? (variable calculated from one or more BRFSS questions)","Yes","BRFSS","%","Crude Prevalence","75.5","","","73.9","77.0","4425","Overall","Overall","_TOTINDA","34","34","","","","","",""
"3071115","2017","NY","New York","Physical Activity","Exercise","During the past month, did you participate in any physical activities? (variable calculated from one or more BRFSS questions)","Yes","BRFSS","%","Crude Prevalence","72.8","","","71.6","74.0","8059","Overall","Overall","_TOTINDA","35","35","","","","","",""
"3074997","2017","NC","North Carolina","Physical Activity","Exercise","During the past month, did you participate in any physical activities? (variable calculated from one or more BRFSS questions)","Yes","BRFSS","%","Crude Prevalence","74.4","","","72.8","76.1","3365","Overall","Overall","_TOTINDA","36","36","","","","","",""
"3080120","2017","ND","North Dakota","Physical Activity","Exercise","During the past month, did you participate in any physical activities? (variable calculated from one or more BRFSS questions)","Yes","BRFSS","%","Crude Prevalence","72.4","","","70.9","73.8","4634","Overall","Overall","_TOTINDA","37","37","","","","","",""
"3084235","2017","OH","Ohio","Physical Activity","Exercise","During the past month, did you participate in any physical activities? (variable calculated from one or more BRFSS questions)","Yes","BRFSS","%","Crude Prevalence","70.4","","","69.1","71.6","7796","Overall","Overall","_TOTINDA","38","38","","","","","",""
"3088666","2017","OK","Oklahoma","Physical Activity","Exercise","During the past month, did you participate in any physical activities? (variable calculated from one or more BRFSS questions)","Yes","BRFSS","%","Crude Prevalence","67.6","","","66.1","69.2","4036","Overall","Overall","_TOTINDA","39","39","","","","","",""
"3092899","2017","OR","Oregon","Physical Activity","Exercise","During the past month, did you participate in any physical activities? (variable calculated from one or more BRFSS questions)","Yes","BRFSS","%","Crude Prevalence","78.6","","","77.1","80.0","3906","Overall","Overall","_TOTINDA","40","40","","","","","",""
"3097137","2017","PA","Pennsylvania","Physical Activity","Exercise","During the past month, did you participate in any physical activities? (variable calculated from one or more BRFSS questions)","Yes","BRFSS","%","Crude Prevalence","75.1","","","73.6","76.6","4638","Overall","Overall","_TOTINDA","41","41","","","","","",""
"3102304","2017","RI","Rhode Island","Physical Activity","Exercise","During the past month, did you participate in any physical activities? (variable calculated from one or more BRFSS questions)","Yes","BRFSS","%","Crude Prevalence","73.7","","","72.0","75.5","3805","Overall","Overall","_TOTINDA","42","42","","","","","",""
"3106347","2017","SC","South Carolina","Physical Activity","Exercise","During the past month, did you participate in any physical activities? (variable calculated from one or more BRFSS questions)","Yes","BRFSS","%","Crude Prevalence","71.6","","","70.4","72.8","7394","Overall","Overall","_TOTINDA","43","43","","","","","",""
"3110906","2017","SD","South Dakota","Physical Activity","Exercise","During the past month, did you participate in any physical activities? (variable calculated from one or more BRFSS questions)","Yes","BRFSS","%","Crude Prevalence","75.1","","","73.2","77.1","4892","Overall","Overall","_TOTINDA","44","44","","","","","",""
"3115393","2017","TN","Tennessee","Physical Activity","Exercise","During the past month, did you participate in any physical activities? (variable calculated from one or more BRFSS questions)","Yes","BRFSS","%","Crude Prevalence","69.5","","","67.7","71.2","3599","Overall","Overall","_TOTINDA","45","45","","","","","",""
"3119701","2017","TX","Texas","Physical Activity","Exercise","During the past month, did you participate in any physical activities? (variable calculated from one or more BRFSS questions)","Yes","BRFSS","%","Crude Prevalence","67.9","","","66.0","69.8","7594","Overall","Overall","_TOTINDA","46","46","","","","","",""
"3123883","2017","UT","Utah","Physical Activity","Exercise","During the past month, did you participate in any physical activities? (variable calculated from one or more BRFSS questions)","Yes","BRFSS","%","Crude Prevalence","78.9","","","77.9","80.0","7673","Overall","Overall","_TOTINDA","47","47","","","","","",""
"3127693","2017","VT","Vermont","Physical Activity","Exercise","During the past month, did you participate in any physical activities? (variable calculated from one or more BRFSS questions)","Yes","BRFSS","%","Crude Prevalence","78.5","","","77.0","79.9","4701","Overall","Overall","_TOTINDA","48","48","","","","","",""
"3133406","2017","VA","Virginia","Physical Activity","Exercise","During the past month, did you participate in any physical activities? (variable calculated from one or more BRFSS questions)","Yes","BRFSS","%","Crude Prevalence","74.1","","","72.7","75.4","6674","Overall","Overall","_TOTINDA","49","49","","","","","",""
"3137446","2017","WA","Washington","Physical Activity","Exercise","During the past month, did you participate in any physical activities? (variable calculated from one or more BRFSS questions)","Yes","BRFSS","%","Crude Prevalence","80.8","","","79.9","81.7","9962","Overall","Overall","_TOTINDA","50","50","","","","","",""
"3142087","2017","WV","West Virginia","Physical Activity","Exercise","During the past month, did you participate in any physical activities? (variable calculated from one or more BRFSS questions)","Yes","BRFSS","%","Crude Prevalence","68.4","","","66.9","70.0","3560","Overall","Overall","_TOTINDA","51","51","","","","","",""
"3146380","2017","WI","Wisconsin","Physical Activity","Exercise","During the past month, did you participate in any physical activities? (variable calculated from one or more BRFSS questions)","Yes","BRFSS","%","Crude Prevalence","77.7","","","76.0","79.3","4075","Overall","Overall","_TOTINDA","52","52","","","","","",""
"3150902","2017","WY","Wyoming","Physical Activity","Exercise","During the past month, did you participate in any physical activities? (variable calculated from one or more BRFSS questions)","Yes","BRFSS","%","Crude Prevalence","74.3","","","72.7","76.0","3118","Overall","Overall","_TOTINDA","53","53","","","","","",""
"3154810","2017","GU","Guam","Physical Activity","Exercise","During the past month, did you participate in any physical activities? (variable calculated from one or more BRFSS questions)","Yes","BRFSS","%","Crude Prevalence","66.6","","","63.3","70.0","948","Overall","Overall","_TOTINDA","56","56","","","","","",""
"3159073","2017","PR","Puerto Rico","Physical Activity","Exercise","During the past month, did you participate in any physical activities? (variable calculated from one or more BRFSS questions)","Yes","BRFSS","%","Crude Prevalence","46.0","","","44.0","47.9","2052","Overall","Overall","_TOTINDA","60","60","","","","","",""
"","","","","","","","","","","","","","","","","","","","","","","Datasource","","Behavioral Risk Factor Surveillance System","http://www.cdc.gov/brfss","BRFSS","CDC"
"","","","","","","","","","","","","","","","","","","","","","","MeasureDefinitions","%","Percent","","",""
"","","","","","","","","","","","","","","","","","","","","","","MeasureDefinitions","CI","95% Confidence Interval","","",""
"","","","","","","","","","","","","","","","","","","","","","","MeasureDefinitions","n","“Sample Size”. Translates to the number of adult respondents who answered this question, or were assigned to this category based on question responses for a calculated variable, or the number of states included for a median.","","",""
"","","","","","","","","","","","","","","","","","","","","","","MeasureDefinitions","N/A","Translates to no data available for a record.","","",""
"","","","","","","","","","","","","","","","","","","","","","","MeasureDefinitions","No Data","Translates to no data available for record.","","",""
"","","","","","","","","","","","","","","","","","","","","","","SuggestedCitation","","Centers for Disease Control and Prevention, National Center for Chronic Disease Prevention and Health Promotion, Division of Population Health. BRFSS Prevalence & Trends Data [online]. 2015.","https://www.cdc.gov/brfss/brfssprevalence/","",""
"","","","","","","","","","","","","","","","","","","","","","","RelatedLinks","","Prevalence Data and Data Analysis Tools","/brfss/data_tools.htm","",""
"","","","","","","","","","","","","","","","","","","","","","","RelatedLinks","","Behavioral Risk Factor Surveillance System (BRFSS)","/brfss/index.html","",""
"","","","","","","","","","","","","","","","","","","","","","","RelatedLinks","","Division of Population Health","/nccdphp/dph/index.html","",""
"","","","","","","","","","","","","","","","","","","","","","","RelatedLinks","","Survey Data & Documentation","/brfss/data_documentation/index.htm","",""
