﻿"ID","Year","LocationAbbr","LocationDesc","Class","Topic","Indicator","Response","DataSource","Data_Value_Unit","Data_Value_Type","Data_Value","Data_Value_Footnote_Symbol","Data_Value_Footnote","Low_Confidence_Limit","High_Confidence_Limit","Sample_Size","Stratification","StratificationType","IndicatorId","LocationOrder","ParentStateDisplayOrder","FootnoteType","FootNoteSymbol","FootnoteText","URL","DatasourceAbbr","Agency"
"3377622","2018","US","All States, DC and Territories (median) **","Physical Activity","Exercise","During the past month, did you participate in any physical activities? (variable calculated from one or more BRFSS questions)","Yes","BRFSS","%","Crude Prevalence","76.2","","","","","53","Overall","Overall","_TOTINDA","1","1","","","","","",""
"3377699","2018","UW","All States and DC (median) **","Physical Activity","Exercise","During the past month, did you participate in any physical activities? (variable calculated from one or more BRFSS questions)","Yes","BRFSS","%","Crude Prevalence","76.2","","","","","51","Overall","Overall","_TOTINDA","2","2","","","","","",""
"3163869","2018","AL","Alabama","Physical Activity","Exercise","During the past month, did you participate in any physical activities? (variable calculated from one or more BRFSS questions)","Yes","BRFSS","%","Crude Prevalence","69.3","","","67.8","70.9","4497","Overall","Overall","_TOTINDA","3","3","","","","","",""
"3168443","2018","AK","Alaska","Physical Activity","Exercise","During the past month, did you participate in any physical activities? (variable calculated from one or more BRFSS questions)","Yes","BRFSS","%","Crude Prevalence","80.4","","","78.2","82.6","2181","Overall","Overall","_TOTINDA","4","4","","","","","",""
"3171618","2018","AZ","Arizona","Physical Activity","Exercise","During the past month, did you participate in any physical activities? (variable calculated from one or more BRFSS questions)","Yes","BRFSS","%","Crude Prevalence","77.9","","","76.3","79.4","6213","Overall","Overall","_TOTINDA","5","5","","","","","",""
"3176083","2018","AR","Arkansas","Physical Activity","Exercise","During the past month, did you participate in any physical activities? (variable calculated from one or more BRFSS questions)","Yes","BRFSS","%","Crude Prevalence","69.0","","","67.2","70.8","3424","Overall","Overall","_TOTINDA","6","6","","","","","",""
"3180363","2018","CA","California","Physical Activity","Exercise","During the past month, did you participate in any physical activities? (variable calculated from one or more BRFSS questions)","Yes","BRFSS","%","Crude Prevalence","79.0","","","78.0","80.0","9476","Overall","Overall","_TOTINDA","7","7","","","","","",""
"3183940","2018","CO","Colorado","Physical Activity","Exercise","During the past month, did you participate in any physical activities? (variable calculated from one or more BRFSS questions)","Yes","BRFSS","%","Crude Prevalence","83.6","","","82.7","84.5","7353","Overall","Overall","_TOTINDA","8","8","","","","","",""
"3188943","2018","CT","Connecticut","Physical Activity","Exercise","During the past month, did you participate in any physical activities? (variable calculated from one or more BRFSS questions)","Yes","BRFSS","%","Crude Prevalence","77.6","","","76.5","78.8","8393","Overall","Overall","_TOTINDA","9","9","","","","","",""
"3192968","2018","DE","Delaware","Physical Activity","Exercise","During the past month, did you participate in any physical activities? (variable calculated from one or more BRFSS questions)","Yes","BRFSS","%","Crude Prevalence","73.2","","","71.6","74.8","3678","Overall","Overall","_TOTINDA","10","10","","","","","",""
"3197263","2018","DC","District of Columbia","Physical Activity","Exercise","During the past month, did you participate in any physical activities? (variable calculated from one or more BRFSS questions)","Yes","BRFSS","%","Crude Prevalence","80.4","","","78.8","82.1","3518","Overall","Overall","_TOTINDA","11","11","","","","","",""
"3200748","2018","FL","Florida","Physical Activity","Exercise","During the past month, did you participate in any physical activities? (variable calculated from one or more BRFSS questions)","Yes","BRFSS","%","Crude Prevalence","73.2","","","71.8","74.7","10722","Overall","Overall","_TOTINDA","12","12","","","","","",""
"3204853","2018","GA","Georgia","Physical Activity","Exercise","During the past month, did you participate in any physical activities? (variable calculated from one or more BRFSS questions)","Yes","BRFSS","%","Crude Prevalence","73.8","","","72.6","74.9","6802","Overall","Overall","_TOTINDA","13","13","","","","","",""
"3209411","2018","HI","Hawaii","Physical Activity","Exercise","During the past month, did you participate in any physical activities? (variable calculated from one or more BRFSS questions)","Yes","BRFSS","%","Crude Prevalence","80.1","","","78.9","81.4","6427","Overall","Overall","_TOTINDA","14","14","","","","","",""
"3213059","2018","ID","Idaho","Physical Activity","Exercise","During the past month, did you participate in any physical activities? (variable calculated from one or more BRFSS questions)","Yes","BRFSS","%","Crude Prevalence","79.5","","","77.7","81.4","2910","Overall","Overall","_TOTINDA","15","15","","","","","",""
"3217391","2018","IL","Illinois","Physical Activity","Exercise","During the past month, did you participate in any physical activities? (variable calculated from one or more BRFSS questions)","Yes","BRFSS","%","Crude Prevalence","75.4","","","74.1","76.8","3989","Overall","Overall","_TOTINDA","16","16","","","","","",""
"3221457","2018","IN","Indiana","Physical Activity","Exercise","During the past month, did you participate in any physical activities? (variable calculated from one or more BRFSS questions)","Yes","BRFSS","%","Crude Prevalence","72.7","","","71.4","73.9","5273","Overall","Overall","_TOTINDA","17","17","","","","","",""
"3224702","2018","IA","Iowa","Physical Activity","Exercise","During the past month, did you participate in any physical activities? (variable calculated from one or more BRFSS questions)","Yes","BRFSS","%","Crude Prevalence","77.1","","","76.1","78.1","6934","Overall","Overall","_TOTINDA","18","18","","","","","",""
"3229779","2018","KS","Kansas","Physical Activity","Exercise","During the past month, did you participate in any physical activities? (variable calculated from one or more BRFSS questions)","Yes","BRFSS","%","Crude Prevalence","77.5","","","76.5","78.5","8215","Overall","Overall","_TOTINDA","19","19","","","","","",""
"3234015","2018","KY","Kentucky","Physical Activity","Exercise","During the past month, did you participate in any physical activities? (variable calculated from one or more BRFSS questions)","Yes","BRFSS","%","Crude Prevalence","67.6","","","65.9","69.2","5554","Overall","Overall","_TOTINDA","20","20","","","","","",""
"3237478","2018","LA","Louisiana","Physical Activity","Exercise","During the past month, did you participate in any physical activities? (variable calculated from one or more BRFSS questions)","Yes","BRFSS","%","Crude Prevalence","69.2","","","67.4","71.0","3597","Overall","Overall","_TOTINDA","21","21","","","","","",""
"3242382","2018","ME","Maine","Physical Activity","Exercise","During the past month, did you participate in any physical activities? (variable calculated from one or more BRFSS questions)","Yes","BRFSS","%","Crude Prevalence","77.5","","","76.2","78.8","8313","Overall","Overall","_TOTINDA","22","22","","","","","",""
"3245758","2018","MD","Maryland","Physical Activity","Exercise","During the past month, did you participate in any physical activities? (variable calculated from one or more BRFSS questions)","Yes","BRFSS","%","Crude Prevalence","77.1","","","76.1","78.1","13269","Overall","Overall","_TOTINDA","23","23","","","","","",""
"3249686","2018","MA","Massachusetts","Physical Activity","Exercise","During the past month, did you participate in any physical activities? (variable calculated from one or more BRFSS questions)","Yes","BRFSS","%","Crude Prevalence","77.6","","","76.2","78.9","5213","Overall","Overall","_TOTINDA","24","24","","","","","",""
"3253680","2018","MI","Michigan","Physical Activity","Exercise","During the past month, did you participate in any physical activities? (variable calculated from one or more BRFSS questions)","Yes","BRFSS","%","Crude Prevalence","76.2","","","75.1","77.2","7888","Overall","Overall","_TOTINDA","25","25","","","","","",""
"3257608","2018","MN","Minnesota","Physical Activity","Exercise","During the past month, did you participate in any physical activities? (variable calculated from one or more BRFSS questions)","Yes","BRFSS","%","Crude Prevalence","79.5","","","78.7","80.2","13449","Overall","Overall","_TOTINDA","26","26","","","","","",""
"3262350","2018","MS","Mississippi","Physical Activity","Exercise","During the past month, did you participate in any physical activities? (variable calculated from one or more BRFSS questions)","Yes","BRFSS","%","Crude Prevalence","68.0","","","66.4","69.6","3826","Overall","Overall","_TOTINDA","27","27","","","","","",""
"3266221","2018","MO","Missouri","Physical Activity","Exercise","During the past month, did you participate in any physical activities? (variable calculated from one or more BRFSS questions)","Yes","BRFSS","%","Crude Prevalence","73.9","","","72.4","75.4","4331","Overall","Overall","_TOTINDA","28","28","","","","","",""
"3270689","2018","MT","Montana","Physical Activity","Exercise","During the past month, did you participate in any physical activities? (variable calculated from one or more BRFSS questions)","Yes","BRFSS","%","Crude Prevalence","77.3","","","75.7","78.8","3850","Overall","Overall","_TOTINDA","29","29","","","","","",""
"3274776","2018","NE","Nebraska","Physical Activity","Exercise","During the past month, did you participate in any physical activities? (variable calculated from one or more BRFSS questions)","Yes","BRFSS","%","Crude Prevalence","76.2","","","75.2","77.3","10699","Overall","Overall","_TOTINDA","30","30","","","","","",""
"3279084","2018","NV","Nevada","Physical Activity","Exercise","During the past month, did you participate in any physical activities? (variable calculated from one or more BRFSS questions)","Yes","BRFSS","%","Crude Prevalence","75.0","","","72.8","77.2","2469","Overall","Overall","_TOTINDA","31","31","","","","","",""
"3283261","2018","NH","New Hampshire","Physical Activity","Exercise","During the past month, did you participate in any physical activities? (variable calculated from one or more BRFSS questions)","Yes","BRFSS","%","Crude Prevalence","78.5","","","77.0","80.0","4401","Overall","Overall","_TOTINDA","32","32","","","","","",""
"3286593","2018","NJ","New Jersey","Physical Activity","Exercise","During the past month, did you participate in any physical activities? (variable calculated from one or more BRFSS questions)","Yes","BRFSS","%","Crude Prevalence","71.5","","","68.8","74.1","2249","Overall","Overall","_TOTINDA","33","33","","","","","",""
"3291265","2018","NM","New Mexico","Physical Activity","Exercise","During the past month, did you participate in any physical activities? (variable calculated from one or more BRFSS questions)","Yes","BRFSS","%","Crude Prevalence","77.8","","","76.5","79.2","5182","Overall","Overall","_TOTINDA","34","34","","","","","",""
"3294620","2018","NY","New York","Physical Activity","Exercise","During the past month, did you participate in any physical activities? (variable calculated from one or more BRFSS questions)","Yes","BRFSS","%","Crude Prevalence","76.2","","","75.3","77.0","26459","Overall","Overall","_TOTINDA","35","35","","","","","",""
"3298762","2018","NC","North Carolina","Physical Activity","Exercise","During the past month, did you participate in any physical activities? (variable calculated from one or more BRFSS questions)","Yes","BRFSS","%","Crude Prevalence","76.1","","","74.6","77.7","3545","Overall","Overall","_TOTINDA","36","36","","","","","",""
"3303310","2018","ND","North Dakota","Physical Activity","Exercise","During the past month, did you participate in any physical activities? (variable calculated from one or more BRFSS questions)","Yes","BRFSS","%","Crude Prevalence","77.7","","","76.3","79.2","4220","Overall","Overall","_TOTINDA","37","37","","","","","",""
"3307293","2018","OH","Ohio","Physical Activity","Exercise","During the past month, did you participate in any physical activities? (variable calculated from one or more BRFSS questions)","Yes","BRFSS","%","Crude Prevalence","74.6","","","73.4","75.7","9033","Overall","Overall","_TOTINDA","38","38","","","","","",""
"3311505","2018","OK","Oklahoma","Physical Activity","Exercise","During the past month, did you participate in any physical activities? (variable calculated from one or more BRFSS questions)","Yes","BRFSS","%","Crude Prevalence","72.8","","","71.3","74.3","3725","Overall","Overall","_TOTINDA","39","39","","","","","",""
"3315916","2018","OR","Oregon","Physical Activity","Exercise","During the past month, did you participate in any physical activities? (variable calculated from one or more BRFSS questions)","Yes","BRFSS","%","Crude Prevalence","80.7","","","79.4","82.0","4825","Overall","Overall","_TOTINDA","40","40","","","","","",""
"3320391","2018","PA","Pennsylvania","Physical Activity","Exercise","During the past month, did you participate in any physical activities? (variable calculated from one or more BRFSS questions)","Yes","BRFSS","%","Crude Prevalence","76.0","","","74.6","77.5","4800","Overall","Overall","_TOTINDA","41","41","","","","","",""
"3324165","2018","RI","Rhode Island","Physical Activity","Exercise","During the past month, did you participate in any physical activities? (variable calculated from one or more BRFSS questions)","Yes","BRFSS","%","Crude Prevalence","74.7","","","73.0","76.3","4182","Overall","Overall","_TOTINDA","42","42","","","","","",""
"3327982","2018","SC","South Carolina","Physical Activity","Exercise","During the past month, did you participate in any physical activities? (variable calculated from one or more BRFSS questions)","Yes","BRFSS","%","Crude Prevalence","73.3","","","72.1","74.5","7657","Overall","Overall","_TOTINDA","43","43","","","","","",""
"3331997","2018","SD","South Dakota","Physical Activity","Exercise","During the past month, did you participate in any physical activities? (variable calculated from one or more BRFSS questions)","Yes","BRFSS","%","Crude Prevalence","76.0","","","74.2","77.9","5213","Overall","Overall","_TOTINDA","44","44","","","","","",""
"3335575","2018","TN","Tennessee","Physical Activity","Exercise","During the past month, did you participate in any physical activities? (variable calculated from one or more BRFSS questions)","Yes","BRFSS","%","Crude Prevalence","69.1","","","67.4","70.9","3510","Overall","Overall","_TOTINDA","45","45","","","","","",""
"3340202","2018","TX","Texas","Physical Activity","Exercise","During the past month, did you participate in any physical activities? (variable calculated from one or more BRFSS questions)","Yes","BRFSS","%","Crude Prevalence","74.4","","","72.6","76.2","8181","Overall","Overall","_TOTINDA","46","46","","","","","",""
"3343913","2018","UT","Utah","Physical Activity","Exercise","During the past month, did you participate in any physical activities? (variable calculated from one or more BRFSS questions)","Yes","BRFSS","%","Crude Prevalence","82.5","","","81.6","83.4","8676","Overall","Overall","_TOTINDA","47","47","","","","","",""
"3348133","2018","VT","Vermont","Physical Activity","Exercise","During the past month, did you participate in any physical activities? (variable calculated from one or more BRFSS questions)","Yes","BRFSS","%","Crude Prevalence","81.1","","","79.8","82.4","5206","Overall","Overall","_TOTINDA","48","48","","","","","",""
"3352495","2018","VA","Virginia","Physical Activity","Exercise","During the past month, did you participate in any physical activities? (variable calculated from one or more BRFSS questions)","Yes","BRFSS","%","Crude Prevalence","78.1","","","77.0","79.1","7793","Overall","Overall","_TOTINDA","49","49","","","","","",""
"3356509","2018","WA","Washington","Physical Activity","Exercise","During the past month, did you participate in any physical activities? (variable calculated from one or more BRFSS questions)","Yes","BRFSS","%","Crude Prevalence","82.4","","","81.5","83.3","10709","Overall","Overall","_TOTINDA","50","50","","","","","",""
"3360850","2018","WV","West Virginia","Physical Activity","Exercise","During the past month, did you participate in any physical activities? (variable calculated from one or more BRFSS questions)","Yes","BRFSS","%","Crude Prevalence","71.8","","","70.3","73.3","3437","Overall","Overall","_TOTINDA","51","51","","","","","",""
"3365242","2018","WI","Wisconsin","Physical Activity","Exercise","During the past month, did you participate in any physical activities? (variable calculated from one or more BRFSS questions)","Yes","BRFSS","%","Crude Prevalence","78.2","","","76.7","79.8","3888","Overall","Overall","_TOTINDA","52","52","","","","","",""
"3368718","2018","WY","Wyoming","Physical Activity","Exercise","During the past month, did you participate in any physical activities? (variable calculated from one or more BRFSS questions)","Yes","BRFSS","%","Crude Prevalence","78.3","","","76.8","79.8","3387","Overall","Overall","_TOTINDA","53","53","","","","","",""
"3373054","2018","GU","Guam","Physical Activity","Exercise","During the past month, did you participate in any physical activities? (variable calculated from one or more BRFSS questions)","Yes","BRFSS","%","Crude Prevalence","70.0","","","66.6","73.4","1198","Overall","Overall","_TOTINDA","56","56","","","","","",""
"3376902","2018","PR","Puerto Rico","Physical Activity","Exercise","During the past month, did you participate in any physical activities? (variable calculated from one or more BRFSS questions)","Yes","BRFSS","%","Crude Prevalence","52.7","","","50.9","54.4","2533","Overall","Overall","_TOTINDA","60","60","","","","","",""
"","","","","","","","","","","","","","","","","","","","","","","Datasource","","Behavioral Risk Factor Surveillance System","http://www.cdc.gov/brfss","BRFSS","CDC"
"","","","","","","","","","","","","","","","","","","","","","","MeasureDefinitions","%","Percent","","",""
"","","","","","","","","","","","","","","","","","","","","","","MeasureDefinitions","CI","95% Confidence Interval","","",""
"","","","","","","","","","","","","","","","","","","","","","","MeasureDefinitions","n","“Sample Size”. Translates to the number of adult respondents who answered this question, or were assigned to this category based on question responses for a calculated variable, or the number of states included for a median.","","",""
"","","","","","","","","","","","","","","","","","","","","","","MeasureDefinitions","N/A","Translates to no data available for a record.","","",""
"","","","","","","","","","","","","","","","","","","","","","","MeasureDefinitions","No Data","Translates to no data available for record.","","",""
"","","","","","","","","","","","","","","","","","","","","","","SuggestedCitation","","Centers for Disease Control and Prevention, National Center for Chronic Disease Prevention and Health Promotion, Division of Population Health. BRFSS Prevalence & Trends Data [online]. 2015.","https://www.cdc.gov/brfss/brfssprevalence/","",""
"","","","","","","","","","","","","","","","","","","","","","","RelatedLinks","","Prevalence Data and Data Analysis Tools","/brfss/data_tools.htm","",""
"","","","","","","","","","","","","","","","","","","","","","","RelatedLinks","","Behavioral Risk Factor Surveillance System (BRFSS)","/brfss/index.html","",""
"","","","","","","","","","","","","","","","","","","","","","","RelatedLinks","","Division of Population Health","/nccdphp/dph/index.html","",""
"","","","","","","","","","","","","","","","","","","","","","","RelatedLinks","","Survey Data & Documentation","/brfss/data_documentation/index.htm","",""
