﻿"ID","Year","LocationAbbr","LocationDesc","Class","Topic","Indicator","Response","DataSource","Data_Value_Unit","Data_Value_Type","Data_Value","Data_Value_Footnote_Symbol","Data_Value_Footnote","Low_Confidence_Limit","High_Confidence_Limit","Sample_Size","Stratification","StratificationType","IndicatorId","LocationOrder","ParentStateDisplayOrder","FootnoteType","FootNoteSymbol","FootnoteText","URL","DatasourceAbbr","Agency"
"766060","2004","AL","Alabama","Physical Activity","Exercise","During the past month, did you participate in any physical activities? (variable calculated from one or more BRFSS questions)","Yes","BRFSS","%","Crude Prevalence","73.3","","","70.5","76.1","886","Male","Gender","_TOTINDA","3","3","","","","","",""
"766061","2004","AL","Alabama","Physical Activity","Exercise","During the past month, did you participate in any physical activities? (variable calculated from one or more BRFSS questions)","Yes","BRFSS","%","Crude Prevalence","67.7","","","65.6","69.8","1563","Female","Gender","_TOTINDA","3","3","","","","","",""
"767218","2004","AK","Alaska","Physical Activity","Exercise","During the past month, did you participate in any physical activities? (variable calculated from one or more BRFSS questions)","Yes","BRFSS","%","Crude Prevalence","80.3","","","77.0","83.6","969","Male","Gender","_TOTINDA","4","4","","","","","",""
"767219","2004","AK","Alaska","Physical Activity","Exercise","During the past month, did you participate in any physical activities? (variable calculated from one or more BRFSS questions)","Yes","BRFSS","%","Crude Prevalence","78.4","","","75.4","81.4","1117","Female","Gender","_TOTINDA","4","4","","","","","",""
"770143","2004","AZ","Arizona","Physical Activity","Exercise","During the past month, did you participate in any physical activities? (variable calculated from one or more BRFSS questions)","Yes","BRFSS","%","Crude Prevalence","77.8","","","73.8","81.8","1399","Male","Gender","_TOTINDA","5","5","","","","","",""
"770144","2004","AZ","Arizona","Physical Activity","Exercise","During the past month, did you participate in any physical activities? (variable calculated from one or more BRFSS questions)","Yes","BRFSS","%","Crude Prevalence","73.8","","","70.7","76.9","2203","Female","Gender","_TOTINDA","5","5","","","","","",""
"771860","2004","AR","Arkansas","Physical Activity","Exercise","During the past month, did you participate in any physical activities? (variable calculated from one or more BRFSS questions)","Yes","BRFSS","%","Crude Prevalence","75.3","","","72.9","77.7","1119","Male","Gender","_TOTINDA","6","6","","","","","",""
"771861","2004","AR","Arkansas","Physical Activity","Exercise","During the past month, did you participate in any physical activities? (variable calculated from one or more BRFSS questions)","Yes","BRFSS","%","Crude Prevalence","71.9","","","69.9","73.9","1791","Female","Gender","_TOTINDA","6","6","","","","","",""
"774400","2004","CA","California","Physical Activity","Exercise","During the past month, did you participate in any physical activities? (variable calculated from one or more BRFSS questions)","Yes","BRFSS","%","Crude Prevalence","80.7","","","78.4","83.0","1498","Male","Gender","_TOTINDA","7","7","","","","","",""
"774401","2004","CA","California","Physical Activity","Exercise","During the past month, did you participate in any physical activities? (variable calculated from one or more BRFSS questions)","Yes","BRFSS","%","Crude Prevalence","73.9","","","71.8","76.0","2046","Female","Gender","_TOTINDA","7","7","","","","","",""
"776630","2004","CO","Colorado","Physical Activity","Exercise","During the past month, did you participate in any physical activities? (variable calculated from one or more BRFSS questions)","Yes","BRFSS","%","Crude Prevalence","81.7","","","79.5","83.9","2015","Male","Gender","_TOTINDA","8","8","","","","","",""
"776631","2004","CO","Colorado","Physical Activity","Exercise","During the past month, did you participate in any physical activities? (variable calculated from one or more BRFSS questions)","Yes","BRFSS","%","Crude Prevalence","80.9","","","79.2","82.6","2839","Female","Gender","_TOTINDA","8","8","","","","","",""
"778216","2004","CT","Connecticut","Physical Activity","Exercise","During the past month, did you participate in any physical activities? (variable calculated from one or more BRFSS questions)","Yes","BRFSS","%","Crude Prevalence","83.0","","","81.0","85.0","1939","Male","Gender","_TOTINDA","9","9","","","","","",""
"778217","2004","CT","Connecticut","Physical Activity","Exercise","During the past month, did you participate in any physical activities? (variable calculated from one or more BRFSS questions)","Yes","BRFSS","%","Crude Prevalence","79.4","","","77.9","80.9","2930","Female","Gender","_TOTINDA","9","9","","","","","",""
"780564","2004","DE","Delaware","Physical Activity","Exercise","During the past month, did you participate in any physical activities? (variable calculated from one or more BRFSS questions)","Yes","BRFSS","%","Crude Prevalence","79.7","","","77.1","82.3","1222","Male","Gender","_TOTINDA","10","10","","","","","",""
"780565","2004","DE","Delaware","Physical Activity","Exercise","During the past month, did you participate in any physical activities? (variable calculated from one or more BRFSS questions)","Yes","BRFSS","%","Crude Prevalence","76.8","","","74.6","79.0","1897","Female","Gender","_TOTINDA","10","10","","","","","",""
"782815","2004","DC","District of Columbia","Physical Activity","Exercise","During the past month, did you participate in any physical activities? (variable calculated from one or more BRFSS questions)","Yes","BRFSS","%","Crude Prevalence","83.0","","","80.0","86.0","990","Male","Gender","_TOTINDA","11","11","","","","","",""
"782816","2004","DC","District of Columbia","Physical Activity","Exercise","During the past month, did you participate in any physical activities? (variable calculated from one or more BRFSS questions)","Yes","BRFSS","%","Crude Prevalence","73.2","","","70.6","75.8","1407","Female","Gender","_TOTINDA","11","11","","","","","",""
"784385","2004","FL","Florida","Physical Activity","Exercise","During the past month, did you participate in any physical activities? (variable calculated from one or more BRFSS questions)","Yes","BRFSS","%","Crude Prevalence","79.4","","","77.2","81.6","2103","Male","Gender","_TOTINDA","12","12","","","","","",""
"784386","2004","FL","Florida","Physical Activity","Exercise","During the past month, did you participate in any physical activities? (variable calculated from one or more BRFSS questions)","Yes","BRFSS","%","Crude Prevalence","73.5","","","71.7","75.3","3236","Female","Gender","_TOTINDA","12","12","","","","","",""
"786650","2004","GA","Georgia","Physical Activity","Exercise","During the past month, did you participate in any physical activities? (variable calculated from one or more BRFSS questions)","Yes","BRFSS","%","Crude Prevalence","78.4","","","76.0","80.8","1429","Male","Gender","_TOTINDA","13","13","","","","","",""
"786651","2004","GA","Georgia","Physical Activity","Exercise","During the past month, did you participate in any physical activities? (variable calculated from one or more BRFSS questions)","Yes","BRFSS","%","Crude Prevalence","70.3","","","68.2","72.4","2111","Female","Gender","_TOTINDA","13","13","","","","","",""
"789572","2004","ID","Idaho","Physical Activity","Exercise","During the past month, did you participate in any physical activities? (variable calculated from one or more BRFSS questions)","Yes","BRFSS","%","Crude Prevalence","82.5","","","80.6","84.4","1721","Male","Gender","_TOTINDA","15","15","","","","","",""
"789573","2004","ID","Idaho","Physical Activity","Exercise","During the past month, did you participate in any physical activities? (variable calculated from one or more BRFSS questions)","Yes","BRFSS","%","Crude Prevalence","79.3","","","77.6","81.0","2428","Female","Gender","_TOTINDA","15","15","","","","","",""
"791221","2004","IL","Illinois","Physical Activity","Exercise","During the past month, did you participate in any physical activities? (variable calculated from one or more BRFSS questions)","Yes","BRFSS","%","Crude Prevalence","76.8","","","74.2","79.4","1211","Male","Gender","_TOTINDA","16","16","","","","","",""
"791222","2004","IL","Illinois","Physical Activity","Exercise","During the past month, did you participate in any physical activities? (variable calculated from one or more BRFSS questions)","Yes","BRFSS","%","Crude Prevalence","73.6","","","71.6","75.6","1843","Female","Gender","_TOTINDA","16","16","","","","","",""
"793709","2004","IN","Indiana","Physical Activity","Exercise","During the past month, did you participate in any physical activities? (variable calculated from one or more BRFSS questions)","Yes","BRFSS","%","Crude Prevalence","78.0","","","76.2","79.8","1931","Male","Gender","_TOTINDA","17","17","","","","","",""
"793710","2004","IN","Indiana","Physical Activity","Exercise","During the past month, did you participate in any physical activities? (variable calculated from one or more BRFSS questions)","Yes","BRFSS","%","Crude Prevalence","71.6","","","70.0","73.2","2857","Female","Gender","_TOTINDA","17","17","","","","","",""
"795701","2004","IA","Iowa","Physical Activity","Exercise","During the past month, did you participate in any physical activities? (variable calculated from one or more BRFSS questions)","Yes","BRFSS","%","Crude Prevalence","80.1","","","78.0","82.2","1526","Male","Gender","_TOTINDA","18","18","","","","","",""
"795702","2004","IA","Iowa","Physical Activity","Exercise","During the past month, did you participate in any physical activities? (variable calculated from one or more BRFSS questions)","Yes","BRFSS","%","Crude Prevalence","77.4","","","75.7","79.1","2381","Female","Gender","_TOTINDA","18","18","","","","","",""
"797458","2004","KS","Kansas","Physical Activity","Exercise","During the past month, did you participate in any physical activities? (variable calculated from one or more BRFSS questions)","Yes","BRFSS","%","Crude Prevalence","77.9","","","76.3","79.5","2615","Male","Gender","_TOTINDA","19","19","","","","","",""
"797459","2004","KS","Kansas","Physical Activity","Exercise","During the past month, did you participate in any physical activities? (variable calculated from one or more BRFSS questions)","Yes","BRFSS","%","Crude Prevalence","75.7","","","74.4","77.0","3878","Female","Gender","_TOTINDA","19","19","","","","","",""
"799442","2004","KY","Kentucky","Physical Activity","Exercise","During the past month, did you participate in any physical activities? (variable calculated from one or more BRFSS questions)","Yes","BRFSS","%","Crude Prevalence","71.9","","","69.2","74.6","1522","Male","Gender","_TOTINDA","20","20","","","","","",""
"799443","2004","KY","Kentucky","Physical Activity","Exercise","During the past month, did you participate in any physical activities? (variable calculated from one or more BRFSS questions)","Yes","BRFSS","%","Crude Prevalence","68.5","","","66.4","70.6","2826","Female","Gender","_TOTINDA","20","20","","","","","",""
"802192","2004","LA","Louisiana","Physical Activity","Exercise","During the past month, did you participate in any physical activities? (variable calculated from one or more BRFSS questions)","Yes","BRFSS","%","Crude Prevalence","73.6","","","71.7","75.5","2288","Male","Gender","_TOTINDA","21","21","","","","","",""
"802193","2004","LA","Louisiana","Physical Activity","Exercise","During the past month, did you participate in any physical activities? (variable calculated from one or more BRFSS questions)","Yes","BRFSS","%","Crude Prevalence","67.2","","","65.7","68.7","3852","Female","Gender","_TOTINDA","21","21","","","","","",""
"804198","2004","ME","Maine","Physical Activity","Exercise","During the past month, did you participate in any physical activities? (variable calculated from one or more BRFSS questions)","Yes","BRFSS","%","Crude Prevalence","77.6","","","75.0","80.2","1089","Male","Gender","_TOTINDA","22","22","","","","","",""
"804199","2004","ME","Maine","Physical Activity","Exercise","During the past month, did you participate in any physical activities? (variable calculated from one or more BRFSS questions)","Yes","BRFSS","%","Crude Prevalence","79.2","","","77.2","81.2","1652","Female","Gender","_TOTINDA","22","22","","","","","",""
"806567","2004","MD","Maryland","Physical Activity","Exercise","During the past month, did you participate in any physical activities? (variable calculated from one or more BRFSS questions)","Yes","BRFSS","%","Crude Prevalence","80.5","","","78.1","82.9","1340","Male","Gender","_TOTINDA","23","23","","","","","",""
"806568","2004","MD","Maryland","Physical Activity","Exercise","During the past month, did you participate in any physical activities? (variable calculated from one or more BRFSS questions)","Yes","BRFSS","%","Crude Prevalence","76.0","","","74.0","78.0","2065","Female","Gender","_TOTINDA","23","23","","","","","",""
"809143","2004","MA","Massachusetts","Physical Activity","Exercise","During the past month, did you participate in any physical activities? (variable calculated from one or more BRFSS questions)","Yes","BRFSS","%","Crude Prevalence","82.5","","","80.8","84.2","2567","Male","Gender","_TOTINDA","24","24","","","","","",""
"809144","2004","MA","Massachusetts","Physical Activity","Exercise","During the past month, did you participate in any physical activities? (variable calculated from one or more BRFSS questions)","Yes","BRFSS","%","Crude Prevalence","77.8","","","76.2","79.4","3711","Female","Gender","_TOTINDA","24","24","","","","","",""
"810218","2004","MI","Michigan","Physical Activity","Exercise","During the past month, did you participate in any physical activities? (variable calculated from one or more BRFSS questions)","Yes","BRFSS","%","Crude Prevalence","80.1","","","77.9","82.3","1549","Male","Gender","_TOTINDA","25","25","","","","","",""
"810219","2004","MI","Michigan","Physical Activity","Exercise","During the past month, did you participate in any physical activities? (variable calculated from one or more BRFSS questions)","Yes","BRFSS","%","Crude Prevalence","75.7","","","73.9","77.5","2260","Female","Gender","_TOTINDA","25","25","","","","","",""
"812365","2004","MN","Minnesota","Physical Activity","Exercise","During the past month, did you participate in any physical activities? (variable calculated from one or more BRFSS questions)","Yes","BRFSS","%","Crude Prevalence","83.8","","","82.0","85.6","1512","Male","Gender","_TOTINDA","26","26","","","","","",""
"812366","2004","MN","Minnesota","Physical Activity","Exercise","During the past month, did you participate in any physical activities? (variable calculated from one or more BRFSS questions)","Yes","BRFSS","%","Crude Prevalence","84.4","","","82.8","86.0","2187","Female","Gender","_TOTINDA","26","26","","","","","",""
"815152","2004","MS","Mississippi","Physical Activity","Exercise","During the past month, did you participate in any physical activities? (variable calculated from one or more BRFSS questions)","Yes","BRFSS","%","Crude Prevalence","72.1","","","69.7","74.5","1243","Male","Gender","_TOTINDA","27","27","","","","","",""
"815153","2004","MS","Mississippi","Physical Activity","Exercise","During the past month, did you participate in any physical activities? (variable calculated from one or more BRFSS questions)","Yes","BRFSS","%","Crude Prevalence","65.6","","","63.7","67.5","2226","Female","Gender","_TOTINDA","27","27","","","","","",""
"817072","2004","MO","Missouri","Physical Activity","Exercise","During the past month, did you participate in any physical activities? (variable calculated from one or more BRFSS questions)","Yes","BRFSS","%","Crude Prevalence","77.0","","","74.6","79.4","1450","Male","Gender","_TOTINDA","28","28","","","","","",""
"817073","2004","MO","Missouri","Physical Activity","Exercise","During the past month, did you participate in any physical activities? (variable calculated from one or more BRFSS questions)","Yes","BRFSS","%","Crude Prevalence","73.5","","","71.4","75.6","2104","Female","Gender","_TOTINDA","28","28","","","","","",""
"818916","2004","MT","Montana","Physical Activity","Exercise","During the past month, did you participate in any physical activities? (variable calculated from one or more BRFSS questions)","Yes","BRFSS","%","Crude Prevalence","82.3","","","80.3","84.3","1610","Male","Gender","_TOTINDA","29","29","","","","","",""
"818917","2004","MT","Montana","Physical Activity","Exercise","During the past month, did you participate in any physical activities? (variable calculated from one or more BRFSS questions)","Yes","BRFSS","%","Crude Prevalence","80.0","","","78.2","81.8","2297","Female","Gender","_TOTINDA","29","29","","","","","",""
"821489","2004","NE","Nebraska","Physical Activity","Exercise","During the past month, did you participate in any physical activities? (variable calculated from one or more BRFSS questions)","Yes","BRFSS","%","Crude Prevalence","79.0","","","77.2","80.8","2631","Male","Gender","_TOTINDA","30","30","","","","","",""
"821490","2004","NE","Nebraska","Physical Activity","Exercise","During the past month, did you participate in any physical activities? (variable calculated from one or more BRFSS questions)","Yes","BRFSS","%","Crude Prevalence","77.9","","","76.4","79.4","4156","Female","Gender","_TOTINDA","30","30","","","","","",""
"823488","2004","NV","Nevada","Physical Activity","Exercise","During the past month, did you participate in any physical activities? (variable calculated from one or more BRFSS questions)","Yes","BRFSS","%","Crude Prevalence","77.2","","","74.0","80.4","1112","Male","Gender","_TOTINDA","31","31","","","","","",""
"823489","2004","NV","Nevada","Physical Activity","Exercise","During the past month, did you participate in any physical activities? (variable calculated from one or more BRFSS questions)","Yes","BRFSS","%","Crude Prevalence","74.3","","","70.9","77.7","1146","Female","Gender","_TOTINDA","31","31","","","","","",""
"826112","2004","NH","New Hampshire","Physical Activity","Exercise","During the past month, did you participate in any physical activities? (variable calculated from one or more BRFSS questions)","Yes","BRFSS","%","Crude Prevalence","83.2","","","81.4","85.0","1707","Male","Gender","_TOTINDA","32","32","","","","","",""
"825742","2004","NH","New Hampshire","Physical Activity","Exercise","During the past month, did you participate in any physical activities? (variable calculated from one or more BRFSS questions)","Yes","BRFSS","%","Crude Prevalence","79.9","","","78.3","81.5","2327","Female","Gender","_TOTINDA","32","32","","","","","",""
"827428","2004","NJ","New Jersey","Physical Activity","Exercise","During the past month, did you participate in any physical activities? (variable calculated from one or more BRFSS questions)","Yes","BRFSS","%","Crude Prevalence","77.7","","","76.2","79.2","3744","Male","Gender","_TOTINDA","33","33","","","","","",""
"827429","2004","NJ","New Jersey","Physical Activity","Exercise","During the past month, did you participate in any physical activities? (variable calculated from one or more BRFSS questions)","Yes","BRFSS","%","Crude Prevalence","71.2","","","69.9","72.5","5249","Female","Gender","_TOTINDA","33","33","","","","","",""
"829952","2004","NM","New Mexico","Physical Activity","Exercise","During the past month, did you participate in any physical activities? (variable calculated from one or more BRFSS questions)","Yes","BRFSS","%","Crude Prevalence","81.3","","","79.4","83.2","2026","Male","Gender","_TOTINDA","34","34","","","","","",""
"829953","2004","NM","New Mexico","Physical Activity","Exercise","During the past month, did you participate in any physical activities? (variable calculated from one or more BRFSS questions)","Yes","BRFSS","%","Crude Prevalence","76.5","","","74.9","78.1","2927","Female","Gender","_TOTINDA","34","34","","","","","",""
"831305","2004","NY","New York","Physical Activity","Exercise","During the past month, did you participate in any physical activities? (variable calculated from one or more BRFSS questions)","Yes","BRFSS","%","Crude Prevalence","76.1","","","73.9","78.3","1729","Male","Gender","_TOTINDA","35","35","","","","","",""
"831306","2004","NY","New York","Physical Activity","Exercise","During the past month, did you participate in any physical activities? (variable calculated from one or more BRFSS questions)","Yes","BRFSS","%","Crude Prevalence","71.1","","","69.2","73.0","2705","Female","Gender","_TOTINDA","35","35","","","","","",""
"833954","2004","NC","North Carolina","Physical Activity","Exercise","During the past month, did you participate in any physical activities? (variable calculated from one or more BRFSS questions)","Yes","BRFSS","%","Crude Prevalence","77.8","","","76.4","79.2","4275","Male","Gender","_TOTINDA","36","36","","","","","",""
"833955","2004","NC","North Carolina","Physical Activity","Exercise","During the past month, did you participate in any physical activities? (variable calculated from one or more BRFSS questions)","Yes","BRFSS","%","Crude Prevalence","72.9","","","71.7","74.1","6855","Female","Gender","_TOTINDA","36","36","","","","","",""
"836463","2004","ND","North Dakota","Physical Activity","Exercise","During the past month, did you participate in any physical activities? (variable calculated from one or more BRFSS questions)","Yes","BRFSS","%","Crude Prevalence","76.5","","","73.8","79.2","973","Male","Gender","_TOTINDA","37","37","","","","","",""
"836464","2004","ND","North Dakota","Physical Activity","Exercise","During the past month, did you participate in any physical activities? (variable calculated from one or more BRFSS questions)","Yes","BRFSS","%","Crude Prevalence","80.8","","","78.8","82.8","1362","Female","Gender","_TOTINDA","37","37","","","","","",""
"838565","2004","OH","Ohio","Physical Activity","Exercise","During the past month, did you participate in any physical activities? (variable calculated from one or more BRFSS questions)","Yes","BRFSS","%","Crude Prevalence","79.7","","","76.8","82.6","2000","Male","Gender","_TOTINDA","38","38","","","","","",""
"838566","2004","OH","Ohio","Physical Activity","Exercise","During the past month, did you participate in any physical activities? (variable calculated from one or more BRFSS questions)","Yes","BRFSS","%","Crude Prevalence","74.5","","","72.0","77.0","3128","Female","Gender","_TOTINDA","38","38","","","","","",""
"841111","2004","OK","Oklahoma","Physical Activity","Exercise","During the past month, did you participate in any physical activities? (variable calculated from one or more BRFSS questions)","Yes","BRFSS","%","Crude Prevalence","74.8","","","72.8","76.8","1912","Male","Gender","_TOTINDA","39","39","","","","","",""
"841112","2004","OK","Oklahoma","Physical Activity","Exercise","During the past month, did you participate in any physical activities? (variable calculated from one or more BRFSS questions)","Yes","BRFSS","%","Crude Prevalence","69.9","","","68.3","71.5","2945","Female","Gender","_TOTINDA","39","39","","","","","",""
"842312","2004","OR","Oregon","Physical Activity","Exercise","During the past month, did you participate in any physical activities? (variable calculated from one or more BRFSS questions)","Yes","BRFSS","%","Crude Prevalence","84.1","","","82.2","86.0","1653","Male","Gender","_TOTINDA","40","40","","","","","",""
"842313","2004","OR","Oregon","Physical Activity","Exercise","During the past month, did you participate in any physical activities? (variable calculated from one or more BRFSS questions)","Yes","BRFSS","%","Crude Prevalence","81.6","","","80.0","83.2","2530","Female","Gender","_TOTINDA","40","40","","","","","",""
"844959","2004","PA","Pennsylvania","Physical Activity","Exercise","During the past month, did you participate in any physical activities? (variable calculated from one or more BRFSS questions)","Yes","BRFSS","%","Crude Prevalence","78.7","","","76.8","80.6","1805","Male","Gender","_TOTINDA","41","41","","","","","",""
"844960","2004","PA","Pennsylvania","Physical Activity","Exercise","During the past month, did you participate in any physical activities? (variable calculated from one or more BRFSS questions)","Yes","BRFSS","%","Crude Prevalence","72.8","","","71.2","74.4","2748","Female","Gender","_TOTINDA","41","41","","","","","",""
"848985","2004","RI","Rhode Island","Physical Activity","Exercise","During the past month, did you participate in any physical activities? (variable calculated from one or more BRFSS questions)","Yes","BRFSS","%","Crude Prevalence","76.5","","","73.8","79.2","1177","Male","Gender","_TOTINDA","42","42","","","","","",""
"848986","2004","RI","Rhode Island","Physical Activity","Exercise","During the past month, did you participate in any physical activities? (variable calculated from one or more BRFSS questions)","Yes","BRFSS","%","Crude Prevalence","75.1","","","73.1","77.1","1794","Female","Gender","_TOTINDA","42","42","","","","","",""
"850681","2004","SC","South Carolina","Physical Activity","Exercise","During the past month, did you participate in any physical activities? (variable calculated from one or more BRFSS questions)","Yes","BRFSS","%","Crude Prevalence","79.8","","","77.9","81.7","2148","Male","Gender","_TOTINDA","43","43","","","","","",""
"850682","2004","SC","South Carolina","Physical Activity","Exercise","During the past month, did you participate in any physical activities? (variable calculated from one or more BRFSS questions)","Yes","BRFSS","%","Crude Prevalence","72.8","","","71.2","74.4","3207","Female","Gender","_TOTINDA","43","43","","","","","",""
"853481","2004","SD","South Dakota","Physical Activity","Exercise","During the past month, did you participate in any physical activities? (variable calculated from one or more BRFSS questions)","Yes","BRFSS","%","Crude Prevalence","81.9","","","80.2","83.6","1978","Male","Gender","_TOTINDA","44","44","","","","","",""
"853482","2004","SD","South Dakota","Physical Activity","Exercise","During the past month, did you participate in any physical activities? (variable calculated from one or more BRFSS questions)","Yes","BRFSS","%","Crude Prevalence","80.1","","","78.5","81.7","2837","Female","Gender","_TOTINDA","44","44","","","","","",""
"855605","2004","TN","Tennessee","Physical Activity","Exercise","During the past month, did you participate in any physical activities? (variable calculated from one or more BRFSS questions)","Yes","BRFSS","%","Crude Prevalence","73.4","","","70.2","76.6","972","Male","Gender","_TOTINDA","45","45","","","","","",""
"855606","2004","TN","Tennessee","Physical Activity","Exercise","During the past month, did you participate in any physical activities? (variable calculated from one or more BRFSS questions)","Yes","BRFSS","%","Crude Prevalence","67.5","","","65.1","69.9","1658","Female","Gender","_TOTINDA","45","45","","","","","",""
"858067","2004","TX","Texas","Physical Activity","Exercise","During the past month, did you participate in any physical activities? (variable calculated from one or more BRFSS questions)","Yes","BRFSS","%","Crude Prevalence","76.7","","","74.6","78.8","1837","Male","Gender","_TOTINDA","46","46","","","","","",""
"858068","2004","TX","Texas","Physical Activity","Exercise","During the past month, did you participate in any physical activities? (variable calculated from one or more BRFSS questions)","Yes","BRFSS","%","Crude Prevalence","71.1","","","69.4","72.8","2802","Female","Gender","_TOTINDA","46","46","","","","","",""
"859800","2004","UT","Utah","Physical Activity","Exercise","During the past month, did you participate in any physical activities? (variable calculated from one or more BRFSS questions)","Yes","BRFSS","%","Crude Prevalence","84.5","","","82.7","86.3","1924","Male","Gender","_TOTINDA","47","47","","","","","",""
"859801","2004","UT","Utah","Physical Activity","Exercise","During the past month, did you participate in any physical activities? (variable calculated from one or more BRFSS questions)","Yes","BRFSS","%","Crude Prevalence","81.7","","","79.9","83.5","2278","Female","Gender","_TOTINDA","47","47","","","","","",""
"861273","2004","VT","Vermont","Physical Activity","Exercise","During the past month, did you participate in any physical activities? (variable calculated from one or more BRFSS questions)","Yes","BRFSS","%","Crude Prevalence","83.5","","","81.9","85.1","2257","Male","Gender","_TOTINDA","48","48","","","","","",""
"861274","2004","VT","Vermont","Physical Activity","Exercise","During the past month, did you participate in any physical activities? (variable calculated from one or more BRFSS questions)","Yes","BRFSS","%","Crude Prevalence","80.4","","","79.0","81.8","3201","Female","Gender","_TOTINDA","48","48","","","","","",""
"865792","2004","VA","Virginia","Physical Activity","Exercise","During the past month, did you participate in any physical activities? (variable calculated from one or more BRFSS questions)","Yes","BRFSS","%","Crude Prevalence","80.2","","","78.0","82.4","1765","Male","Gender","_TOTINDA","49","49","","","","","",""
"865793","2004","VA","Virginia","Physical Activity","Exercise","During the past month, did you participate in any physical activities? (variable calculated from one or more BRFSS questions)","Yes","BRFSS","%","Crude Prevalence","76.1","","","74.0","78.2","2465","Female","Gender","_TOTINDA","49","49","","","","","",""
"867948","2004","WA","Washington","Physical Activity","Exercise","During the past month, did you participate in any physical activities? (variable calculated from one or more BRFSS questions)","Yes","BRFSS","%","Crude Prevalence","83.8","","","82.7","84.9","5898","Male","Gender","_TOTINDA","50","50","","","","","",""
"867949","2004","WA","Washington","Physical Activity","Exercise","During the past month, did you participate in any physical activities? (variable calculated from one or more BRFSS questions)","Yes","BRFSS","%","Crude Prevalence","81.7","","","80.8","82.6","9099","Female","Gender","_TOTINDA","50","50","","","","","",""
"870544","2004","WV","West Virginia","Physical Activity","Exercise","During the past month, did you participate in any physical activities? (variable calculated from one or more BRFSS questions)","Yes","BRFSS","%","Crude Prevalence","78.7","","","76.3","81.1","1017","Male","Gender","_TOTINDA","51","51","","","","","",""
"870545","2004","WV","West Virginia","Physical Activity","Exercise","During the past month, did you participate in any physical activities? (variable calculated from one or more BRFSS questions)","Yes","BRFSS","%","Crude Prevalence","72.5","","","70.4","74.6","1524","Female","Gender","_TOTINDA","51","51","","","","","",""
"872215","2004","WI","Wisconsin","Physical Activity","Exercise","During the past month, did you participate in any physical activities? (variable calculated from one or more BRFSS questions)","Yes","BRFSS","%","Crude Prevalence","83.7","","","81.7","85.7","1463","Male","Gender","_TOTINDA","52","52","","","","","",""
"872216","2004","WI","Wisconsin","Physical Activity","Exercise","During the past month, did you participate in any physical activities? (variable calculated from one or more BRFSS questions)","Yes","BRFSS","%","Crude Prevalence","79.4","","","77.6","81.2","2092","Female","Gender","_TOTINDA","52","52","","","","","",""
"875022","2004","WY","Wyoming","Physical Activity","Exercise","During the past month, did you participate in any physical activities? (variable calculated from one or more BRFSS questions)","Yes","BRFSS","%","Crude Prevalence","80.2","","","78.1","82.3","1373","Male","Gender","_TOTINDA","53","53","","","","","",""
"875023","2004","WY","Wyoming","Physical Activity","Exercise","During the past month, did you participate in any physical activities? (variable calculated from one or more BRFSS questions)","Yes","BRFSS","%","Crude Prevalence","79.6","","","77.8","81.4","1893","Female","Gender","_TOTINDA","53","53","","","","","",""
"846607","2004","PR","Puerto Rico","Physical Activity","Exercise","During the past month, did you participate in any physical activities? (variable calculated from one or more BRFSS questions)","Yes","BRFSS","%","Crude Prevalence","59.8","","","56.7","62.9","836","Male","Gender","_TOTINDA","60","60","","","","","",""
"846608","2004","PR","Puerto Rico","Physical Activity","Exercise","During the past month, did you participate in any physical activities? (variable calculated from one or more BRFSS questions)","Yes","BRFSS","%","Crude Prevalence","47.7","","","45.3","50.1","1297","Female","Gender","_TOTINDA","60","60","","","","","",""
"864120","2004","VI","Virgin Islands","Physical Activity","Exercise","During the past month, did you participate in any physical activities? (variable calculated from one or more BRFSS questions)","Yes","BRFSS","%","Crude Prevalence","73.8","","","70.5","77.1","723","Male","Gender","_TOTINDA","62","62","","","","","",""
"864121","2004","VI","Virgin Islands","Physical Activity","Exercise","During the past month, did you participate in any physical activities? (variable calculated from one or more BRFSS questions)","Yes","BRFSS","%","Crude Prevalence","69.0","","","66.4","71.6","1209","Female","Gender","_TOTINDA","62","62","","","","","",""
"","","","","","","","","","","","","","","","","","","","","","","Datasource","","Behavioral Risk Factor Surveillance System","http://www.cdc.gov/brfss","BRFSS","CDC"
"","","","","","","","","","","","","","","","","","","","","","","MeasureDefinitions","%","Percent","","",""
"","","","","","","","","","","","","","","","","","","","","","","MeasureDefinitions","CI","95% Confidence Interval","","",""
"","","","","","","","","","","","","","","","","","","","","","","MeasureDefinitions","n","“Sample Size”. Translates to the number of adult respondents who answered this question, or were assigned to this category based on question responses for a calculated variable, or the number of states included for a median.","","",""
"","","","","","","","","","","","","","","","","","","","","","","MeasureDefinitions","N/A","Translates to no data available for a record.","","",""
"","","","","","","","","","","","","","","","","","","","","","","MeasureDefinitions","No Data","Translates to no data available for record.","","",""
"","","","","","","","","","","","","","","","","","","","","","","SuggestedCitation","","Centers for Disease Control and Prevention, National Center for Chronic Disease Prevention and Health Promotion, Division of Population Health. BRFSS Prevalence & Trends Data [online]. 2015.","https://www.cdc.gov/brfss/brfssprevalence/","",""
"","","","","","","","","","","","","","","","","","","","","","","RelatedLinks","","Prevalence Data and Data Analysis Tools","/brfss/data_tools.htm","",""
"","","","","","","","","","","","","","","","","","","","","","","RelatedLinks","","Behavioral Risk Factor Surveillance System (BRFSS)","/brfss/index.html","",""
"","","","","","","","","","","","","","","","","","","","","","","RelatedLinks","","Division of Population Health","/nccdphp/dph/index.html","",""
"","","","","","","","","","","","","","","","","","","","","","","RelatedLinks","","Survey Data & Documentation","/brfss/data_documentation/index.htm","",""
