﻿"ID","Year","LocationAbbr","LocationDesc","Class","Topic","Indicator","Response","DataSource","Data_Value_Unit","Data_Value_Type","Data_Value","Data_Value_Footnote_Symbol","Data_Value_Footnote","Low_Confidence_Limit","High_Confidence_Limit","Sample_Size","Stratification","StratificationType","IndicatorId","LocationOrder","ParentStateDisplayOrder","FootnoteType","FootNoteSymbol","FootnoteText","URL","DatasourceAbbr","Agency"
"638754","2005","AL","Alabama","Physical Activity","Exercise","During the past month, did you participate in any physical activities? (variable calculated from one or more BRFSS questions)","Yes","BRFSS","%","Crude Prevalence","73.9","","","70.7","77.1","763","Male","Gender","_TOTINDA","3","3","","","","","",""
"638755","2005","AL","Alabama","Physical Activity","Exercise","During the past month, did you participate in any physical activities? (variable calculated from one or more BRFSS questions)","Yes","BRFSS","%","Crude Prevalence","67.0","","","64.7","69.3","1400","Female","Gender","_TOTINDA","3","3","","","","","",""
"641714","2005","AK","Alaska","Physical Activity","Exercise","During the past month, did you participate in any physical activities? (variable calculated from one or more BRFSS questions)","Yes","BRFSS","%","Crude Prevalence","81.3","","","78.2","84.4","1048","Male","Gender","_TOTINDA","4","4","","","","","",""
"641715","2005","AK","Alaska","Physical Activity","Exercise","During the past month, did you participate in any physical activities? (variable calculated from one or more BRFSS questions)","Yes","BRFSS","%","Crude Prevalence","75.7","","","72.6","78.8","1136","Female","Gender","_TOTINDA","4","4","","","","","",""
"643942","2005","AZ","Arizona","Physical Activity","Exercise","During the past month, did you participate in any physical activities? (variable calculated from one or more BRFSS questions)","Yes","BRFSS","%","Crude Prevalence","77.8","","","73.9","81.7","1362","Male","Gender","_TOTINDA","5","5","","","","","",""
"643943","2005","AZ","Arizona","Physical Activity","Exercise","During the past month, did you participate in any physical activities? (variable calculated from one or more BRFSS questions)","Yes","BRFSS","%","Crude Prevalence","76.9","","","74.2","79.6","2156","Female","Gender","_TOTINDA","5","5","","","","","",""
"646611","2005","AR","Arkansas","Physical Activity","Exercise","During the past month, did you participate in any physical activities? (variable calculated from one or more BRFSS questions)","Yes","BRFSS","%","Crude Prevalence","72.3","","","69.9","74.7","1387","Male","Gender","_TOTINDA","6","6","","","","","",""
"646612","2005","AR","Arkansas","Physical Activity","Exercise","During the past month, did you participate in any physical activities? (variable calculated from one or more BRFSS questions)","Yes","BRFSS","%","Crude Prevalence","66.7","","","64.8","68.6","2175","Female","Gender","_TOTINDA","6","6","","","","","",""
"648346","2005","CA","California","Physical Activity","Exercise","During the past month, did you participate in any physical activities? (variable calculated from one or more BRFSS questions)","Yes","BRFSS","%","Crude Prevalence","77.7","","","75.4","80.0","1937","Male","Gender","_TOTINDA","7","7","","","","","",""
"648347","2005","CA","California","Physical Activity","Exercise","During the past month, did you participate in any physical activities? (variable calculated from one or more BRFSS questions)","Yes","BRFSS","%","Crude Prevalence","74.5","","","72.6","76.4","2848","Female","Gender","_TOTINDA","7","7","","","","","",""
"651150","2005","CO","Colorado","Physical Activity","Exercise","During the past month, did you participate in any physical activities? (variable calculated from one or more BRFSS questions)","Yes","BRFSS","%","Crude Prevalence","85.2","","","83.6","86.8","2048","Male","Gender","_TOTINDA","8","8","","","","","",""
"651151","2005","CO","Colorado","Physical Activity","Exercise","During the past month, did you participate in any physical activities? (variable calculated from one or more BRFSS questions)","Yes","BRFSS","%","Crude Prevalence","80.3","","","78.7","81.9","2887","Female","Gender","_TOTINDA","8","8","","","","","",""
"653218","2005","CT","Connecticut","Physical Activity","Exercise","During the past month, did you participate in any physical activities? (variable calculated from one or more BRFSS questions)","Yes","BRFSS","%","Crude Prevalence","80.9","","","78.8","83.0","1585","Male","Gender","_TOTINDA","9","9","","","","","",""
"653219","2005","CT","Connecticut","Physical Activity","Exercise","During the past month, did you participate in any physical activities? (variable calculated from one or more BRFSS questions)","Yes","BRFSS","%","Crude Prevalence","76.9","","","75.1","78.7","2367","Female","Gender","_TOTINDA","9","9","","","","","",""
"656174","2005","DE","Delaware","Physical Activity","Exercise","During the past month, did you participate in any physical activities? (variable calculated from one or more BRFSS questions)","Yes","BRFSS","%","Crude Prevalence","79.9","","","77.4","82.4","1246","Male","Gender","_TOTINDA","10","10","","","","","",""
"656175","2005","DE","Delaware","Physical Activity","Exercise","During the past month, did you participate in any physical activities? (variable calculated from one or more BRFSS questions)","Yes","BRFSS","%","Crude Prevalence","73.9","","","71.6","76.2","1853","Female","Gender","_TOTINDA","10","10","","","","","",""
"658679","2005","DC","District of Columbia","Physical Activity","Exercise","During the past month, did you participate in any physical activities? (variable calculated from one or more BRFSS questions)","Yes","BRFSS","%","Crude Prevalence","80.8","","","77.9","83.7","1234","Male","Gender","_TOTINDA","11","11","","","","","",""
"658680","2005","DC","District of Columbia","Physical Activity","Exercise","During the past month, did you participate in any physical activities? (variable calculated from one or more BRFSS questions)","Yes","BRFSS","%","Crude Prevalence","74.7","","","72.4","77.0","1750","Female","Gender","_TOTINDA","11","11","","","","","",""
"660505","2005","FL","Florida","Physical Activity","Exercise","During the past month, did you participate in any physical activities? (variable calculated from one or more BRFSS questions)","Yes","BRFSS","%","Crude Prevalence","76.8","","","74.6","79.0","2289","Male","Gender","_TOTINDA","12","12","","","","","",""
"660506","2005","FL","Florida","Physical Activity","Exercise","During the past month, did you participate in any physical activities? (variable calculated from one or more BRFSS questions)","Yes","BRFSS","%","Crude Prevalence","69.7","","","67.9","71.5","3560","Female","Gender","_TOTINDA","12","12","","","","","",""
"662811","2005","GA","Georgia","Physical Activity","Exercise","During the past month, did you participate in any physical activities? (variable calculated from one or more BRFSS questions)","Yes","BRFSS","%","Crude Prevalence","77.1","","","74.5","79.7","1528","Male","Gender","_TOTINDA","13","13","","","","","",""
"662812","2005","GA","Georgia","Physical Activity","Exercise","During the past month, did you participate in any physical activities? (variable calculated from one or more BRFSS questions)","Yes","BRFSS","%","Crude Prevalence","68.8","","","66.8","70.8","2685","Female","Gender","_TOTINDA","13","13","","","","","",""
"665271","2005","HI","Hawaii","Physical Activity","Exercise","During the past month, did you participate in any physical activities? (variable calculated from one or more BRFSS questions)","Yes","BRFSS","%","Crude Prevalence","82.1","","","80.0","84.2","2132","Male","Gender","_TOTINDA","14","14","","","","","",""
"665272","2005","HI","Hawaii","Physical Activity","Exercise","During the past month, did you participate in any physical activities? (variable calculated from one or more BRFSS questions)","Yes","BRFSS","%","Crude Prevalence","79.0","","","77.3","80.7","3046","Female","Gender","_TOTINDA","14","14","","","","","",""
"667325","2005","ID","Idaho","Physical Activity","Exercise","During the past month, did you participate in any physical activities? (variable calculated from one or more BRFSS questions)","Yes","BRFSS","%","Crude Prevalence","79.3","","","77.0","81.6","1697","Male","Gender","_TOTINDA","15","15","","","","","",""
"667326","2005","ID","Idaho","Physical Activity","Exercise","During the past month, did you participate in any physical activities? (variable calculated from one or more BRFSS questions)","Yes","BRFSS","%","Crude Prevalence","77.4","","","75.6","79.2","2698","Female","Gender","_TOTINDA","15","15","","","","","",""
"670432","2005","IL","Illinois","Physical Activity","Exercise","During the past month, did you participate in any physical activities? (variable calculated from one or more BRFSS questions)","Yes","BRFSS","%","Crude Prevalence","76.8","","","74.3","79.3","1450","Male","Gender","_TOTINDA","16","16","","","","","",""
"670433","2005","IL","Illinois","Physical Activity","Exercise","During the past month, did you participate in any physical activities? (variable calculated from one or more BRFSS questions)","Yes","BRFSS","%","Crude Prevalence","72.1","","","70.2","74.0","2305","Female","Gender","_TOTINDA","16","16","","","","","",""
"672648","2005","IN","Indiana","Physical Activity","Exercise","During the past month, did you participate in any physical activities? (variable calculated from one or more BRFSS questions)","Yes","BRFSS","%","Crude Prevalence","74.9","","","72.8","77.0","1579","Male","Gender","_TOTINDA","17","17","","","","","",""
"672649","2005","IN","Indiana","Physical Activity","Exercise","During the past month, did you participate in any physical activities? (variable calculated from one or more BRFSS questions)","Yes","BRFSS","%","Crude Prevalence","71.3","","","69.6","73.0","2452","Female","Gender","_TOTINDA","17","17","","","","","",""
"674370","2005","IA","Iowa","Physical Activity","Exercise","During the past month, did you participate in any physical activities? (variable calculated from one or more BRFSS questions)","Yes","BRFSS","%","Crude Prevalence","76.1","","","73.9","78.3","1497","Male","Gender","_TOTINDA","18","18","","","","","",""
"674371","2005","IA","Iowa","Physical Activity","Exercise","During the past month, did you participate in any physical activities? (variable calculated from one or more BRFSS questions)","Yes","BRFSS","%","Crude Prevalence","74.4","","","72.5","76.3","2243","Female","Gender","_TOTINDA","18","18","","","","","",""
"677630","2005","KS","Kansas","Physical Activity","Exercise","During the past month, did you participate in any physical activities? (variable calculated from one or more BRFSS questions)","Yes","BRFSS","%","Crude Prevalence","76.4","","","74.6","78.2","2422","Male","Gender","_TOTINDA","19","19","","","","","",""
"677631","2005","KS","Kansas","Physical Activity","Exercise","During the past month, did you participate in any physical activities? (variable calculated from one or more BRFSS questions)","Yes","BRFSS","%","Crude Prevalence","75.0","","","73.7","76.3","3917","Female","Gender","_TOTINDA","19","19","","","","","",""
"680153","2005","KY","Kentucky","Physical Activity","Exercise","During the past month, did you participate in any physical activities? (variable calculated from one or more BRFSS questions)","Yes","BRFSS","%","Crude Prevalence","71.4","","","68.8","74.0","1379","Male","Gender","_TOTINDA","20","20","","","","","",""
"680154","2005","KY","Kentucky","Physical Activity","Exercise","During the past month, did you participate in any physical activities? (variable calculated from one or more BRFSS questions)","Yes","BRFSS","%","Crude Prevalence","65.7","","","63.8","67.6","2814","Female","Gender","_TOTINDA","20","20","","","","","",""
"682379","2005","LA","Louisiana","Physical Activity","Exercise","During the past month, did you participate in any physical activities? (variable calculated from one or more BRFSS questions)","Yes","BRFSS","%","Crude Prevalence","69.0","","","65.7","72.3","691","Male","Gender","_TOTINDA","21","21","","","","","",""
"682380","2005","LA","Louisiana","Physical Activity","Exercise","During the past month, did you participate in any physical activities? (variable calculated from one or more BRFSS questions)","Yes","BRFSS","%","Crude Prevalence","64.4","","","61.9","66.9","1208","Female","Gender","_TOTINDA","21","21","","","","","",""
"684192","2005","ME","Maine","Physical Activity","Exercise","During the past month, did you participate in any physical activities? (variable calculated from one or more BRFSS questions)","Yes","BRFSS","%","Crude Prevalence","79.0","","","76.7","81.3","1187","Male","Gender","_TOTINDA","22","22","","","","","",""
"684193","2005","ME","Maine","Physical Activity","Exercise","During the past month, did you participate in any physical activities? (variable calculated from one or more BRFSS questions)","Yes","BRFSS","%","Crude Prevalence","76.6","","","74.5","78.7","1834","Female","Gender","_TOTINDA","22","22","","","","","",""
"687100","2005","MD","Maryland","Physical Activity","Exercise","During the past month, did you participate in any physical activities? (variable calculated from one or more BRFSS questions)","Yes","BRFSS","%","Crude Prevalence","80.2","","","78.5","81.9","2599","Male","Gender","_TOTINDA","23","23","","","","","",""
"687101","2005","MD","Maryland","Physical Activity","Exercise","During the past month, did you participate in any physical activities? (variable calculated from one or more BRFSS questions)","Yes","BRFSS","%","Crude Prevalence","74.4","","","72.9","75.9","3941","Female","Gender","_TOTINDA","23","23","","","","","",""
"689768","2005","MA","Massachusetts","Physical Activity","Exercise","During the past month, did you participate in any physical activities? (variable calculated from one or more BRFSS questions)","Yes","BRFSS","%","Crude Prevalence","79.1","","","77.2","81.0","2602","Male","Gender","_TOTINDA","24","24","","","","","",""
"689769","2005","MA","Massachusetts","Physical Activity","Exercise","During the past month, did you participate in any physical activities? (variable calculated from one or more BRFSS questions)","Yes","BRFSS","%","Crude Prevalence","74.5","","","72.9","76.1","3896","Female","Gender","_TOTINDA","24","24","","","","","",""
"691548","2005","MI","Michigan","Physical Activity","Exercise","During the past month, did you participate in any physical activities? (variable calculated from one or more BRFSS questions)","Yes","BRFSS","%","Crude Prevalence","79.3","","","77.9","80.7","3563","Male","Gender","_TOTINDA","25","25","","","","","",""
"691549","2005","MI","Michigan","Physical Activity","Exercise","During the past month, did you participate in any physical activities? (variable calculated from one or more BRFSS questions)","Yes","BRFSS","%","Crude Prevalence","75.9","","","74.8","77.0","5636","Female","Gender","_TOTINDA","25","25","","","","","",""
"693943","2005","MN","Minnesota","Physical Activity","Exercise","During the past month, did you participate in any physical activities? (variable calculated from one or more BRFSS questions)","Yes","BRFSS","%","Crude Prevalence","85.5","","","83.1","87.9","957","Male","Gender","_TOTINDA","26","26","","","","","",""
"693944","2005","MN","Minnesota","Physical Activity","Exercise","During the past month, did you participate in any physical activities? (variable calculated from one or more BRFSS questions)","Yes","BRFSS","%","Crude Prevalence","82.2","","","80.0","84.4","1358","Female","Gender","_TOTINDA","26","26","","","","","",""
"696635","2005","MS","Mississippi","Physical Activity","Exercise","During the past month, did you participate in any physical activities? (variable calculated from one or more BRFSS questions)","Yes","BRFSS","%","Crude Prevalence","71.5","","","68.7","74.3","1023","Male","Gender","_TOTINDA","27","27","","","","","",""
"696636","2005","MS","Mississippi","Physical Activity","Exercise","During the past month, did you participate in any physical activities? (variable calculated from one or more BRFSS questions)","Yes","BRFSS","%","Crude Prevalence","64.0","","","61.9","66.1","1835","Female","Gender","_TOTINDA","27","27","","","","","",""
"698295","2005","MO","Missouri","Physical Activity","Exercise","During the past month, did you participate in any physical activities? (variable calculated from one or more BRFSS questions)","Yes","BRFSS","%","Crude Prevalence","76.1","","","73.0","79.2","1460","Male","Gender","_TOTINDA","28","28","","","","","",""
"698296","2005","MO","Missouri","Physical Activity","Exercise","During the past month, did you participate in any physical activities? (variable calculated from one or more BRFSS questions)","Yes","BRFSS","%","Crude Prevalence","73.2","","","70.9","75.5","2209","Female","Gender","_TOTINDA","28","28","","","","","",""
"701351","2005","MT","Montana","Physical Activity","Exercise","During the past month, did you participate in any physical activities? (variable calculated from one or more BRFSS questions)","Yes","BRFSS","%","Crude Prevalence","77.8","","","75.2","80.4","1543","Male","Gender","_TOTINDA","29","29","","","","","",""
"701352","2005","MT","Montana","Physical Activity","Exercise","During the past month, did you participate in any physical activities? (variable calculated from one or more BRFSS questions)","Yes","BRFSS","%","Crude Prevalence","77.4","","","75.5","79.3","2230","Female","Gender","_TOTINDA","29","29","","","","","",""
"704012","2005","NE","Nebraska","Physical Activity","Exercise","During the past month, did you participate in any physical activities? (variable calculated from one or more BRFSS questions)","Yes","BRFSS","%","Crude Prevalence","76.9","","","74.9","78.9","2448","Male","Gender","_TOTINDA","30","30","","","","","",""
"704013","2005","NE","Nebraska","Physical Activity","Exercise","During the past month, did you participate in any physical activities? (variable calculated from one or more BRFSS questions)","Yes","BRFSS","%","Crude Prevalence","75.6","","","73.9","77.3","3722","Female","Gender","_TOTINDA","30","30","","","","","",""
"706081","2005","NV","Nevada","Physical Activity","Exercise","During the past month, did you participate in any physical activities? (variable calculated from one or more BRFSS questions)","Yes","BRFSS","%","Crude Prevalence","76.0","","","72.6","79.4","1213","Male","Gender","_TOTINDA","31","31","","","","","",""
"706082","2005","NV","Nevada","Physical Activity","Exercise","During the past month, did you participate in any physical activities? (variable calculated from one or more BRFSS questions)","Yes","BRFSS","%","Crude Prevalence","70.3","","","66.6","74.0","1198","Female","Gender","_TOTINDA","31","31","","","","","",""
"708597","2005","NH","New Hampshire","Physical Activity","Exercise","During the past month, did you participate in any physical activities? (variable calculated from one or more BRFSS questions)","Yes","BRFSS","%","Crude Prevalence","80.9","","","79.1","82.7","1920","Male","Gender","_TOTINDA","32","32","","","","","",""
"708598","2005","NH","New Hampshire","Physical Activity","Exercise","During the past month, did you participate in any physical activities? (variable calculated from one or more BRFSS questions)","Yes","BRFSS","%","Crude Prevalence","76.0","","","74.3","77.7","2735","Female","Gender","_TOTINDA","32","32","","","","","",""
"710880","2005","NJ","New Jersey","Physical Activity","Exercise","During the past month, did you participate in any physical activities? (variable calculated from one or more BRFSS questions)","Yes","BRFSS","%","Crude Prevalence","73.4","","","71.7","75.1","3941","Male","Gender","_TOTINDA","33","33","","","","","",""
"710881","2005","NJ","New Jersey","Physical Activity","Exercise","During the past month, did you participate in any physical activities? (variable calculated from one or more BRFSS questions)","Yes","BRFSS","%","Crude Prevalence","68.5","","","67.1","69.9","5738","Female","Gender","_TOTINDA","33","33","","","","","",""
"713401","2005","NM","New Mexico","Physical Activity","Exercise","During the past month, did you participate in any physical activities? (variable calculated from one or more BRFSS questions)","Yes","BRFSS","%","Crude Prevalence","79.3","","","77.2","81.4","1655","Male","Gender","_TOTINDA","34","34","","","","","",""
"713402","2005","NM","New Mexico","Physical Activity","Exercise","During the past month, did you participate in any physical activities? (variable calculated from one or more BRFSS questions)","Yes","BRFSS","%","Crude Prevalence","74.3","","","72.4","76.2","2469","Female","Gender","_TOTINDA","34","34","","","","","",""
"716096","2005","NY","New York","Physical Activity","Exercise","During the past month, did you participate in any physical activities? (variable calculated from one or more BRFSS questions)","Yes","BRFSS","%","Crude Prevalence","74.9","","","72.8","77.0","2247","Male","Gender","_TOTINDA","35","35","","","","","",""
"716097","2005","NY","New York","Physical Activity","Exercise","During the past month, did you participate in any physical activities? (variable calculated from one or more BRFSS questions)","Yes","BRFSS","%","Crude Prevalence","71.1","","","69.5","72.7","3513","Female","Gender","_TOTINDA","35","35","","","","","",""
"717321","2005","NC","North Carolina","Physical Activity","Exercise","During the past month, did you participate in any physical activities? (variable calculated from one or more BRFSS questions)","Yes","BRFSS","%","Crude Prevalence","77.3","","","75.9","78.7","4740","Male","Gender","_TOTINDA","36","36","","","","","",""
"717322","2005","NC","North Carolina","Physical Activity","Exercise","During the past month, did you participate in any physical activities? (variable calculated from one or more BRFSS questions)","Yes","BRFSS","%","Crude Prevalence","71.7","","","70.6","72.8","7820","Female","Gender","_TOTINDA","36","36","","","","","",""
"721038","2005","ND","North Dakota","Physical Activity","Exercise","During the past month, did you participate in any physical activities? (variable calculated from one or more BRFSS questions)","Yes","BRFSS","%","Crude Prevalence","77.9","","","75.7","80.1","1217","Male","Gender","_TOTINDA","37","37","","","","","",""
"721039","2005","ND","North Dakota","Physical Activity","Exercise","During the past month, did you participate in any physical activities? (variable calculated from one or more BRFSS questions)","Yes","BRFSS","%","Crude Prevalence","75.9","","","73.9","77.9","1769","Female","Gender","_TOTINDA","37","37","","","","","",""
"722809","2005","OH","Ohio","Physical Activity","Exercise","During the past month, did you participate in any physical activities? (variable calculated from one or more BRFSS questions)","Yes","BRFSS","%","Crude Prevalence","77.9","","","75.3","80.5","2112","Male","Gender","_TOTINDA","38","38","","","","","",""
"722810","2005","OH","Ohio","Physical Activity","Exercise","During the past month, did you participate in any physical activities? (variable calculated from one or more BRFSS questions)","Yes","BRFSS","%","Crude Prevalence","71.1","","","69.1","73.1","3225","Female","Gender","_TOTINDA","38","38","","","","","",""
"724550","2005","OK","Oklahoma","Physical Activity","Exercise","During the past month, did you participate in any physical activities? (variable calculated from one or more BRFSS questions)","Yes","BRFSS","%","Crude Prevalence","72.2","","","70.0","74.4","3470","Male","Gender","_TOTINDA","39","39","","","","","",""
"724551","2005","OK","Oklahoma","Physical Activity","Exercise","During the past month, did you participate in any physical activities? (variable calculated from one or more BRFSS questions)","Yes","BRFSS","%","Crude Prevalence","66.8","","","65.1","68.5","5519","Female","Gender","_TOTINDA","39","39","","","","","",""
"727442","2005","OR","Oregon","Physical Activity","Exercise","During the past month, did you participate in any physical activities? (variable calculated from one or more BRFSS questions)","Yes","BRFSS","%","Crude Prevalence","83.0","","","81.7","84.3","3840","Male","Gender","_TOTINDA","40","40","","","","","",""
"727443","2005","OR","Oregon","Physical Activity","Exercise","During the past month, did you participate in any physical activities? (variable calculated from one or more BRFSS questions)","Yes","BRFSS","%","Crude Prevalence","79.8","","","78.7","80.9","5840","Female","Gender","_TOTINDA","40","40","","","","","",""
"729340","2005","PA","Pennsylvania","Physical Activity","Exercise","During the past month, did you participate in any physical activities? (variable calculated from one or more BRFSS questions)","Yes","BRFSS","%","Crude Prevalence","76.3","","","74.4","78.2","3734","Male","Gender","_TOTINDA","41","41","","","","","",""
"729341","2005","PA","Pennsylvania","Physical Activity","Exercise","During the past month, did you participate in any physical activities? (variable calculated from one or more BRFSS questions)","Yes","BRFSS","%","Crude Prevalence","72.2","","","70.8","73.6","5786","Female","Gender","_TOTINDA","41","41","","","","","",""
"735076","2005","RI","Rhode Island","Physical Activity","Exercise","During the past month, did you participate in any physical activities? (variable calculated from one or more BRFSS questions)","Yes","BRFSS","%","Crude Prevalence","75.3","","","72.6","78.0","1102","Male","Gender","_TOTINDA","42","42","","","","","",""
"735077","2005","RI","Rhode Island","Physical Activity","Exercise","During the past month, did you participate in any physical activities? (variable calculated from one or more BRFSS questions)","Yes","BRFSS","%","Crude Prevalence","72.9","","","70.8","75.0","1764","Female","Gender","_TOTINDA","42","42","","","","","",""
"736755","2005","SC","South Carolina","Physical Activity","Exercise","During the past month, did you participate in any physical activities? (variable calculated from one or more BRFSS questions)","Yes","BRFSS","%","Crude Prevalence","77.8","","","76.0","79.6","2545","Male","Gender","_TOTINDA","43","43","","","","","",""
"736756","2005","SC","South Carolina","Physical Activity","Exercise","During the past month, did you participate in any physical activities? (variable calculated from one or more BRFSS questions)","Yes","BRFSS","%","Crude Prevalence","70.0","","","68.5","71.5","3539","Female","Gender","_TOTINDA","43","43","","","","","",""
"739543","2005","SD","South Dakota","Physical Activity","Exercise","During the past month, did you participate in any physical activities? (variable calculated from one or more BRFSS questions)","Yes","BRFSS","%","Crude Prevalence","76.1","","","74.1","78.1","2036","Male","Gender","_TOTINDA","44","44","","","","","",""
"739544","2005","SD","South Dakota","Physical Activity","Exercise","During the past month, did you participate in any physical activities? (variable calculated from one or more BRFSS questions)","Yes","BRFSS","%","Crude Prevalence","78.9","","","77.4","80.4","3098","Female","Gender","_TOTINDA","44","44","","","","","",""
"741220","2005","TN","Tennessee","Physical Activity","Exercise","During the past month, did you participate in any physical activities? (variable calculated from one or more BRFSS questions)","Yes","BRFSS","%","Crude Prevalence","70.1","","","66.8","73.4","1207","Male","Gender","_TOTINDA","45","45","","","","","",""
"741221","2005","TN","Tennessee","Physical Activity","Exercise","During the past month, did you participate in any physical activities? (variable calculated from one or more BRFSS questions)","Yes","BRFSS","%","Crude Prevalence","64.0","","","61.7","66.3","1852","Female","Gender","_TOTINDA","45","45","","","","","",""
"743876","2005","TX","Texas","Physical Activity","Exercise","During the past month, did you participate in any physical activities? (variable calculated from one or more BRFSS questions)","Yes","BRFSS","%","Crude Prevalence","75.1","","","72.9","77.3","1790","Male","Gender","_TOTINDA","46","46","","","","","",""
"743877","2005","TX","Texas","Physical Activity","Exercise","During the past month, did you participate in any physical activities? (variable calculated from one or more BRFSS questions)","Yes","BRFSS","%","Crude Prevalence","70.1","","","68.3","71.9","2815","Female","Gender","_TOTINDA","46","46","","","","","",""
"746571","2005","UT","Utah","Physical Activity","Exercise","During the past month, did you participate in any physical activities? (variable calculated from one or more BRFSS questions)","Yes","BRFSS","%","Crude Prevalence","83.3","","","81.3","85.3","1723","Male","Gender","_TOTINDA","47","47","","","","","",""
"746572","2005","UT","Utah","Physical Activity","Exercise","During the past month, did you participate in any physical activities? (variable calculated from one or more BRFSS questions)","Yes","BRFSS","%","Crude Prevalence","79.8","","","78.0","81.6","2359","Female","Gender","_TOTINDA","47","47","","","","","",""
"748282","2005","VT","Vermont","Physical Activity","Exercise","During the past month, did you participate in any physical activities? (variable calculated from one or more BRFSS questions)","Yes","BRFSS","%","Crude Prevalence","80.5","","","78.7","82.3","2168","Male","Gender","_TOTINDA","48","48","","","","","",""
"748283","2005","VT","Vermont","Physical Activity","Exercise","During the past month, did you participate in any physical activities? (variable calculated from one or more BRFSS questions)","Yes","BRFSS","%","Crude Prevalence","81.0","","","79.6","82.4","3185","Female","Gender","_TOTINDA","48","48","","","","","",""
"753857","2005","VA","Virginia","Physical Activity","Exercise","During the past month, did you participate in any physical activities? (variable calculated from one or more BRFSS questions)","Yes","BRFSS","%","Crude Prevalence","81.9","","","79.7","84.1","1704","Male","Gender","_TOTINDA","49","49","","","","","",""
"753858","2005","VA","Virginia","Physical Activity","Exercise","During the past month, did you participate in any physical activities? (variable calculated from one or more BRFSS questions)","Yes","BRFSS","%","Crude Prevalence","75.7","","","73.8","77.6","2400","Female","Gender","_TOTINDA","49","49","","","","","",""
"756153","2005","WA","Washington","Physical Activity","Exercise","During the past month, did you participate in any physical activities? (variable calculated from one or more BRFSS questions)","Yes","BRFSS","%","Crude Prevalence","84.1","","","83.1","85.1","7499","Male","Gender","_TOTINDA","50","50","","","","","",""
"756154","2005","WA","Washington","Physical Activity","Exercise","During the past month, did you participate in any physical activities? (variable calculated from one or more BRFSS questions)","Yes","BRFSS","%","Crude Prevalence","81.2","","","80.4","82.0","11339","Female","Gender","_TOTINDA","50","50","","","","","",""
"758494","2005","WV","West Virginia","Physical Activity","Exercise","During the past month, did you participate in any physical activities? (variable calculated from one or more BRFSS questions)","Yes","BRFSS","%","Crude Prevalence","74.5","","","71.8","77.2","1004","Male","Gender","_TOTINDA","51","51","","","","","",""
"758495","2005","WV","West Virginia","Physical Activity","Exercise","During the past month, did you participate in any physical activities? (variable calculated from one or more BRFSS questions)","Yes","BRFSS","%","Crude Prevalence","68.7","","","66.5","70.9","1495","Female","Gender","_TOTINDA","51","51","","","","","",""
"760294","2005","WI","Wisconsin","Physical Activity","Exercise","During the past month, did you participate in any physical activities? (variable calculated from one or more BRFSS questions)","Yes","BRFSS","%","Crude Prevalence","83.0","","","80.9","85.1","1608","Male","Gender","_TOTINDA","52","52","","","","","",""
"760295","2005","WI","Wisconsin","Physical Activity","Exercise","During the past month, did you participate in any physical activities? (variable calculated from one or more BRFSS questions)","Yes","BRFSS","%","Crude Prevalence","79.7","","","78.0","81.4","2194","Female","Gender","_TOTINDA","52","52","","","","","",""
"762590","2005","WY","Wyoming","Physical Activity","Exercise","During the past month, did you participate in any physical activities? (variable calculated from one or more BRFSS questions)","Yes","BRFSS","%","Crude Prevalence","79.2","","","77.2","81.2","1552","Male","Gender","_TOTINDA","53","53","","","","","",""
"762591","2005","WY","Wyoming","Physical Activity","Exercise","During the past month, did you participate in any physical activities? (variable calculated from one or more BRFSS questions)","Yes","BRFSS","%","Crude Prevalence","76.9","","","75.2","78.6","2265","Female","Gender","_TOTINDA","53","53","","","","","",""
"732582","2005","PR","Puerto Rico","Physical Activity","Exercise","During the past month, did you participate in any physical activities? (variable calculated from one or more BRFSS questions)","Yes","BRFSS","%","Crude Prevalence","57.8","","","54.4","61.2","715","Male","Gender","_TOTINDA","60","60","","","","","",""
"732583","2005","PR","Puerto Rico","Physical Activity","Exercise","During the past month, did you participate in any physical activities? (variable calculated from one or more BRFSS questions)","Yes","BRFSS","%","Crude Prevalence","44.9","","","42.3","47.5","1105","Female","Gender","_TOTINDA","60","60","","","","","",""
"750631","2005","VI","Virgin Islands","Physical Activity","Exercise","During the past month, did you participate in any physical activities? (variable calculated from one or more BRFSS questions)","Yes","BRFSS","%","Crude Prevalence","74.4","","","70.9","77.9","642","Male","Gender","_TOTINDA","62","62","","","","","",""
"750632","2005","VI","Virgin Islands","Physical Activity","Exercise","During the past month, did you participate in any physical activities? (variable calculated from one or more BRFSS questions)","Yes","BRFSS","%","Crude Prevalence","66.2","","","63.4","69.0","1061","Female","Gender","_TOTINDA","62","62","","","","","",""
"","","","","","","","","","","","","","","","","","","","","","","Datasource","","Behavioral Risk Factor Surveillance System","http://www.cdc.gov/brfss","BRFSS","CDC"
"","","","","","","","","","","","","","","","","","","","","","","MeasureDefinitions","%","Percent","","",""
"","","","","","","","","","","","","","","","","","","","","","","MeasureDefinitions","CI","95% Confidence Interval","","",""
"","","","","","","","","","","","","","","","","","","","","","","MeasureDefinitions","n","“Sample Size”. Translates to the number of adult respondents who answered this question, or were assigned to this category based on question responses for a calculated variable, or the number of states included for a median.","","",""
"","","","","","","","","","","","","","","","","","","","","","","MeasureDefinitions","N/A","Translates to no data available for a record.","","",""
"","","","","","","","","","","","","","","","","","","","","","","MeasureDefinitions","No Data","Translates to no data available for record.","","",""
"","","","","","","","","","","","","","","","","","","","","","","SuggestedCitation","","Centers for Disease Control and Prevention, National Center for Chronic Disease Prevention and Health Promotion, Division of Population Health. BRFSS Prevalence & Trends Data [online]. 2015.","https://www.cdc.gov/brfss/brfssprevalence/","",""
"","","","","","","","","","","","","","","","","","","","","","","RelatedLinks","","Prevalence Data and Data Analysis Tools","/brfss/data_tools.htm","",""
"","","","","","","","","","","","","","","","","","","","","","","RelatedLinks","","Behavioral Risk Factor Surveillance System (BRFSS)","/brfss/index.html","",""
"","","","","","","","","","","","","","","","","","","","","","","RelatedLinks","","Division of Population Health","/nccdphp/dph/index.html","",""
"","","","","","","","","","","","","","","","","","","","","","","RelatedLinks","","Survey Data & Documentation","/brfss/data_documentation/index.htm","",""
