﻿"ID","Year","LocationAbbr","LocationDesc","Class","Topic","Indicator","Response","DataSource","Data_Value_Unit","Data_Value_Type","Data_Value","Data_Value_Footnote_Symbol","Data_Value_Footnote","Low_Confidence_Limit","High_Confidence_Limit","Sample_Size","Stratification","StratificationType","IndicatorId","LocationOrder","ParentStateDisplayOrder","FootnoteType","FootNoteSymbol","FootnoteText","URL","DatasourceAbbr","Agency"
"518493","2006","AL","Alabama","Physical Activity","Exercise","During the past month, did you participate in any physical activities? (variable calculated from one or more BRFSS questions)","Yes","BRFSS","%","Crude Prevalence","75.5","","","72.2","78.8","826","Male","Gender","_TOTINDA","3","3","","","","","",""
"518494","2006","AL","Alabama","Physical Activity","Exercise","During the past month, did you participate in any physical activities? (variable calculated from one or more BRFSS questions)","Yes","BRFSS","%","Crude Prevalence","66.4","","","63.9","68.9","1407","Female","Gender","_TOTINDA","3","3","","","","","",""
"520236","2006","AK","Alaska","Physical Activity","Exercise","During the past month, did you participate in any physical activities? (variable calculated from one or more BRFSS questions)","Yes","BRFSS","%","Crude Prevalence","80.5","","","77.2","83.8","728","Male","Gender","_TOTINDA","4","4","","","","","",""
"520237","2006","AK","Alaska","Physical Activity","Exercise","During the past month, did you participate in any physical activities? (variable calculated from one or more BRFSS questions)","Yes","BRFSS","%","Crude Prevalence","76.5","","","73.0","80.0","885","Female","Gender","_TOTINDA","4","4","","","","","",""
"522924","2006","AZ","Arizona","Physical Activity","Exercise","During the past month, did you participate in any physical activities? (variable calculated from one or more BRFSS questions)","Yes","BRFSS","%","Crude Prevalence","81.7","","","78.3","85.1","1424","Male","Gender","_TOTINDA","5","5","","","","","",""
"522925","2006","AZ","Arizona","Physical Activity","Exercise","During the past month, did you participate in any physical activities? (variable calculated from one or more BRFSS questions)","Yes","BRFSS","%","Crude Prevalence","73.8","","","70.8","76.8","2158","Female","Gender","_TOTINDA","5","5","","","","","",""
"525629","2006","AR","Arkansas","Physical Activity","Exercise","During the past month, did you participate in any physical activities? (variable calculated from one or more BRFSS questions)","Yes","BRFSS","%","Crude Prevalence","74.6","","","72.4","76.8","1510","Male","Gender","_TOTINDA","6","6","","","","","",""
"525630","2006","AR","Arkansas","Physical Activity","Exercise","During the past month, did you participate in any physical activities? (variable calculated from one or more BRFSS questions)","Yes","BRFSS","%","Crude Prevalence","68.1","","","66.2","70.0","2346","Female","Gender","_TOTINDA","6","6","","","","","",""
"527994","2006","CA","California","Physical Activity","Exercise","During the past month, did you participate in any physical activities? (variable calculated from one or more BRFSS questions)","Yes","BRFSS","%","Crude Prevalence","80.1","","","77.9","82.3","1852","Male","Gender","_TOTINDA","7","7","","","","","",""
"527995","2006","CA","California","Physical Activity","Exercise","During the past month, did you participate in any physical activities? (variable calculated from one or more BRFSS questions)","Yes","BRFSS","%","Crude Prevalence","74.0","","","72.0","76.0","2633","Female","Gender","_TOTINDA","7","7","","","","","",""
"530150","2006","CO","Colorado","Physical Activity","Exercise","During the past month, did you participate in any physical activities? (variable calculated from one or more BRFSS questions)","Yes","BRFSS","%","Crude Prevalence","84.8","","","83.1","86.5","2147","Male","Gender","_TOTINDA","8","8","","","","","",""
"530151","2006","CO","Colorado","Physical Activity","Exercise","During the past month, did you participate in any physical activities? (variable calculated from one or more BRFSS questions)","Yes","BRFSS","%","Crude Prevalence","80.4","","","78.9","81.9","2873","Female","Gender","_TOTINDA","8","8","","","","","",""
"532091","2006","CT","Connecticut","Physical Activity","Exercise","During the past month, did you participate in any physical activities? (variable calculated from one or more BRFSS questions)","Yes","BRFSS","%","Crude Prevalence","81.6","","","79.9","83.3","2604","Male","Gender","_TOTINDA","9","9","","","","","",""
"532092","2006","CT","Connecticut","Physical Activity","Exercise","During the past month, did you participate in any physical activities? (variable calculated from one or more BRFSS questions)","Yes","BRFSS","%","Crude Prevalence","78.9","","","77.5","80.3","3867","Female","Gender","_TOTINDA","9","9","","","","","",""
"534235","2006","DE","Delaware","Physical Activity","Exercise","During the past month, did you participate in any physical activities? (variable calculated from one or more BRFSS questions)","Yes","BRFSS","%","Crude Prevalence","82.7","","","80.3","85.1","1168","Male","Gender","_TOTINDA","10","10","","","","","",""
"534236","2006","DE","Delaware","Physical Activity","Exercise","During the past month, did you participate in any physical activities? (variable calculated from one or more BRFSS questions)","Yes","BRFSS","%","Crude Prevalence","74.5","","","72.1","76.9","1843","Female","Gender","_TOTINDA","10","10","","","","","",""
"536334","2006","DC","District of Columbia","Physical Activity","Exercise","During the past month, did you participate in any physical activities? (variable calculated from one or more BRFSS questions)","Yes","BRFSS","%","Crude Prevalence","80.0","","","77.2","82.8","1283","Male","Gender","_TOTINDA","11","11","","","","","",""
"536335","2006","DC","District of Columbia","Physical Activity","Exercise","During the past month, did you participate in any physical activities? (variable calculated from one or more BRFSS questions)","Yes","BRFSS","%","Crude Prevalence","76.1","","","74.0","78.2","1896","Female","Gender","_TOTINDA","11","11","","","","","",""
"538830","2006","FL","Florida","Physical Activity","Exercise","During the past month, did you participate in any physical activities? (variable calculated from one or more BRFSS questions)","Yes","BRFSS","%","Crude Prevalence","77.2","","","75.3","79.1","3095","Male","Gender","_TOTINDA","12","12","","","","","",""
"538831","2006","FL","Florida","Physical Activity","Exercise","During the past month, did you participate in any physical activities? (variable calculated from one or more BRFSS questions)","Yes","BRFSS","%","Crude Prevalence","72.8","","","71.3","74.3","4780","Female","Gender","_TOTINDA","12","12","","","","","",""
"541200","2006","GA","Georgia","Physical Activity","Exercise","During the past month, did you participate in any physical activities? (variable calculated from one or more BRFSS questions)","Yes","BRFSS","%","Crude Prevalence","76.8","","","74.6","79.0","2088","Male","Gender","_TOTINDA","13","13","","","","","",""
"541201","2006","GA","Georgia","Physical Activity","Exercise","During the past month, did you participate in any physical activities? (variable calculated from one or more BRFSS questions)","Yes","BRFSS","%","Crude Prevalence","73.8","","","72.2","75.4","3485","Female","Gender","_TOTINDA","13","13","","","","","",""
"544044","2006","HI","Hawaii","Physical Activity","Exercise","During the past month, did you participate in any physical activities? (variable calculated from one or more BRFSS questions)","Yes","BRFSS","%","Crude Prevalence","85.0","","","83.3","86.7","2322","Male","Gender","_TOTINDA","14","14","","","","","",""
"544045","2006","HI","Hawaii","Physical Activity","Exercise","During the past month, did you participate in any physical activities? (variable calculated from one or more BRFSS questions)","Yes","BRFSS","%","Crude Prevalence","76.5","","","74.6","78.4","3028","Female","Gender","_TOTINDA","14","14","","","","","",""
"545272","2006","ID","Idaho","Physical Activity","Exercise","During the past month, did you participate in any physical activities? (variable calculated from one or more BRFSS questions)","Yes","BRFSS","%","Crude Prevalence","80.7","","","78.5","82.9","1676","Male","Gender","_TOTINDA","15","15","","","","","",""
"545273","2006","ID","Idaho","Physical Activity","Exercise","During the past month, did you participate in any physical activities? (variable calculated from one or more BRFSS questions)","Yes","BRFSS","%","Crude Prevalence","77.8","","","76.0","79.6","2445","Female","Gender","_TOTINDA","15","15","","","","","",""
"547551","2006","IL","Illinois","Physical Activity","Exercise","During the past month, did you participate in any physical activities? (variable calculated from one or more BRFSS questions)","Yes","BRFSS","%","Crude Prevalence","80.0","","","77.6","82.4","1527","Male","Gender","_TOTINDA","16","16","","","","","",""
"547552","2006","IL","Illinois","Physical Activity","Exercise","During the past month, did you participate in any physical activities? (variable calculated from one or more BRFSS questions)","Yes","BRFSS","%","Crude Prevalence","75.4","","","73.5","77.3","2438","Female","Gender","_TOTINDA","16","16","","","","","",""
"550611","2006","IN","Indiana","Physical Activity","Exercise","During the past month, did you participate in any physical activities? (variable calculated from one or more BRFSS questions)","Yes","BRFSS","%","Crude Prevalence","77.1","","","75.1","79.1","1821","Male","Gender","_TOTINDA","17","17","","","","","",""
"550612","2006","IN","Indiana","Physical Activity","Exercise","During the past month, did you participate in any physical activities? (variable calculated from one or more BRFSS questions)","Yes","BRFSS","%","Crude Prevalence","72.4","","","70.7","74.1","2886","Female","Gender","_TOTINDA","17","17","","","","","",""
"552551","2006","IA","Iowa","Physical Activity","Exercise","During the past month, did you participate in any physical activities? (variable calculated from one or more BRFSS questions)","Yes","BRFSS","%","Crude Prevalence","79.4","","","77.3","81.5","1692","Male","Gender","_TOTINDA","18","18","","","","","",""
"552552","2006","IA","Iowa","Physical Activity","Exercise","During the past month, did you participate in any physical activities? (variable calculated from one or more BRFSS questions)","Yes","BRFSS","%","Crude Prevalence","76.0","","","74.3","77.7","2409","Female","Gender","_TOTINDA","18","18","","","","","",""
"554926","2006","KS","Kansas","Physical Activity","Exercise","During the past month, did you participate in any physical activities? (variable calculated from one or more BRFSS questions)","Yes","BRFSS","%","Crude Prevalence","79.0","","","77.3","80.7","2449","Male","Gender","_TOTINDA","19","19","","","","","",""
"554927","2006","KS","Kansas","Physical Activity","Exercise","During the past month, did you participate in any physical activities? (variable calculated from one or more BRFSS questions)","Yes","BRFSS","%","Crude Prevalence","75.9","","","74.4","77.4","3748","Female","Gender","_TOTINDA","19","19","","","","","",""
"557227","2006","KY","Kentucky","Physical Activity","Exercise","During the past month, did you participate in any physical activities? (variable calculated from one or more BRFSS questions)","Yes","BRFSS","%","Crude Prevalence","73.0","","","70.2","75.8","1345","Male","Gender","_TOTINDA","20","20","","","","","",""
"557228","2006","KY","Kentucky","Physical Activity","Exercise","During the past month, did you participate in any physical activities? (variable calculated from one or more BRFSS questions)","Yes","BRFSS","%","Crude Prevalence","66.4","","","64.4","68.4","2540","Female","Gender","_TOTINDA","20","20","","","","","",""
"559180","2006","LA","Louisiana","Physical Activity","Exercise","During the past month, did you participate in any physical activities? (variable calculated from one or more BRFSS questions)","Yes","BRFSS","%","Crude Prevalence","70.9","","","68.6","73.2","1718","Male","Gender","_TOTINDA","21","21","","","","","",""
"559181","2006","LA","Louisiana","Physical Activity","Exercise","During the past month, did you participate in any physical activities? (variable calculated from one or more BRFSS questions)","Yes","BRFSS","%","Crude Prevalence","67.2","","","65.6","68.8","3143","Female","Gender","_TOTINDA","21","21","","","","","",""
"561293","2006","ME","Maine","Physical Activity","Exercise","During the past month, did you participate in any physical activities? (variable calculated from one or more BRFSS questions)","Yes","BRFSS","%","Crude Prevalence","78.4","","","76.0","80.8","1210","Male","Gender","_TOTINDA","22","22","","","","","",""
"561294","2006","ME","Maine","Physical Activity","Exercise","During the past month, did you participate in any physical activities? (variable calculated from one or more BRFSS questions)","Yes","BRFSS","%","Crude Prevalence","79.7","","","77.9","81.5","1923","Female","Gender","_TOTINDA","22","22","","","","","",""
"563493","2006","MD","Maryland","Physical Activity","Exercise","During the past month, did you participate in any physical activities? (variable calculated from one or more BRFSS questions)","Yes","BRFSS","%","Crude Prevalence","79.9","","","77.9","81.9","2609","Male","Gender","_TOTINDA","23","23","","","","","",""
"563494","2006","MD","Maryland","Physical Activity","Exercise","During the past month, did you participate in any physical activities? (variable calculated from one or more BRFSS questions)","Yes","BRFSS","%","Crude Prevalence","74.4","","","72.8","76.0","4105","Female","Gender","_TOTINDA","23","23","","","","","",""
"566406","2006","MA","Massachusetts","Physical Activity","Exercise","During the past month, did you participate in any physical activities? (variable calculated from one or more BRFSS questions)","Yes","BRFSS","%","Crude Prevalence","80.6","","","78.9","82.3","3679","Male","Gender","_TOTINDA","24","24","","","","","",""
"566407","2006","MA","Massachusetts","Physical Activity","Exercise","During the past month, did you participate in any physical activities? (variable calculated from one or more BRFSS questions)","Yes","BRFSS","%","Crude Prevalence","77.3","","","75.9","78.7","5662","Female","Gender","_TOTINDA","24","24","","","","","",""
"568992","2006","MI","Michigan","Physical Activity","Exercise","During the past month, did you participate in any physical activities? (variable calculated from one or more BRFSS questions)","Yes","BRFSS","%","Crude Prevalence","79.4","","","77.2","81.6","1605","Male","Gender","_TOTINDA","25","25","","","","","",""
"568993","2006","MI","Michigan","Physical Activity","Exercise","During the past month, did you participate in any physical activities? (variable calculated from one or more BRFSS questions)","Yes","BRFSS","%","Crude Prevalence","75.0","","","73.3","76.7","2632","Female","Gender","_TOTINDA","25","25","","","","","",""
"571046","2006","MN","Minnesota","Physical Activity","Exercise","During the past month, did you participate in any physical activities? (variable calculated from one or more BRFSS questions)","Yes","BRFSS","%","Crude Prevalence","85.8","","","83.7","87.9","1437","Male","Gender","_TOTINDA","26","26","","","","","",""
"571047","2006","MN","Minnesota","Physical Activity","Exercise","During the past month, did you participate in any physical activities? (variable calculated from one or more BRFSS questions)","Yes","BRFSS","%","Crude Prevalence","85.8","","","84.2","87.4","2153","Female","Gender","_TOTINDA","26","26","","","","","",""
"572884","2006","MS","Mississippi","Physical Activity","Exercise","During the past month, did you participate in any physical activities? (variable calculated from one or more BRFSS questions)","Yes","BRFSS","%","Crude Prevalence","71.0","","","68.4","73.6","1403","Male","Gender","_TOTINDA","27","27","","","","","",""
"572885","2006","MS","Mississippi","Physical Activity","Exercise","During the past month, did you participate in any physical activities? (variable calculated from one or more BRFSS questions)","Yes","BRFSS","%","Crude Prevalence","67.0","","","65.2","68.8","2611","Female","Gender","_TOTINDA","27","27","","","","","",""
"575698","2006","MO","Missouri","Physical Activity","Exercise","During the past month, did you participate in any physical activities? (variable calculated from one or more BRFSS questions)","Yes","BRFSS","%","Crude Prevalence","78.3","","","75.6","81.0","1532","Male","Gender","_TOTINDA","28","28","","","","","",""
"575699","2006","MO","Missouri","Physical Activity","Exercise","During the past month, did you participate in any physical activities? (variable calculated from one or more BRFSS questions)","Yes","BRFSS","%","Crude Prevalence","75.3","","","73.1","77.5","2309","Female","Gender","_TOTINDA","28","28","","","","","",""
"577314","2006","MT","Montana","Physical Activity","Exercise","During the past month, did you participate in any physical activities? (variable calculated from one or more BRFSS questions)","Yes","BRFSS","%","Crude Prevalence","80.9","","","78.9","82.9","1953","Male","Gender","_TOTINDA","29","29","","","","","",""
"577315","2006","MT","Montana","Physical Activity","Exercise","During the past month, did you participate in any physical activities? (variable calculated from one or more BRFSS questions)","Yes","BRFSS","%","Crude Prevalence","80.4","","","78.9","81.9","2715","Female","Gender","_TOTINDA","29","29","","","","","",""
"579710","2006","NE","Nebraska","Physical Activity","Exercise","During the past month, did you participate in any physical activities? (variable calculated from one or more BRFSS questions)","Yes","BRFSS","%","Crude Prevalence","79.6","","","77.7","81.5","2357","Male","Gender","_TOTINDA","30","30","","","","","",""
"579711","2006","NE","Nebraska","Physical Activity","Exercise","During the past month, did you participate in any physical activities? (variable calculated from one or more BRFSS questions)","Yes","BRFSS","%","Crude Prevalence","78.4","","","76.8","80.0","3644","Female","Gender","_TOTINDA","30","30","","","","","",""
"582470","2006","NV","Nevada","Physical Activity","Exercise","During the past month, did you participate in any physical activities? (variable calculated from one or more BRFSS questions)","Yes","BRFSS","%","Crude Prevalence","75.5","","","72.2","78.8","1252","Male","Gender","_TOTINDA","31","31","","","","","",""
"582471","2006","NV","Nevada","Physical Activity","Exercise","During the past month, did you participate in any physical activities? (variable calculated from one or more BRFSS questions)","Yes","BRFSS","%","Crude Prevalence","70.2","","","67.0","73.4","1433","Female","Gender","_TOTINDA","31","31","","","","","",""
"584801","2006","NH","New Hampshire","Physical Activity","Exercise","During the past month, did you participate in any physical activities? (variable calculated from one or more BRFSS questions)","Yes","BRFSS","%","Crude Prevalence","82.4","","","80.6","84.2","1893","Male","Gender","_TOTINDA","32","32","","","","","",""
"584802","2006","NH","New Hampshire","Physical Activity","Exercise","During the past month, did you participate in any physical activities? (variable calculated from one or more BRFSS questions)","Yes","BRFSS","%","Crude Prevalence","78.4","","","76.8","80.0","2805","Female","Gender","_TOTINDA","32","32","","","","","",""
"586506","2006","NJ","New Jersey","Physical Activity","Exercise","During the past month, did you participate in any physical activities? (variable calculated from one or more BRFSS questions)","Yes","BRFSS","%","Crude Prevalence","76.3","","","74.6","78.0","3871","Male","Gender","_TOTINDA","33","33","","","","","",""
"586507","2006","NJ","New Jersey","Physical Activity","Exercise","During the past month, did you participate in any physical activities? (variable calculated from one or more BRFSS questions)","Yes","BRFSS","%","Crude Prevalence","70.0","","","68.6","71.4","5814","Female","Gender","_TOTINDA","33","33","","","","","",""
"588657","2006","NM","New Mexico","Physical Activity","Exercise","During the past month, did you participate in any physical activities? (variable calculated from one or more BRFSS questions)","Yes","BRFSS","%","Crude Prevalence","80.0","","","78.0","82.0","1956","Male","Gender","_TOTINDA","34","34","","","","","",""
"588658","2006","NM","New Mexico","Physical Activity","Exercise","During the past month, did you participate in any physical activities? (variable calculated from one or more BRFSS questions)","Yes","BRFSS","%","Crude Prevalence","74.9","","","73.1","76.7","3000","Female","Gender","_TOTINDA","34","34","","","","","",""
"591468","2006","NY","New York","Physical Activity","Exercise","During the past month, did you participate in any physical activities? (variable calculated from one or more BRFSS questions)","Yes","BRFSS","%","Crude Prevalence","76.5","","","74.1","78.9","1732","Male","Gender","_TOTINDA","35","35","","","","","",""
"591469","2006","NY","New York","Physical Activity","Exercise","During the past month, did you participate in any physical activities? (variable calculated from one or more BRFSS questions)","Yes","BRFSS","%","Crude Prevalence","71.7","","","69.8","73.6","2667","Female","Gender","_TOTINDA","35","35","","","","","",""
"593971","2006","NC","North Carolina","Physical Activity","Exercise","During the past month, did you participate in any physical activities? (variable calculated from one or more BRFSS questions)","Yes","BRFSS","%","Crude Prevalence","79.1","","","77.7","80.5","4417","Male","Gender","_TOTINDA","36","36","","","","","",""
"593972","2006","NC","North Carolina","Physical Activity","Exercise","During the past month, did you participate in any physical activities? (variable calculated from one or more BRFSS questions)","Yes","BRFSS","%","Crude Prevalence","73.5","","","72.4","74.6","7112","Female","Gender","_TOTINDA","36","36","","","","","",""
"595679","2006","ND","North Dakota","Physical Activity","Exercise","During the past month, did you participate in any physical activities? (variable calculated from one or more BRFSS questions)","Yes","BRFSS","%","Crude Prevalence","78.0","","","75.6","80.4","1434","Male","Gender","_TOTINDA","37","37","","","","","",""
"595680","2006","ND","North Dakota","Physical Activity","Exercise","During the past month, did you participate in any physical activities? (variable calculated from one or more BRFSS questions)","Yes","BRFSS","%","Crude Prevalence","78.1","","","76.2","80.0","2129","Female","Gender","_TOTINDA","37","37","","","","","",""
"598182","2006","OH","Ohio","Physical Activity","Exercise","During the past month, did you participate in any physical activities? (variable calculated from one or more BRFSS questions)","Yes","BRFSS","%","Crude Prevalence","77.9","","","74.5","81.3","1621","Male","Gender","_TOTINDA","38","38","","","","","",""
"598183","2006","OH","Ohio","Physical Activity","Exercise","During the past month, did you participate in any physical activities? (variable calculated from one or more BRFSS questions)","Yes","BRFSS","%","Crude Prevalence","73.2","","","70.4","76.0","2513","Female","Gender","_TOTINDA","38","38","","","","","",""
"600792","2006","OK","Oklahoma","Physical Activity","Exercise","During the past month, did you participate in any physical activities? (variable calculated from one or more BRFSS questions)","Yes","BRFSS","%","Crude Prevalence","71.3","","","69.2","73.4","1802","Male","Gender","_TOTINDA","39","39","","","","","",""
"600793","2006","OK","Oklahoma","Physical Activity","Exercise","During the past month, did you participate in any physical activities? (variable calculated from one or more BRFSS questions)","Yes","BRFSS","%","Crude Prevalence","69.1","","","67.5","70.7","3010","Female","Gender","_TOTINDA","39","39","","","","","",""
"602345","2006","OR","Oregon","Physical Activity","Exercise","During the past month, did you participate in any physical activities? (variable calculated from one or more BRFSS questions)","Yes","BRFSS","%","Crude Prevalence","84.3","","","82.3","86.3","1542","Male","Gender","_TOTINDA","40","40","","","","","",""
"602346","2006","OR","Oregon","Physical Activity","Exercise","During the past month, did you participate in any physical activities? (variable calculated from one or more BRFSS questions)","Yes","BRFSS","%","Crude Prevalence","83.0","","","81.4","84.6","2445","Female","Gender","_TOTINDA","40","40","","","","","",""
"604571","2006","PA","Pennsylvania","Physical Activity","Exercise","During the past month, did you participate in any physical activities? (variable calculated from one or more BRFSS questions)","Yes","BRFSS","%","Crude Prevalence","80.0","","","77.8","82.2","3632","Male","Gender","_TOTINDA","41","41","","","","","",""
"604572","2006","PA","Pennsylvania","Physical Activity","Exercise","During the past month, did you participate in any physical activities? (variable calculated from one or more BRFSS questions)","Yes","BRFSS","%","Crude Prevalence","74.4","","","72.7","76.1","5736","Female","Gender","_TOTINDA","41","41","","","","","",""
"609709","2006","RI","Rhode Island","Physical Activity","Exercise","During the past month, did you participate in any physical activities? (variable calculated from one or more BRFSS questions)","Yes","BRFSS","%","Crude Prevalence","77.0","","","74.4","79.6","1242","Male","Gender","_TOTINDA","42","42","","","","","",""
"609710","2006","RI","Rhode Island","Physical Activity","Exercise","During the past month, did you participate in any physical activities? (variable calculated from one or more BRFSS questions)","Yes","BRFSS","%","Crude Prevalence","73.7","","","71.7","75.7","2040","Female","Gender","_TOTINDA","42","42","","","","","",""
"611323","2006","SC","South Carolina","Physical Activity","Exercise","During the past month, did you participate in any physical activities? (variable calculated from one or more BRFSS questions)","Yes","BRFSS","%","Crude Prevalence","78.5","","","76.7","80.3","2666","Male","Gender","_TOTINDA","43","43","","","","","",""
"611324","2006","SC","South Carolina","Physical Activity","Exercise","During the past month, did you participate in any physical activities? (variable calculated from one or more BRFSS questions)","Yes","BRFSS","%","Crude Prevalence","73.1","","","71.6","74.6","3971","Female","Gender","_TOTINDA","43","43","","","","","",""
"613286","2006","SD","South Dakota","Physical Activity","Exercise","During the past month, did you participate in any physical activities? (variable calculated from one or more BRFSS questions)","Yes","BRFSS","%","Crude Prevalence","74.4","","","72.0","76.8","1857","Male","Gender","_TOTINDA","44","44","","","","","",""
"613287","2006","SD","South Dakota","Physical Activity","Exercise","During the past month, did you participate in any physical activities? (variable calculated from one or more BRFSS questions)","Yes","BRFSS","%","Crude Prevalence","77.6","","","75.9","79.3","3039","Female","Gender","_TOTINDA","44","44","","","","","",""
"616671","2006","TN","Tennessee","Physical Activity","Exercise","During the past month, did you participate in any physical activities? (variable calculated from one or more BRFSS questions)","Yes","BRFSS","%","Crude Prevalence","72.9","","","69.9","75.9","1055","Male","Gender","_TOTINDA","45","45","","","","","",""
"616672","2006","TN","Tennessee","Physical Activity","Exercise","During the past month, did you participate in any physical activities? (variable calculated from one or more BRFSS questions)","Yes","BRFSS","%","Crude Prevalence","69.6","","","67.4","71.8","1893","Female","Gender","_TOTINDA","45","45","","","","","",""
"618823","2006","TX","Texas","Physical Activity","Exercise","During the past month, did you participate in any physical activities? (variable calculated from one or more BRFSS questions)","Yes","BRFSS","%","Crude Prevalence","74.2","","","71.2","77.2","1781","Male","Gender","_TOTINDA","46","46","","","","","",""
"618824","2006","TX","Texas","Physical Activity","Exercise","During the past month, did you participate in any physical activities? (variable calculated from one or more BRFSS questions)","Yes","BRFSS","%","Crude Prevalence","69.0","","","66.4","71.6","2919","Female","Gender","_TOTINDA","46","46","","","","","",""
"620335","2006","UT","Utah","Physical Activity","Exercise","During the past month, did you participate in any physical activities? (variable calculated from one or more BRFSS questions)","Yes","BRFSS","%","Crude Prevalence","82.1","","","79.9","84.3","1806","Male","Gender","_TOTINDA","47","47","","","","","",""
"620336","2006","UT","Utah","Physical Activity","Exercise","During the past month, did you participate in any physical activities? (variable calculated from one or more BRFSS questions)","Yes","BRFSS","%","Crude Prevalence","79.3","","","77.3","81.3","2285","Female","Gender","_TOTINDA","47","47","","","","","",""
"622275","2006","VT","Vermont","Physical Activity","Exercise","During the past month, did you participate in any physical activities? (variable calculated from one or more BRFSS questions)","Yes","BRFSS","%","Crude Prevalence","82.6","","","81.0","84.2","2255","Male","Gender","_TOTINDA","48","48","","","","","",""
"622276","2006","VT","Vermont","Physical Activity","Exercise","During the past month, did you participate in any physical activities? (variable calculated from one or more BRFSS questions)","Yes","BRFSS","%","Crude Prevalence","81.7","","","80.4","83.0","3345","Female","Gender","_TOTINDA","48","48","","","","","",""
"627194","2006","VA","Virginia","Physical Activity","Exercise","During the past month, did you participate in any physical activities? (variable calculated from one or more BRFSS questions)","Yes","BRFSS","%","Crude Prevalence","79.8","","","77.0","82.6","1614","Male","Gender","_TOTINDA","49","49","","","","","",""
"627195","2006","VA","Virginia","Physical Activity","Exercise","During the past month, did you participate in any physical activities? (variable calculated from one or more BRFSS questions)","Yes","BRFSS","%","Crude Prevalence","76.8","","","74.6","79.0","2479","Female","Gender","_TOTINDA","49","49","","","","","",""
"630054","2006","WA","Washington","Physical Activity","Exercise","During the past month, did you participate in any physical activities? (variable calculated from one or more BRFSS questions)","Yes","BRFSS","%","Crude Prevalence","83.3","","","82.2","84.4","7260","Male","Gender","_TOTINDA","50","50","","","","","",""
"630055","2006","WA","Washington","Physical Activity","Exercise","During the past month, did you participate in any physical activities? (variable calculated from one or more BRFSS questions)","Yes","BRFSS","%","Crude Prevalence","82.2","","","81.4","83.0","11799","Female","Gender","_TOTINDA","50","50","","","","","",""
"632496","2006","WV","West Virginia","Physical Activity","Exercise","During the past month, did you participate in any physical activities? (variable calculated from one or more BRFSS questions)","Yes","BRFSS","%","Crude Prevalence","79.0","","","76.6","81.4","1150","Male","Gender","_TOTINDA","51","51","","","","","",""
"632497","2006","WV","West Virginia","Physical Activity","Exercise","During the past month, did you participate in any physical activities? (variable calculated from one or more BRFSS questions)","Yes","BRFSS","%","Crude Prevalence","70.1","","","67.8","72.4","1590","Female","Gender","_TOTINDA","51","51","","","","","",""
"634917","2006","WI","Wisconsin","Physical Activity","Exercise","During the past month, did you participate in any physical activities? (variable calculated from one or more BRFSS questions)","Yes","BRFSS","%","Crude Prevalence","81.6","","","79.3","83.9","1547","Male","Gender","_TOTINDA","52","52","","","","","",""
"634918","2006","WI","Wisconsin","Physical Activity","Exercise","During the past month, did you participate in any physical activities? (variable calculated from one or more BRFSS questions)","Yes","BRFSS","%","Crude Prevalence","79.9","","","78.0","81.8","2218","Female","Gender","_TOTINDA","52","52","","","","","",""
"636598","2006","WY","Wyoming","Physical Activity","Exercise","During the past month, did you participate in any physical activities? (variable calculated from one or more BRFSS questions)","Yes","BRFSS","%","Crude Prevalence","78.9","","","76.9","80.9","1564","Male","Gender","_TOTINDA","53","53","","","","","",""
"636599","2006","WY","Wyoming","Physical Activity","Exercise","During the past month, did you participate in any physical activities? (variable calculated from one or more BRFSS questions)","Yes","BRFSS","%","Crude Prevalence","77.3","","","75.6","79.0","2231","Female","Gender","_TOTINDA","53","53","","","","","",""
"607756","2006","PR","Puerto Rico","Physical Activity","Exercise","During the past month, did you participate in any physical activities? (variable calculated from one or more BRFSS questions)","Yes","BRFSS","%","Crude Prevalence","66.9","","","64.2","69.6","1067","Male","Gender","_TOTINDA","60","60","","","","","",""
"607757","2006","PR","Puerto Rico","Physical Activity","Exercise","During the past month, did you participate in any physical activities? (variable calculated from one or more BRFSS questions)","Yes","BRFSS","%","Crude Prevalence","51.7","","","49.5","53.9","1557","Female","Gender","_TOTINDA","60","60","","","","","",""
"625665","2006","VI","Virgin Islands","Physical Activity","Exercise","During the past month, did you participate in any physical activities? (variable calculated from one or more BRFSS questions)","Yes","BRFSS","%","Crude Prevalence","74.4","","","71.4","77.4","904","Male","Gender","_TOTINDA","62","62","","","","","",""
"625666","2006","VI","Virgin Islands","Physical Activity","Exercise","During the past month, did you participate in any physical activities? (variable calculated from one or more BRFSS questions)","Yes","BRFSS","%","Crude Prevalence","67.7","","","65.3","70.1","1394","Female","Gender","_TOTINDA","62","62","","","","","",""
"","","","","","","","","","","","","","","","","","","","","","","Datasource","","Behavioral Risk Factor Surveillance System","http://www.cdc.gov/brfss","BRFSS","CDC"
"","","","","","","","","","","","","","","","","","","","","","","MeasureDefinitions","%","Percent","","",""
"","","","","","","","","","","","","","","","","","","","","","","MeasureDefinitions","CI","95% Confidence Interval","","",""
"","","","","","","","","","","","","","","","","","","","","","","MeasureDefinitions","n","“Sample Size”. Translates to the number of adult respondents who answered this question, or were assigned to this category based on question responses for a calculated variable, or the number of states included for a median.","","",""
"","","","","","","","","","","","","","","","","","","","","","","MeasureDefinitions","N/A","Translates to no data available for a record.","","",""
"","","","","","","","","","","","","","","","","","","","","","","MeasureDefinitions","No Data","Translates to no data available for record.","","",""
"","","","","","","","","","","","","","","","","","","","","","","SuggestedCitation","","Centers for Disease Control and Prevention, National Center for Chronic Disease Prevention and Health Promotion, Division of Population Health. BRFSS Prevalence & Trends Data [online]. 2015.","https://www.cdc.gov/brfss/brfssprevalence/","",""
"","","","","","","","","","","","","","","","","","","","","","","RelatedLinks","","Prevalence Data and Data Analysis Tools","/brfss/data_tools.htm","",""
"","","","","","","","","","","","","","","","","","","","","","","RelatedLinks","","Behavioral Risk Factor Surveillance System (BRFSS)","/brfss/index.html","",""
"","","","","","","","","","","","","","","","","","","","","","","RelatedLinks","","Division of Population Health","/nccdphp/dph/index.html","",""
"","","","","","","","","","","","","","","","","","","","","","","RelatedLinks","","Survey Data & Documentation","/brfss/data_documentation/index.htm","",""
