﻿"ID","Year","LocationAbbr","LocationDesc","Class","Topic","Indicator","Response","DataSource","Data_Value_Unit","Data_Value_Type","Data_Value","Data_Value_Footnote_Symbol","Data_Value_Footnote","Low_Confidence_Limit","High_Confidence_Limit","Sample_Size","Stratification","StratificationType","IndicatorId","LocationOrder","ParentStateDisplayOrder","FootnoteType","FootNoteSymbol","FootnoteText","URL","DatasourceAbbr","Agency"
"389425","2007","AL","Alabama","Physical Activity","Exercise","During the past month, did you participate in any physical activities? (variable calculated from one or more BRFSS questions)","Yes","BRFSS","%","Crude Prevalence","74.4","","","71.9","76.9","1648","Male","Gender","_TOTINDA","3","3","","","","","",""
"389426","2007","AL","Alabama","Physical Activity","Exercise","During the past month, did you participate in any physical activities? (variable calculated from one or more BRFSS questions)","Yes","BRFSS","%","Crude Prevalence","66.4","","","64.4","68.4","3133","Female","Gender","_TOTINDA","3","3","","","","","",""
"391745","2007","AK","Alaska","Physical Activity","Exercise","During the past month, did you participate in any physical activities? (variable calculated from one or more BRFSS questions)","Yes","BRFSS","%","Crude Prevalence","80.3","","","76.8","83.8","885","Male","Gender","_TOTINDA","4","4","","","","","",""
"391746","2007","AK","Alaska","Physical Activity","Exercise","During the past month, did you participate in any physical activities? (variable calculated from one or more BRFSS questions)","Yes","BRFSS","%","Crude Prevalence","79.8","","","76.7","82.9","1098","Female","Gender","_TOTINDA","4","4","","","","","",""
"394221","2007","AZ","Arizona","Physical Activity","Exercise","During the past month, did you participate in any physical activities? (variable calculated from one or more BRFSS questions)","Yes","BRFSS","%","Crude Prevalence","78.7","","","75.0","82.4","1302","Male","Gender","_TOTINDA","5","5","","","","","",""
"394222","2007","AZ","Arizona","Physical Activity","Exercise","During the past month, did you participate in any physical activities? (variable calculated from one or more BRFSS questions)","Yes","BRFSS","%","Crude Prevalence","76.5","","","73.6","79.4","2199","Female","Gender","_TOTINDA","5","5","","","","","",""
"396763","2007","AR","Arkansas","Physical Activity","Exercise","During the past month, did you participate in any physical activities? (variable calculated from one or more BRFSS questions)","Yes","BRFSS","%","Crude Prevalence","75.9","","","73.7","78.1","1502","Male","Gender","_TOTINDA","6","6","","","","","",""
"396764","2007","AR","Arkansas","Physical Activity","Exercise","During the past month, did you participate in any physical activities? (variable calculated from one or more BRFSS questions)","Yes","BRFSS","%","Crude Prevalence","68.2","","","66.2","70.2","2414","Female","Gender","_TOTINDA","6","6","","","","","",""
"399026","2007","CA","California","Physical Activity","Exercise","During the past month, did you participate in any physical activities? (variable calculated from one or more BRFSS questions)","Yes","BRFSS","%","Crude Prevalence","78.3","","","75.9","80.7","1746","Male","Gender","_TOTINDA","7","7","","","","","",""
"399027","2007","CA","California","Physical Activity","Exercise","During the past month, did you participate in any physical activities? (variable calculated from one or more BRFSS questions)","Yes","BRFSS","%","Crude Prevalence","75.5","","","73.5","77.5","2704","Female","Gender","_TOTINDA","7","7","","","","","",""
"401913","2007","CO","Colorado","Physical Activity","Exercise","During the past month, did you participate in any physical activities? (variable calculated from one or more BRFSS questions)","Yes","BRFSS","%","Crude Prevalence","84.1","","","82.7","85.5","3984","Male","Gender","_TOTINDA","8","8","","","","","",""
"401914","2007","CO","Colorado","Physical Activity","Exercise","During the past month, did you participate in any physical activities? (variable calculated from one or more BRFSS questions)","Yes","BRFSS","%","Crude Prevalence","81.2","","","80.0","82.4","5798","Female","Gender","_TOTINDA","8","8","","","","","",""
"404144","2007","CT","Connecticut","Physical Activity","Exercise","During the past month, did you participate in any physical activities? (variable calculated from one or more BRFSS questions)","Yes","BRFSS","%","Crude Prevalence","82.4","","","80.6","84.2","2226","Male","Gender","_TOTINDA","9","9","","","","","",""
"404145","2007","CT","Connecticut","Physical Activity","Exercise","During the past month, did you participate in any physical activities? (variable calculated from one or more BRFSS questions)","Yes","BRFSS","%","Crude Prevalence","78.4","","","76.8","80.0","3538","Female","Gender","_TOTINDA","9","9","","","","","",""
"406203","2007","DE","Delaware","Physical Activity","Exercise","During the past month, did you participate in any physical activities? (variable calculated from one or more BRFSS questions)","Yes","BRFSS","%","Crude Prevalence","81.7","","","79.0","84.4","1181","Male","Gender","_TOTINDA","10","10","","","","","",""
"406204","2007","DE","Delaware","Physical Activity","Exercise","During the past month, did you participate in any physical activities? (variable calculated from one or more BRFSS questions)","Yes","BRFSS","%","Crude Prevalence","74.3","","","71.9","76.7","1798","Female","Gender","_TOTINDA","10","10","","","","","",""
"408479","2007","DC","District of Columbia","Physical Activity","Exercise","During the past month, did you participate in any physical activities? (variable calculated from one or more BRFSS questions)","Yes","BRFSS","%","Crude Prevalence","81.5","","","78.8","84.2","1272","Male","Gender","_TOTINDA","11","11","","","","","",""
"408480","2007","DC","District of Columbia","Physical Activity","Exercise","During the past month, did you participate in any physical activities? (variable calculated from one or more BRFSS questions)","Yes","BRFSS","%","Crude Prevalence","76.3","","","74.1","78.5","1905","Female","Gender","_TOTINDA","11","11","","","","","",""
"410727","2007","FL","Florida","Physical Activity","Exercise","During the past month, did you participate in any physical activities? (variable calculated from one or more BRFSS questions)","Yes","BRFSS","%","Crude Prevalence","77.5","","","75.9","79.1","10889","Male","Gender","_TOTINDA","12","12","","","","","",""
"410728","2007","FL","Florida","Physical Activity","Exercise","During the past month, did you participate in any physical activities? (variable calculated from one or more BRFSS questions)","Yes","BRFSS","%","Crude Prevalence","71.9","","","70.5","73.3","17043","Female","Gender","_TOTINDA","12","12","","","","","",""
"413918","2007","GA","Georgia","Physical Activity","Exercise","During the past month, did you participate in any physical activities? (variable calculated from one or more BRFSS questions)","Yes","BRFSS","%","Crude Prevalence","78.0","","","75.6","80.4","2008","Male","Gender","_TOTINDA","13","13","","","","","",""
"413919","2007","GA","Georgia","Physical Activity","Exercise","During the past month, did you participate in any physical activities? (variable calculated from one or more BRFSS questions)","Yes","BRFSS","%","Crude Prevalence","72.7","","","70.9","74.5","3518","Female","Gender","_TOTINDA","13","13","","","","","",""
"417685","2007","HI","Hawaii","Physical Activity","Exercise","During the past month, did you participate in any physical activities? (variable calculated from one or more BRFSS questions)","Yes","BRFSS","%","Crude Prevalence","85.8","","","84.0","87.6","2316","Male","Gender","_TOTINDA","14","14","","","","","",""
"417686","2007","HI","Hawaii","Physical Activity","Exercise","During the past month, did you participate in any physical activities? (variable calculated from one or more BRFSS questions)","Yes","BRFSS","%","Crude Prevalence","78.2","","","76.4","80.0","3138","Female","Gender","_TOTINDA","14","14","","","","","",""
"420208","2007","ID","Idaho","Physical Activity","Exercise","During the past month, did you participate in any physical activities? (variable calculated from one or more BRFSS questions)","Yes","BRFSS","%","Crude Prevalence","81.3","","","79.1","83.5","1645","Male","Gender","_TOTINDA","15","15","","","","","",""
"420209","2007","ID","Idaho","Physical Activity","Exercise","During the past month, did you participate in any physical activities? (variable calculated from one or more BRFSS questions)","Yes","BRFSS","%","Crude Prevalence","79.6","","","77.8","81.4","2464","Female","Gender","_TOTINDA","15","15","","","","","",""
"422901","2007","IL","Illinois","Physical Activity","Exercise","During the past month, did you participate in any physical activities? (variable calculated from one or more BRFSS questions)","Yes","BRFSS","%","Crude Prevalence","80.1","","","77.7","82.5","1615","Male","Gender","_TOTINDA","16","16","","","","","",""
"422902","2007","IL","Illinois","Physical Activity","Exercise","During the past month, did you participate in any physical activities? (variable calculated from one or more BRFSS questions)","Yes","BRFSS","%","Crude Prevalence","74.1","","","72.1","76.1","2339","Female","Gender","_TOTINDA","16","16","","","","","",""
"425684","2007","IN","Indiana","Physical Activity","Exercise","During the past month, did you participate in any physical activities? (variable calculated from one or more BRFSS questions)","Yes","BRFSS","%","Crude Prevalence","79.4","","","77.2","81.6","1667","Male","Gender","_TOTINDA","17","17","","","","","",""
"425685","2007","IN","Indiana","Physical Activity","Exercise","During the past month, did you participate in any physical activities? (variable calculated from one or more BRFSS questions)","Yes","BRFSS","%","Crude Prevalence","72.4","","","70.4","74.4","2559","Female","Gender","_TOTINDA","17","17","","","","","",""
"427759","2007","IA","Iowa","Physical Activity","Exercise","During the past month, did you participate in any physical activities? (variable calculated from one or more BRFSS questions)","Yes","BRFSS","%","Crude Prevalence","79.0","","","76.8","81.2","1639","Male","Gender","_TOTINDA","18","18","","","","","",""
"427760","2007","IA","Iowa","Physical Activity","Exercise","During the past month, did you participate in any physical activities? (variable calculated from one or more BRFSS questions)","Yes","BRFSS","%","Crude Prevalence","76.8","","","75.0","78.6","2460","Female","Gender","_TOTINDA","18","18","","","","","",""
"429337","2007","KS","Kansas","Physical Activity","Exercise","During the past month, did you participate in any physical activities? (variable calculated from one or more BRFSS questions)","Yes","BRFSS","%","Crude Prevalence","79.6","","","77.8","81.4","2492","Male","Gender","_TOTINDA","19","19","","","","","",""
"429338","2007","KS","Kansas","Physical Activity","Exercise","During the past month, did you participate in any physical activities? (variable calculated from one or more BRFSS questions)","Yes","BRFSS","%","Crude Prevalence","74.4","","","72.8","76.0","3780","Female","Gender","_TOTINDA","19","19","","","","","",""
"432805","2007","KY","Kentucky","Physical Activity","Exercise","During the past month, did you participate in any physical activities? (variable calculated from one or more BRFSS questions)","Yes","BRFSS","%","Crude Prevalence","73.0","","","70.5","75.5","1521","Male","Gender","_TOTINDA","20","20","","","","","",""
"432806","2007","KY","Kentucky","Physical Activity","Exercise","During the past month, did you participate in any physical activities? (variable calculated from one or more BRFSS questions)","Yes","BRFSS","%","Crude Prevalence","66.6","","","64.6","68.6","2773","Female","Gender","_TOTINDA","20","20","","","","","",""
"434833","2007","LA","Louisiana","Physical Activity","Exercise","During the past month, did you participate in any physical activities? (variable calculated from one or more BRFSS questions)","Yes","BRFSS","%","Crude Prevalence","74.0","","","71.6","76.4","1602","Male","Gender","_TOTINDA","21","21","","","","","",""
"434834","2007","LA","Louisiana","Physical Activity","Exercise","During the past month, did you participate in any physical activities? (variable calculated from one or more BRFSS questions)","Yes","BRFSS","%","Crude Prevalence","66.2","","","64.4","68.0","2892","Female","Gender","_TOTINDA","21","21","","","","","",""
"437674","2007","ME","Maine","Physical Activity","Exercise","During the past month, did you participate in any physical activities? (variable calculated from one or more BRFSS questions)","Yes","BRFSS","%","Crude Prevalence","80.2","","","78.2","82.2","2012","Male","Gender","_TOTINDA","22","22","","","","","",""
"437675","2007","ME","Maine","Physical Activity","Exercise","During the past month, did you participate in any physical activities? (variable calculated from one or more BRFSS questions)","Yes","BRFSS","%","Crude Prevalence","79.2","","","77.6","80.8","3321","Female","Gender","_TOTINDA","22","22","","","","","",""
"439308","2007","MD","Maryland","Physical Activity","Exercise","During the past month, did you participate in any physical activities? (variable calculated from one or more BRFSS questions)","Yes","BRFSS","%","Crude Prevalence","78.6","","","76.4","80.8","2519","Male","Gender","_TOTINDA","23","23","","","","","",""
"439309","2007","MD","Maryland","Physical Activity","Exercise","During the past month, did you participate in any physical activities? (variable calculated from one or more BRFSS questions)","Yes","BRFSS","%","Crude Prevalence","75.6","","","74.0","77.2","4142","Female","Gender","_TOTINDA","23","23","","","","","",""
"442095","2007","MA","Massachusetts","Physical Activity","Exercise","During the past month, did you participate in any physical activities? (variable calculated from one or more BRFSS questions)","Yes","BRFSS","%","Crude Prevalence","80.0","","","78.6","81.4","5818","Male","Gender","_TOTINDA","24","24","","","","","",""
"442096","2007","MA","Massachusetts","Physical Activity","Exercise","During the past month, did you participate in any physical activities? (variable calculated from one or more BRFSS questions)","Yes","BRFSS","%","Crude Prevalence","78.0","","","77.0","79.0","10141","Female","Gender","_TOTINDA","24","24","","","","","",""
"444846","2007","MI","Michigan","Physical Activity","Exercise","During the past month, did you participate in any physical activities? (variable calculated from one or more BRFSS questions)","Yes","BRFSS","%","Crude Prevalence","81.6","","","79.6","83.6","2166","Male","Gender","_TOTINDA","25","25","","","","","",""
"444847","2007","MI","Michigan","Physical Activity","Exercise","During the past month, did you participate in any physical activities? (variable calculated from one or more BRFSS questions)","Yes","BRFSS","%","Crude Prevalence","76.9","","","75.3","78.5","3518","Female","Gender","_TOTINDA","25","25","","","","","",""
"446612","2007","MN","Minnesota","Physical Activity","Exercise","During the past month, did you participate in any physical activities? (variable calculated from one or more BRFSS questions)","Yes","BRFSS","%","Crude Prevalence","84.9","","","82.5","87.3","1486","Male","Gender","_TOTINDA","26","26","","","","","",""
"446613","2007","MN","Minnesota","Physical Activity","Exercise","During the past month, did you participate in any physical activities? (variable calculated from one or more BRFSS questions)","Yes","BRFSS","%","Crude Prevalence","81.7","","","79.7","83.7","2405","Female","Gender","_TOTINDA","26","26","","","","","",""
"449193","2007","MS","Mississippi","Physical Activity","Exercise","During the past month, did you participate in any physical activities? (variable calculated from one or more BRFSS questions)","Yes","BRFSS","%","Crude Prevalence","72.4","","","70.0","74.8","1832","Male","Gender","_TOTINDA","27","27","","","","","",""
"449194","2007","MS","Mississippi","Physical Activity","Exercise","During the past month, did you participate in any physical activities? (variable calculated from one or more BRFSS questions)","Yes","BRFSS","%","Crude Prevalence","64.3","","","62.5","66.1","3222","Female","Gender","_TOTINDA","27","27","","","","","",""
"452086","2007","MO","Missouri","Physical Activity","Exercise","During the past month, did you participate in any physical activities? (variable calculated from one or more BRFSS questions)","Yes","BRFSS","%","Crude Prevalence","76.6","","","74.1","79.1","1491","Male","Gender","_TOTINDA","28","28","","","","","",""
"452087","2007","MO","Missouri","Physical Activity","Exercise","During the past month, did you participate in any physical activities? (variable calculated from one or more BRFSS questions)","Yes","BRFSS","%","Crude Prevalence","72.4","","","70.0","74.8","2215","Female","Gender","_TOTINDA","28","28","","","","","",""
"454142","2007","MT","Montana","Physical Activity","Exercise","During the past month, did you participate in any physical activities? (variable calculated from one or more BRFSS questions)","Yes","BRFSS","%","Crude Prevalence","80.7","","","78.7","82.7","1851","Male","Gender","_TOTINDA","29","29","","","","","",""
"454143","2007","MT","Montana","Physical Activity","Exercise","During the past month, did you participate in any physical activities? (variable calculated from one or more BRFSS questions)","Yes","BRFSS","%","Crude Prevalence","80.0","","","78.4","81.6","2767","Female","Gender","_TOTINDA","29","29","","","","","",""
"456859","2007","NE","Nebraska","Physical Activity","Exercise","During the past month, did you participate in any physical activities? (variable calculated from one or more BRFSS questions)","Yes","BRFSS","%","Crude Prevalence","78.6","","","76.2","81.0","3082","Male","Gender","_TOTINDA","30","30","","","","","",""
"456860","2007","NE","Nebraska","Physical Activity","Exercise","During the past month, did you participate in any physical activities? (variable calculated from one or more BRFSS questions)","Yes","BRFSS","%","Crude Prevalence","77.0","","","75.2","78.8","4876","Female","Gender","_TOTINDA","30","30","","","","","",""
"458281","2007","NV","Nevada","Physical Activity","Exercise","During the past month, did you participate in any physical activities? (variable calculated from one or more BRFSS questions)","Yes","BRFSS","%","Crude Prevalence","77.2","","","74.1","80.3","1359","Male","Gender","_TOTINDA","31","31","","","","","",""
"458282","2007","NV","Nevada","Physical Activity","Exercise","During the past month, did you participate in any physical activities? (variable calculated from one or more BRFSS questions)","Yes","BRFSS","%","Crude Prevalence","73.9","","","71.2","76.6","1790","Female","Gender","_TOTINDA","31","31","","","","","",""
"460930","2007","NH","New Hampshire","Physical Activity","Exercise","During the past month, did you participate in any physical activities? (variable calculated from one or more BRFSS questions)","Yes","BRFSS","%","Crude Prevalence","81.9","","","79.9","83.9","1868","Male","Gender","_TOTINDA","32","32","","","","","",""
"460931","2007","NH","New Hampshire","Physical Activity","Exercise","During the past month, did you participate in any physical activities? (variable calculated from one or more BRFSS questions)","Yes","BRFSS","%","Crude Prevalence","79.9","","","78.3","81.5","2833","Female","Gender","_TOTINDA","32","32","","","","","",""
"463937","2007","NJ","New Jersey","Physical Activity","Exercise","During the past month, did you participate in any physical activities? (variable calculated from one or more BRFSS questions)","Yes","BRFSS","%","Crude Prevalence","76.9","","","74.4","79.4","2026","Male","Gender","_TOTINDA","33","33","","","","","",""
"463938","2007","NJ","New Jersey","Physical Activity","Exercise","During the past month, did you participate in any physical activities? (variable calculated from one or more BRFSS questions)","Yes","BRFSS","%","Crude Prevalence","71.2","","","69.4","73.0","3226","Female","Gender","_TOTINDA","33","33","","","","","",""
"465909","2007","NM","New Mexico","Physical Activity","Exercise","During the past month, did you participate in any physical activities? (variable calculated from one or more BRFSS questions)","Yes","BRFSS","%","Crude Prevalence","80.4","","","78.2","82.6","1942","Male","Gender","_TOTINDA","34","34","","","","","",""
"465910","2007","NM","New Mexico","Physical Activity","Exercise","During the past month, did you participate in any physical activities? (variable calculated from one or more BRFSS questions)","Yes","BRFSS","%","Crude Prevalence","76.4","","","74.6","78.2","3096","Female","Gender","_TOTINDA","34","34","","","","","",""
"468599","2007","NY","New York","Physical Activity","Exercise","During the past month, did you participate in any physical activities? (variable calculated from one or more BRFSS questions)","Yes","BRFSS","%","Crude Prevalence","78.7","","","76.3","81.1","1955","Male","Gender","_TOTINDA","35","35","","","","","",""
"468600","2007","NY","New York","Physical Activity","Exercise","During the past month, did you participate in any physical activities? (variable calculated from one or more BRFSS questions)","Yes","BRFSS","%","Crude Prevalence","72.8","","","71.0","74.6","2917","Female","Gender","_TOTINDA","35","35","","","","","",""
"470288","2007","NC","North Carolina","Physical Activity","Exercise","During the past month, did you participate in any physical activities? (variable calculated from one or more BRFSS questions)","Yes","BRFSS","%","Crude Prevalence","79.5","","","77.9","81.1","4090","Male","Gender","_TOTINDA","36","36","","","","","",""
"470289","2007","NC","North Carolina","Physical Activity","Exercise","During the past month, did you participate in any physical activities? (variable calculated from one or more BRFSS questions)","Yes","BRFSS","%","Crude Prevalence","72.1","","","70.7","73.5","6661","Female","Gender","_TOTINDA","36","36","","","","","",""
"472371","2007","ND","North Dakota","Physical Activity","Exercise","During the past month, did you participate in any physical activities? (variable calculated from one or more BRFSS questions)","Yes","BRFSS","%","Crude Prevalence","79.7","","","77.5","81.9","1458","Male","Gender","_TOTINDA","37","37","","","","","",""
"472372","2007","ND","North Dakota","Physical Activity","Exercise","During the past month, did you participate in any physical activities? (variable calculated from one or more BRFSS questions)","Yes","BRFSS","%","Crude Prevalence","75.4","","","73.2","77.6","2043","Female","Gender","_TOTINDA","37","37","","","","","",""
"475246","2007","OH","Ohio","Physical Activity","Exercise","During the past month, did you participate in any physical activities? (variable calculated from one or more BRFSS questions)","Yes","BRFSS","%","Crude Prevalence","78.2","","","76.4","80.0","3126","Male","Gender","_TOTINDA","38","38","","","","","",""
"475247","2007","OH","Ohio","Physical Activity","Exercise","During the past month, did you participate in any physical activities? (variable calculated from one or more BRFSS questions)","Yes","BRFSS","%","Crude Prevalence","73.3","","","71.9","74.7","4988","Female","Gender","_TOTINDA","38","38","","","","","",""
"477302","2007","OK","Oklahoma","Physical Activity","Exercise","During the past month, did you participate in any physical activities? (variable calculated from one or more BRFSS questions)","Yes","BRFSS","%","Crude Prevalence","72.2","","","70.0","74.4","1865","Male","Gender","_TOTINDA","39","39","","","","","",""
"477303","2007","OK","Oklahoma","Physical Activity","Exercise","During the past month, did you participate in any physical activities? (variable calculated from one or more BRFSS questions)","Yes","BRFSS","%","Crude Prevalence","68.6","","","67.0","70.2","3150","Female","Gender","_TOTINDA","39","39","","","","","",""
"480265","2007","OR","Oregon","Physical Activity","Exercise","During the past month, did you participate in any physical activities? (variable calculated from one or more BRFSS questions)","Yes","BRFSS","%","Crude Prevalence","83.2","","","81.0","85.4","1526","Male","Gender","_TOTINDA","40","40","","","","","",""
"480266","2007","OR","Oregon","Physical Activity","Exercise","During the past month, did you participate in any physical activities? (variable calculated from one or more BRFSS questions)","Yes","BRFSS","%","Crude Prevalence","82.3","","","80.5","84.1","2487","Female","Gender","_TOTINDA","40","40","","","","","",""
"483084","2007","PA","Pennsylvania","Physical Activity","Exercise","During the past month, did you participate in any physical activities? (variable calculated from one or more BRFSS questions)","Yes","BRFSS","%","Crude Prevalence","80.1","","","78.1","82.1","3611","Male","Gender","_TOTINDA","41","41","","","","","",""
"483085","2007","PA","Pennsylvania","Physical Activity","Exercise","During the past month, did you participate in any physical activities? (variable calculated from one or more BRFSS questions)","Yes","BRFSS","%","Crude Prevalence","73.5","","","71.9","75.1","5812","Female","Gender","_TOTINDA","41","41","","","","","",""
"487430","2007","RI","Rhode Island","Physical Activity","Exercise","During the past month, did you participate in any physical activities? (variable calculated from one or more BRFSS questions)","Yes","BRFSS","%","Crude Prevalence","79.3","","","76.8","81.8","1193","Male","Gender","_TOTINDA","42","42","","","","","",""
"487431","2007","RI","Rhode Island","Physical Activity","Exercise","During the past month, did you participate in any physical activities? (variable calculated from one or more BRFSS questions)","Yes","BRFSS","%","Crude Prevalence","74.2","","","72.0","76.4","2108","Female","Gender","_TOTINDA","42","42","","","","","",""
"489548","2007","SC","South Carolina","Physical Activity","Exercise","During the past month, did you participate in any physical activities? (variable calculated from one or more BRFSS questions)","Yes","BRFSS","%","Crude Prevalence","80.0","","","78.2","81.8","3088","Male","Gender","_TOTINDA","43","43","","","","","",""
"489549","2007","SC","South Carolina","Physical Activity","Exercise","During the past month, did you participate in any physical activities? (variable calculated from one or more BRFSS questions)","Yes","BRFSS","%","Crude Prevalence","70.7","","","69.1","72.3","4536","Female","Gender","_TOTINDA","43","43","","","","","",""
"492035","2007","SD","South Dakota","Physical Activity","Exercise","During the past month, did you participate in any physical activities? (variable calculated from one or more BRFSS questions)","Yes","BRFSS","%","Crude Prevalence","78.6","","","76.6","80.6","2048","Male","Gender","_TOTINDA","44","44","","","","","",""
"492036","2007","SD","South Dakota","Physical Activity","Exercise","During the past month, did you participate in any physical activities? (variable calculated from one or more BRFSS questions)","Yes","BRFSS","%","Crude Prevalence","76.2","","","74.4","78.0","2950","Female","Gender","_TOTINDA","44","44","","","","","",""
"494738","2007","TN","Tennessee","Physical Activity","Exercise","During the past month, did you participate in any physical activities? (variable calculated from one or more BRFSS questions)","Yes","BRFSS","%","Crude Prevalence","71.5","","","68.6","74.4","1151","Male","Gender","_TOTINDA","45","45","","","","","",""
"494739","2007","TN","Tennessee","Physical Activity","Exercise","During the past month, did you participate in any physical activities? (variable calculated from one or more BRFSS questions)","Yes","BRFSS","%","Crude Prevalence","65.7","","","63.3","68.1","2070","Female","Gender","_TOTINDA","45","45","","","","","",""
"496742","2007","TX","Texas","Physical Activity","Exercise","During the past month, did you participate in any physical activities? (variable calculated from one or more BRFSS questions)","Yes","BRFSS","%","Crude Prevalence","74.5","","","72.7","76.3","4336","Male","Gender","_TOTINDA","46","46","","","","","",""
"496743","2007","TX","Texas","Physical Activity","Exercise","During the past month, did you participate in any physical activities? (variable calculated from one or more BRFSS questions)","Yes","BRFSS","%","Crude Prevalence","69.0","","","67.8","70.2","7636","Female","Gender","_TOTINDA","46","46","","","","","",""
"499502","2007","UT","Utah","Physical Activity","Exercise","During the past month, did you participate in any physical activities? (variable calculated from one or more BRFSS questions)","Yes","BRFSS","%","Crude Prevalence","82.0","","","79.8","84.2","1736","Male","Gender","_TOTINDA","47","47","","","","","",""
"499503","2007","UT","Utah","Physical Activity","Exercise","During the past month, did you participate in any physical activities? (variable calculated from one or more BRFSS questions)","Yes","BRFSS","%","Crude Prevalence","79.1","","","77.1","81.1","2231","Female","Gender","_TOTINDA","47","47","","","","","",""
"501237","2007","VT","Vermont","Physical Activity","Exercise","During the past month, did you participate in any physical activities? (variable calculated from one or more BRFSS questions)","Yes","BRFSS","%","Crude Prevalence","82.5","","","80.7","84.3","2272","Male","Gender","_TOTINDA","48","48","","","","","",""
"501238","2007","VT","Vermont","Physical Activity","Exercise","During the past month, did you participate in any physical activities? (variable calculated from one or more BRFSS questions)","Yes","BRFSS","%","Crude Prevalence","81.0","","","79.6","82.4","3244","Female","Gender","_TOTINDA","48","48","","","","","",""
"506199","2007","VA","Virginia","Physical Activity","Exercise","During the past month, did you participate in any physical activities? (variable calculated from one or more BRFSS questions)","Yes","BRFSS","%","Crude Prevalence","80.2","","","77.7","82.7","1745","Male","Gender","_TOTINDA","49","49","","","","","",""
"506200","2007","VA","Virginia","Physical Activity","Exercise","During the past month, did you participate in any physical activities? (variable calculated from one or more BRFSS questions)","Yes","BRFSS","%","Crude Prevalence","76.7","","","74.7","78.7","2890","Female","Gender","_TOTINDA","49","49","","","","","",""
"508582","2007","WA","Washington","Physical Activity","Exercise","During the past month, did you participate in any physical activities? (variable calculated from one or more BRFSS questions)","Yes","BRFSS","%","Crude Prevalence","83.7","","","82.7","84.7","7995","Male","Gender","_TOTINDA","50","50","","","","","",""
"508584","2007","WA","Washington","Physical Activity","Exercise","During the past month, did you participate in any physical activities? (variable calculated from one or more BRFSS questions)","Yes","BRFSS","%","Crude Prevalence","81.1","","","80.3","81.9","12774","Female","Gender","_TOTINDA","50","50","","","","","",""
"510834","2007","WV","West Virginia","Physical Activity","Exercise","During the past month, did you participate in any physical activities? (variable calculated from one or more BRFSS questions)","Yes","BRFSS","%","Crude Prevalence","74.4","","","72.0","76.8","1278","Male","Gender","_TOTINDA","51","51","","","","","",""
"510835","2007","WV","West Virginia","Physical Activity","Exercise","During the past month, did you participate in any physical activities? (variable calculated from one or more BRFSS questions)","Yes","BRFSS","%","Crude Prevalence","69.3","","","67.1","71.5","1815","Female","Gender","_TOTINDA","51","51","","","","","",""
"513920","2007","WI","Wisconsin","Physical Activity","Exercise","During the past month, did you participate in any physical activities? (variable calculated from one or more BRFSS questions)","Yes","BRFSS","%","Crude Prevalence","81.6","","","79.6","83.6","2306","Male","Gender","_TOTINDA","52","52","","","","","",""
"513921","2007","WI","Wisconsin","Physical Activity","Exercise","During the past month, did you participate in any physical activities? (variable calculated from one or more BRFSS questions)","Yes","BRFSS","%","Crude Prevalence","79.6","","","77.8","81.4","3362","Female","Gender","_TOTINDA","52","52","","","","","",""
"516160","2007","WY","Wyoming","Physical Activity","Exercise","During the past month, did you participate in any physical activities? (variable calculated from one or more BRFSS questions)","Yes","BRFSS","%","Crude Prevalence","78.4","","","76.2","80.6","1930","Male","Gender","_TOTINDA","53","53","","","","","",""
"516161","2007","WY","Wyoming","Physical Activity","Exercise","During the past month, did you participate in any physical activities? (variable calculated from one or more BRFSS questions)","Yes","BRFSS","%","Crude Prevalence","78.2","","","76.4","80.0","2799","Female","Gender","_TOTINDA","53","53","","","","","",""
"415321","2007","GU","Guam","Physical Activity","Exercise","During the past month, did you participate in any physical activities? (variable calculated from one or more BRFSS questions)","Yes","BRFSS","%","Crude Prevalence","72.3","","","65.8","78.8","161","Male","Gender","_TOTINDA","56","56","","","","","",""
"415322","2007","GU","Guam","Physical Activity","Exercise","During the past month, did you participate in any physical activities? (variable calculated from one or more BRFSS questions)","Yes","BRFSS","%","Crude Prevalence","64.4","","","59.1","69.7","277","Female","Gender","_TOTINDA","56","56","","","","","",""
"484854","2007","PR","Puerto Rico","Physical Activity","Exercise","During the past month, did you participate in any physical activities? (variable calculated from one or more BRFSS questions)","Yes","BRFSS","%","Crude Prevalence","63.6","","","60.7","66.5","833","Male","Gender","_TOTINDA","60","60","","","","","",""
"484855","2007","PR","Puerto Rico","Physical Activity","Exercise","During the past month, did you participate in any physical activities? (variable calculated from one or more BRFSS questions)","Yes","BRFSS","%","Crude Prevalence","49.9","","","47.4","52.4","1237","Female","Gender","_TOTINDA","60","60","","","","","",""
"503670","2007","VI","Virgin Islands","Physical Activity","Exercise","During the past month, did you participate in any physical activities? (variable calculated from one or more BRFSS questions)","Yes","BRFSS","%","Crude Prevalence","73.1","","","69.8","76.4","656","Male","Gender","_TOTINDA","62","62","","","","","",""
"503671","2007","VI","Virgin Islands","Physical Activity","Exercise","During the past month, did you participate in any physical activities? (variable calculated from one or more BRFSS questions)","Yes","BRFSS","%","Crude Prevalence","66.6","","","63.9","69.3","1110","Female","Gender","_TOTINDA","62","62","","","","","",""
"","","","","","","","","","","","","","","","","","","","","","","Datasource","","Behavioral Risk Factor Surveillance System","http://www.cdc.gov/brfss","BRFSS","CDC"
"","","","","","","","","","","","","","","","","","","","","","","MeasureDefinitions","%","Percent","","",""
"","","","","","","","","","","","","","","","","","","","","","","MeasureDefinitions","CI","95% Confidence Interval","","",""
"","","","","","","","","","","","","","","","","","","","","","","MeasureDefinitions","n","“Sample Size”. Translates to the number of adult respondents who answered this question, or were assigned to this category based on question responses for a calculated variable, or the number of states included for a median.","","",""
"","","","","","","","","","","","","","","","","","","","","","","MeasureDefinitions","N/A","Translates to no data available for a record.","","",""
"","","","","","","","","","","","","","","","","","","","","","","MeasureDefinitions","No Data","Translates to no data available for record.","","",""
"","","","","","","","","","","","","","","","","","","","","","","SuggestedCitation","","Centers for Disease Control and Prevention, National Center for Chronic Disease Prevention and Health Promotion, Division of Population Health. BRFSS Prevalence & Trends Data [online]. 2015.","https://www.cdc.gov/brfss/brfssprevalence/","",""
"","","","","","","","","","","","","","","","","","","","","","","RelatedLinks","","Prevalence Data and Data Analysis Tools","/brfss/data_tools.htm","",""
"","","","","","","","","","","","","","","","","","","","","","","RelatedLinks","","Behavioral Risk Factor Surveillance System (BRFSS)","/brfss/index.html","",""
"","","","","","","","","","","","","","","","","","","","","","","RelatedLinks","","Division of Population Health","/nccdphp/dph/index.html","",""
"","","","","","","","","","","","","","","","","","","","","","","RelatedLinks","","Survey Data & Documentation","/brfss/data_documentation/index.htm","",""
