﻿"ID","Year","LocationAbbr","LocationDesc","Class","Topic","Indicator","Response","DataSource","Data_Value_Unit","Data_Value_Type","Data_Value","Data_Value_Footnote_Symbol","Data_Value_Footnote","Low_Confidence_Limit","High_Confidence_Limit","Sample_Size","Stratification","StratificationType","IndicatorId","LocationOrder","ParentStateDisplayOrder","FootnoteType","FootNoteSymbol","FootnoteText","URL","DatasourceAbbr","Agency"
"132905","2009","AL","Alabama","Physical Activity","Exercise","During the past month, did you participate in any physical activities? (variable calculated from one or more BRFSS questions)","Yes","BRFSS","%","Crude Prevalence","73.6","","","70.8","76.4","1513","Male","Gender","_TOTINDA","3","3","","","","","",""
"132906","2009","AL","Alabama","Physical Activity","Exercise","During the past month, did you participate in any physical activities? (variable calculated from one or more BRFSS questions)","Yes","BRFSS","%","Crude Prevalence","64.8","","","62.8","66.7","2878","Female","Gender","_TOTINDA","3","3","","","","","",""
"135142","2009","AK","Alaska","Physical Activity","Exercise","During the past month, did you participate in any physical activities? (variable calculated from one or more BRFSS questions)","Yes","BRFSS","%","Crude Prevalence","78.2","","","74.5","81.9","840","Male","Gender","_TOTINDA","4","4","","","","","",""
"135143","2009","AK","Alaska","Physical Activity","Exercise","During the past month, did you participate in any physical activities? (variable calculated from one or more BRFSS questions)","Yes","BRFSS","%","Crude Prevalence","76.9","","","73.4","80.3","1014","Female","Gender","_TOTINDA","4","4","","","","","",""
"138040","2009","AZ","Arizona","Physical Activity","Exercise","During the past month, did you participate in any physical activities? (variable calculated from one or more BRFSS questions)","Yes","BRFSS","%","Crude Prevalence","82.6","","","79.8","85.4","1598","Male","Gender","_TOTINDA","5","5","","","","","",""
"138041","2009","AZ","Arizona","Physical Activity","Exercise","During the past month, did you participate in any physical activities? (variable calculated from one or more BRFSS questions)","Yes","BRFSS","%","Crude Prevalence","79.5","","","77.1","81.8","2496","Female","Gender","_TOTINDA","5","5","","","","","",""
"140134","2009","AR","Arkansas","Physical Activity","Exercise","During the past month, did you participate in any physical activities? (variable calculated from one or more BRFSS questions)","Yes","BRFSS","%","Crude Prevalence","74.1","","","70.8","77.3","974","Male","Gender","_TOTINDA","6","6","","","","","",""
"140135","2009","AR","Arkansas","Physical Activity","Exercise","During the past month, did you participate in any physical activities? (variable calculated from one or more BRFSS questions)","Yes","BRFSS","%","Crude Prevalence","66.7","","","64.0","69.4","1630","Female","Gender","_TOTINDA","6","6","","","","","",""
"142399","2009","CA","California","Physical Activity","Exercise","During the past month, did you participate in any physical activities? (variable calculated from one or more BRFSS questions)","Yes","BRFSS","%","Crude Prevalence","79.4","","","78.0","80.7","5518","Male","Gender","_TOTINDA","7","7","","","","","",""
"142400","2009","CA","California","Physical Activity","Exercise","During the past month, did you participate in any physical activities? (variable calculated from one or more BRFSS questions)","Yes","BRFSS","%","Crude Prevalence","76.5","","","75.3","77.6","8103","Female","Gender","_TOTINDA","7","7","","","","","",""
"144702","2009","CO","Colorado","Physical Activity","Exercise","During the past month, did you participate in any physical activities? (variable calculated from one or more BRFSS questions)","Yes","BRFSS","%","Crude Prevalence","83.4","","","81.7","85.0","3879","Male","Gender","_TOTINDA","8","8","","","","","",""
"144703","2009","CO","Colorado","Physical Activity","Exercise","During the past month, did you participate in any physical activities? (variable calculated from one or more BRFSS questions)","Yes","BRFSS","%","Crude Prevalence","81.3","","","80.0","82.5","5732","Female","Gender","_TOTINDA","8","8","","","","","",""
"147099","2009","CT","Connecticut","Physical Activity","Exercise","During the past month, did you participate in any physical activities? (variable calculated from one or more BRFSS questions)","Yes","BRFSS","%","Crude Prevalence","80.3","","","78.0","82.5","1935","Male","Gender","_TOTINDA","9","9","","","","","",""
"147100","2009","CT","Connecticut","Physical Activity","Exercise","During the past month, did you participate in any physical activities? (variable calculated from one or more BRFSS questions)","Yes","BRFSS","%","Crude Prevalence","76.7","","","74.9","78.5","2937","Female","Gender","_TOTINDA","9","9","","","","","",""
"149195","2009","DE","Delaware","Physical Activity","Exercise","During the past month, did you participate in any physical activities? (variable calculated from one or more BRFSS questions)","Yes","BRFSS","%","Crude Prevalence","79.9","","","77.2","82.6","1246","Male","Gender","_TOTINDA","10","10","","","","","",""
"149196","2009","DE","Delaware","Physical Activity","Exercise","During the past month, did you participate in any physical activities? (variable calculated from one or more BRFSS questions)","Yes","BRFSS","%","Crude Prevalence","76.4","","","74.2","78.6","1980","Female","Gender","_TOTINDA","10","10","","","","","",""
"151231","2009","DC","District of Columbia","Physical Activity","Exercise","During the past month, did you participate in any physical activities? (variable calculated from one or more BRFSS questions)","Yes","BRFSS","%","Crude Prevalence","84.5","","","82.1","86.9","1234","Male","Gender","_TOTINDA","11","11","","","","","",""
"151232","2009","DC","District of Columbia","Physical Activity","Exercise","During the past month, did you participate in any physical activities? (variable calculated from one or more BRFSS questions)","Yes","BRFSS","%","Crude Prevalence","76.8","","","74.6","79.1","1856","Female","Gender","_TOTINDA","11","11","","","","","",""
"154151","2009","FL","Florida","Physical Activity","Exercise","During the past month, did you participate in any physical activities? (variable calculated from one or more BRFSS questions)","Yes","BRFSS","%","Crude Prevalence","78.4","","","76.0","80.7","3362","Male","Gender","_TOTINDA","12","12","","","","","",""
"154152","2009","FL","Florida","Physical Activity","Exercise","During the past month, did you participate in any physical activities? (variable calculated from one or more BRFSS questions)","Yes","BRFSS","%","Crude Prevalence","72.5","","","70.6","74.3","5192","Female","Gender","_TOTINDA","12","12","","","","","",""
"156272","2009","GA","Georgia","Physical Activity","Exercise","During the past month, did you participate in any physical activities? (variable calculated from one or more BRFSS questions)","Yes","BRFSS","%","Crude Prevalence","78.9","","","76.1","81.7","1567","Male","Gender","_TOTINDA","13","13","","","","","",""
"156273","2009","GA","Georgia","Physical Activity","Exercise","During the past month, did you participate in any physical activities? (variable calculated from one or more BRFSS questions)","Yes","BRFSS","%","Crude Prevalence","72.9","","","70.8","74.9","2621","Female","Gender","_TOTINDA","13","13","","","","","",""
"161659","2009","HI","Hawaii","Physical Activity","Exercise","During the past month, did you participate in any physical activities? (variable calculated from one or more BRFSS questions)","Yes","BRFSS","%","Crude Prevalence","84.0","","","82.0","85.9","2311","Male","Gender","_TOTINDA","14","14","","","","","",""
"161660","2009","HI","Hawaii","Physical Activity","Exercise","During the past month, did you participate in any physical activities? (variable calculated from one or more BRFSS questions)","Yes","BRFSS","%","Crude Prevalence","76.8","","","74.9","78.8","3058","Female","Gender","_TOTINDA","14","14","","","","","",""
"164039","2009","ID","Idaho","Physical Activity","Exercise","During the past month, did you participate in any physical activities? (variable calculated from one or more BRFSS questions)","Yes","BRFSS","%","Crude Prevalence","78.6","","","76.2","81.0","1611","Male","Gender","_TOTINDA","15","15","","","","","",""
"164040","2009","ID","Idaho","Physical Activity","Exercise","During the past month, did you participate in any physical activities? (variable calculated from one or more BRFSS questions)","Yes","BRFSS","%","Crude Prevalence","79.3","","","77.5","81.1","2441","Female","Gender","_TOTINDA","15","15","","","","","",""
"165470","2009","IL","Illinois","Physical Activity","Exercise","During the past month, did you participate in any physical activities? (variable calculated from one or more BRFSS questions)","Yes","BRFSS","%","Crude Prevalence","78.2","","","75.9","80.5","1697","Male","Gender","_TOTINDA","16","16","","","","","",""
"165471","2009","IL","Illinois","Physical Activity","Exercise","During the past month, did you participate in any physical activities? (variable calculated from one or more BRFSS questions)","Yes","BRFSS","%","Crude Prevalence","74.7","","","72.7","76.6","2668","Female","Gender","_TOTINDA","16","16","","","","","",""
"168935","2009","IN","Indiana","Physical Activity","Exercise","During the past month, did you participate in any physical activities? (variable calculated from one or more BRFSS questions)","Yes","BRFSS","%","Crude Prevalence","76.4","","","74.5","78.3","2488","Male","Gender","_TOTINDA","17","17","","","","","",""
"168936","2009","IN","Indiana","Physical Activity","Exercise","During the past month, did you participate in any physical activities? (variable calculated from one or more BRFSS questions)","Yes","BRFSS","%","Crude Prevalence","69.5","","","67.7","71.3","3798","Female","Gender","_TOTINDA","17","17","","","","","",""
"171121","2009","IA","Iowa","Physical Activity","Exercise","During the past month, did you participate in any physical activities? (variable calculated from one or more BRFSS questions)","Yes","BRFSS","%","Crude Prevalence","75.2","","","72.9","77.4","1692","Male","Gender","_TOTINDA","18","18","","","","","",""
"171122","2009","IA","Iowa","Physical Activity","Exercise","During the past month, did you participate in any physical activities? (variable calculated from one or more BRFSS questions)","Yes","BRFSS","%","Crude Prevalence","76.5","","","74.7","78.2","2681","Female","Gender","_TOTINDA","18","18","","","","","",""
"173569","2009","KS","Kansas","Physical Activity","Exercise","During the past month, did you participate in any physical activities? (variable calculated from one or more BRFSS questions)","Yes","BRFSS","%","Crude Prevalence","78.6","","","77.4","79.9","5505","Male","Gender","_TOTINDA","19","19","","","","","",""
"173570","2009","KS","Kansas","Physical Activity","Exercise","During the past month, did you participate in any physical activities? (variable calculated from one or more BRFSS questions)","Yes","BRFSS","%","Crude Prevalence","75.1","","","74.1","76.2","8421","Female","Gender","_TOTINDA","19","19","","","","","",""
"175684","2009","KY","Kentucky","Physical Activity","Exercise","During the past month, did you participate in any physical activities? (variable calculated from one or more BRFSS questions)","Yes","BRFSS","%","Crude Prevalence","72.5","","","69.9","75.1","1930","Male","Gender","_TOTINDA","20","20","","","","","",""
"175685","2009","KY","Kentucky","Physical Activity","Exercise","During the past month, did you participate in any physical activities? (variable calculated from one or more BRFSS questions)","Yes","BRFSS","%","Crude Prevalence","68.3","","","66.5","70.2","4122","Female","Gender","_TOTINDA","20","20","","","","","",""
"177906","2009","LA","Louisiana","Physical Activity","Exercise","During the past month, did you participate in any physical activities? (variable calculated from one or more BRFSS questions)","Yes","BRFSS","%","Crude Prevalence","74.5","","","72.2","76.7","2116","Male","Gender","_TOTINDA","21","21","","","","","",""
"177907","2009","LA","Louisiana","Physical Activity","Exercise","During the past month, did you participate in any physical activities? (variable calculated from one or more BRFSS questions)","Yes","BRFSS","%","Crude Prevalence","68.7","","","67.1","70.2","3905","Female","Gender","_TOTINDA","21","21","","","","","",""
"181118","2009","ME","Maine","Physical Activity","Exercise","During the past month, did you participate in any physical activities? (variable calculated from one or more BRFSS questions)","Yes","BRFSS","%","Crude Prevalence","78.7","","","76.9","80.4","2321","Male","Gender","_TOTINDA","22","22","","","","","",""
"181119","2009","ME","Maine","Physical Activity","Exercise","During the past month, did you participate in any physical activities? (variable calculated from one or more BRFSS questions)","Yes","BRFSS","%","Crude Prevalence","79.0","","","77.6","80.4","3816","Female","Gender","_TOTINDA","22","22","","","","","",""
"182879","2009","MD","Maryland","Physical Activity","Exercise","During the past month, did you participate in any physical activities? (variable calculated from one or more BRFSS questions)","Yes","BRFSS","%","Crude Prevalence","79.1","","","77.0","81.2","2458","Male","Gender","_TOTINDA","23","23","","","","","",""
"182880","2009","MD","Maryland","Physical Activity","Exercise","During the past month, did you participate in any physical activities? (variable calculated from one or more BRFSS questions)","Yes","BRFSS","%","Crude Prevalence","73.7","","","72.0","75.4","3884","Female","Gender","_TOTINDA","23","23","","","","","",""
"185352","2009","MA","Massachusetts","Physical Activity","Exercise","During the past month, did you participate in any physical activities? (variable calculated from one or more BRFSS questions)","Yes","BRFSS","%","Crude Prevalence","81.1","","","79.5","82.7","4782","Male","Gender","_TOTINDA","24","24","","","","","",""
"185353","2009","MA","Massachusetts","Physical Activity","Exercise","During the past month, did you participate in any physical activities? (variable calculated from one or more BRFSS questions)","Yes","BRFSS","%","Crude Prevalence","77.2","","","75.8","78.6","7503","Female","Gender","_TOTINDA","24","24","","","","","",""
"187551","2009","MI","Michigan","Physical Activity","Exercise","During the past month, did you participate in any physical activities? (variable calculated from one or more BRFSS questions)","Yes","BRFSS","%","Crude Prevalence","78.5","","","76.8","80.3","2621","Male","Gender","_TOTINDA","25","25","","","","","",""
"187552","2009","MI","Michigan","Physical Activity","Exercise","During the past month, did you participate in any physical activities? (variable calculated from one or more BRFSS questions)","Yes","BRFSS","%","Crude Prevalence","74.4","","","72.9","75.9","3988","Female","Gender","_TOTINDA","25","25","","","","","",""
"190053","2009","MN","Minnesota","Physical Activity","Exercise","During the past month, did you participate in any physical activities? (variable calculated from one or more BRFSS questions)","Yes","BRFSS","%","Crude Prevalence","84.9","","","82.7","87.0","1727","Male","Gender","_TOTINDA","26","26","","","","","",""
"190054","2009","MN","Minnesota","Physical Activity","Exercise","During the past month, did you participate in any physical activities? (variable calculated from one or more BRFSS questions)","Yes","BRFSS","%","Crude Prevalence","83.6","","","82.0","85.3","2835","Female","Gender","_TOTINDA","26","26","","","","","",""
"192864","2009","MS","Mississippi","Physical Activity","Exercise","During the past month, did you participate in any physical activities? (variable calculated from one or more BRFSS questions)","Yes","BRFSS","%","Crude Prevalence","72.3","","","70.2","74.4","2656","Male","Gender","_TOTINDA","27","27","","","","","",""
"192865","2009","MS","Mississippi","Physical Activity","Exercise","During the past month, did you participate in any physical activities? (variable calculated from one or more BRFSS questions)","Yes","BRFSS","%","Crude Prevalence","63.4","","","61.8","65.1","4565","Female","Gender","_TOTINDA","27","27","","","","","",""
"194199","2009","MO","Missouri","Physical Activity","Exercise","During the past month, did you participate in any physical activities? (variable calculated from one or more BRFSS questions)","Yes","BRFSS","%","Crude Prevalence","75.7","","","72.7","78.6","1421","Male","Gender","_TOTINDA","28","28","","","","","",""
"194200","2009","MO","Missouri","Physical Activity","Exercise","During the past month, did you participate in any physical activities? (variable calculated from one or more BRFSS questions)","Yes","BRFSS","%","Crude Prevalence","71.1","","","68.8","73.4","2104","Female","Gender","_TOTINDA","28","28","","","","","",""
"197212","2009","MT","Montana","Physical Activity","Exercise","During the past month, did you participate in any physical activities? (variable calculated from one or more BRFSS questions)","Yes","BRFSS","%","Crude Prevalence","78.5","","","76.4","80.5","2399","Male","Gender","_TOTINDA","29","29","","","","","",""
"197213","2009","MT","Montana","Physical Activity","Exercise","During the past month, did you participate in any physical activities? (variable calculated from one or more BRFSS questions)","Yes","BRFSS","%","Crude Prevalence","77.4","","","75.7","79.2","3212","Female","Gender","_TOTINDA","29","29","","","","","",""
"199667","2009","NE","Nebraska","Physical Activity","Exercise","During the past month, did you participate in any physical activities? (variable calculated from one or more BRFSS questions)","Yes","BRFSS","%","Crude Prevalence","78.0","","","76.0","79.9","4398","Male","Gender","_TOTINDA","30","30","","","","","",""
"199668","2009","NE","Nebraska","Physical Activity","Exercise","During the past month, did you participate in any physical activities? (variable calculated from one or more BRFSS questions)","Yes","BRFSS","%","Crude Prevalence","73.7","","","71.8","75.6","6871","Female","Gender","_TOTINDA","30","30","","","","","",""
"201803","2009","NV","Nevada","Physical Activity","Exercise","During the past month, did you participate in any physical activities? (variable calculated from one or more BRFSS questions)","Yes","BRFSS","%","Crude Prevalence","79.4","","","75.9","83.0","1191","Male","Gender","_TOTINDA","31","31","","","","","",""
"201804","2009","NV","Nevada","Physical Activity","Exercise","During the past month, did you participate in any physical activities? (variable calculated from one or more BRFSS questions)","Yes","BRFSS","%","Crude Prevalence","71.6","","","68.4","74.8","1691","Female","Gender","_TOTINDA","31","31","","","","","",""
"204812","2009","NH","New Hampshire","Physical Activity","Exercise","During the past month, did you participate in any physical activities? (variable calculated from one or more BRFSS questions)","Yes","BRFSS","%","Crude Prevalence","80.4","","","78.1","82.7","1836","Male","Gender","_TOTINDA","32","32","","","","","",""
"204813","2009","NH","New Hampshire","Physical Activity","Exercise","During the past month, did you participate in any physical activities? (variable calculated from one or more BRFSS questions)","Yes","BRFSS","%","Crude Prevalence","77.3","","","75.4","79.1","2692","Female","Gender","_TOTINDA","32","32","","","","","",""
"206750","2009","NJ","New Jersey","Physical Activity","Exercise","During the past month, did you participate in any physical activities? (variable calculated from one or more BRFSS questions)","Yes","BRFSS","%","Crude Prevalence","78.0","","","76.1","79.8","3476","Male","Gender","_TOTINDA","33","33","","","","","",""
"206751","2009","NJ","New Jersey","Physical Activity","Exercise","During the past month, did you participate in any physical activities? (variable calculated from one or more BRFSS questions)","Yes","BRFSS","%","Crude Prevalence","69.9","","","68.4","71.4","5440","Female","Gender","_TOTINDA","33","33","","","","","",""
"209136","2009","NM","New Mexico","Physical Activity","Exercise","During the past month, did you participate in any physical activities? (variable calculated from one or more BRFSS questions)","Yes","BRFSS","%","Crude Prevalence","81.0","","","78.9","83.0","2680","Male","Gender","_TOTINDA","34","34","","","","","",""
"209137","2009","NM","New Mexico","Physical Activity","Exercise","During the past month, did you participate in any physical activities? (variable calculated from one or more BRFSS questions)","Yes","BRFSS","%","Crude Prevalence","74.4","","","72.6","76.2","3941","Female","Gender","_TOTINDA","34","34","","","","","",""
"211156","2009","NY","New York","Physical Activity","Exercise","During the past month, did you participate in any physical activities? (variable calculated from one or more BRFSS questions)","Yes","BRFSS","%","Crude Prevalence","77.2","","","74.8","79.5","2010","Male","Gender","_TOTINDA","35","35","","","","","",""
"211157","2009","NY","New York","Physical Activity","Exercise","During the past month, did you participate in any physical activities? (variable calculated from one or more BRFSS questions)","Yes","BRFSS","%","Crude Prevalence","70.3","","","68.4","72.3","3054","Female","Gender","_TOTINDA","35","35","","","","","",""
"213487","2009","NC","North Carolina","Physical Activity","Exercise","During the past month, did you participate in any physical activities? (variable calculated from one or more BRFSS questions)","Yes","BRFSS","%","Crude Prevalence","77.0","","","75.0","79.0","3730","Male","Gender","_TOTINDA","36","36","","","","","",""
"213488","2009","NC","North Carolina","Physical Activity","Exercise","During the past month, did you participate in any physical activities? (variable calculated from one or more BRFSS questions)","Yes","BRFSS","%","Crude Prevalence","70.4","","","68.6","72.2","5746","Female","Gender","_TOTINDA","36","36","","","","","",""
"216524","2009","ND","North Dakota","Physical Activity","Exercise","During the past month, did you participate in any physical activities? (variable calculated from one or more BRFSS questions)","Yes","BRFSS","%","Crude Prevalence","73.6","","","71.1","76.2","1319","Male","Gender","_TOTINDA","37","37","","","","","",""
"216525","2009","ND","North Dakota","Physical Activity","Exercise","During the past month, did you participate in any physical activities? (variable calculated from one or more BRFSS questions)","Yes","BRFSS","%","Crude Prevalence","72.8","","","70.6","75.0","2017","Female","Gender","_TOTINDA","37","37","","","","","",""
"218782","2009","OH","Ohio","Physical Activity","Exercise","During the past month, did you participate in any physical activities? (variable calculated from one or more BRFSS questions)","Yes","BRFSS","%","Crude Prevalence","76.3","","","74.2","78.5","2786","Male","Gender","_TOTINDA","38","38","","","","","",""
"218783","2009","OH","Ohio","Physical Activity","Exercise","During the past month, did you participate in any physical activities? (variable calculated from one or more BRFSS questions)","Yes","BRFSS","%","Crude Prevalence","71.2","","","69.6","72.8","4130","Female","Gender","_TOTINDA","38","38","","","","","",""
"220753","2009","OK","Oklahoma","Physical Activity","Exercise","During the past month, did you participate in any physical activities? (variable calculated from one or more BRFSS questions)","Yes","BRFSS","%","Crude Prevalence","71.3","","","69.1","73.5","1908","Male","Gender","_TOTINDA","39","39","","","","","",""
"220754","2009","OK","Oklahoma","Physical Activity","Exercise","During the past month, did you participate in any physical activities? (variable calculated from one or more BRFSS questions)","Yes","BRFSS","%","Crude Prevalence","66.1","","","64.5","67.7","3200","Female","Gender","_TOTINDA","39","39","","","","","",""
"223908","2009","OR","Oregon","Physical Activity","Exercise","During the past month, did you participate in any physical activities? (variable calculated from one or more BRFSS questions)","Yes","BRFSS","%","Crude Prevalence","83.9","","","81.5","86.3","1394","Male","Gender","_TOTINDA","40","40","","","","","",""
"223909","2009","OR","Oregon","Physical Activity","Exercise","During the past month, did you participate in any physical activities? (variable calculated from one or more BRFSS questions)","Yes","BRFSS","%","Crude Prevalence","80.8","","","78.8","82.7","2023","Female","Gender","_TOTINDA","40","40","","","","","",""
"226126","2009","PA","Pennsylvania","Physical Activity","Exercise","During the past month, did you participate in any physical activities? (variable calculated from one or more BRFSS questions)","Yes","BRFSS","%","Crude Prevalence","78.1","","","76.2","80.1","2619","Male","Gender","_TOTINDA","41","41","","","","","",""
"226127","2009","PA","Pennsylvania","Physical Activity","Exercise","During the past month, did you participate in any physical activities? (variable calculated from one or more BRFSS questions)","Yes","BRFSS","%","Crude Prevalence","70.7","","","69.0","72.4","3854","Female","Gender","_TOTINDA","41","41","","","","","",""
"230868","2009","RI","Rhode Island","Physical Activity","Exercise","During the past month, did you participate in any physical activities? (variable calculated from one or more BRFSS questions)","Yes","BRFSS","%","Crude Prevalence","78.9","","","76.6","81.1","1734","Male","Gender","_TOTINDA","42","42","","","","","",""
"230869","2009","RI","Rhode Island","Physical Activity","Exercise","During the past month, did you participate in any physical activities? (variable calculated from one or more BRFSS questions)","Yes","BRFSS","%","Crude Prevalence","71.7","","","69.7","73.7","2757","Female","Gender","_TOTINDA","42","42","","","","","",""
"232519","2009","SC","South Carolina","Physical Activity","Exercise","During the past month, did you participate in any physical activities? (variable calculated from one or more BRFSS questions)","Yes","BRFSS","%","Crude Prevalence","78.1","","","75.9","80.2","2782","Male","Gender","_TOTINDA","43","43","","","","","",""
"232520","2009","SC","South Carolina","Physical Activity","Exercise","During the past month, did you participate in any physical activities? (variable calculated from one or more BRFSS questions)","Yes","BRFSS","%","Crude Prevalence","70.0","","","68.1","71.9","4079","Female","Gender","_TOTINDA","43","43","","","","","",""
"235373","2009","SD","South Dakota","Physical Activity","Exercise","During the past month, did you participate in any physical activities? (variable calculated from one or more BRFSS questions)","Yes","BRFSS","%","Crude Prevalence","77.0","","","74.8","79.2","1833","Male","Gender","_TOTINDA","44","44","","","","","",""
"235374","2009","SD","South Dakota","Physical Activity","Exercise","During the past month, did you participate in any physical activities? (variable calculated from one or more BRFSS questions)","Yes","BRFSS","%","Crude Prevalence","74.0","","","72.1","76.0","2929","Female","Gender","_TOTINDA","44","44","","","","","",""
"237575","2009","TN","Tennessee","Physical Activity","Exercise","During the past month, did you participate in any physical activities? (variable calculated from one or more BRFSS questions)","Yes","BRFSS","%","Crude Prevalence","71.3","","","68.0","74.5","1203","Male","Gender","_TOTINDA","45","45","","","","","",""
"237576","2009","TN","Tennessee","Physical Activity","Exercise","During the past month, did you participate in any physical activities? (variable calculated from one or more BRFSS questions)","Yes","BRFSS","%","Crude Prevalence","67.0","","","64.9","69.1","2440","Female","Gender","_TOTINDA","45","45","","","","","",""
"239698","2009","TX","Texas","Physical Activity","Exercise","During the past month, did you participate in any physical activities? (variable calculated from one or more BRFSS questions)","Yes","BRFSS","%","Crude Prevalence","76.0","","","73.7","78.3","3112","Male","Gender","_TOTINDA","46","46","","","","","",""
"239699","2009","TX","Texas","Physical Activity","Exercise","During the past month, did you participate in any physical activities? (variable calculated from one or more BRFSS questions)","Yes","BRFSS","%","Crude Prevalence","69.5","","","67.7","71.3","5165","Female","Gender","_TOTINDA","46","46","","","","","",""
"242229","2009","UT","Utah","Physical Activity","Exercise","During the past month, did you participate in any physical activities? (variable calculated from one or more BRFSS questions)","Yes","BRFSS","%","Crude Prevalence","84.0","","","82.4","85.5","3578","Male","Gender","_TOTINDA","47","47","","","","","",""
"242230","2009","UT","Utah","Physical Activity","Exercise","During the past month, did you participate in any physical activities? (variable calculated from one or more BRFSS questions)","Yes","BRFSS","%","Crude Prevalence","80.7","","","79.2","82.1","4473","Female","Gender","_TOTINDA","47","47","","","","","",""
"244938","2009","VT","Vermont","Physical Activity","Exercise","During the past month, did you participate in any physical activities? (variable calculated from one or more BRFSS questions)","Yes","BRFSS","%","Crude Prevalence","80.7","","","78.8","82.5","2075","Male","Gender","_TOTINDA","48","48","","","","","",""
"244939","2009","VT","Vermont","Physical Activity","Exercise","During the past month, did you participate in any physical activities? (variable calculated from one or more BRFSS questions)","Yes","BRFSS","%","Crude Prevalence","79.0","","","77.3","80.7","3092","Female","Gender","_TOTINDA","48","48","","","","","",""
"249546","2009","VA","Virginia","Physical Activity","Exercise","During the past month, did you participate in any physical activities? (variable calculated from one or more BRFSS questions)","Yes","BRFSS","%","Crude Prevalence","81.1","","","78.5","83.7","1576","Male","Gender","_TOTINDA","49","49","","","","","",""
"249547","2009","VA","Virginia","Physical Activity","Exercise","During the past month, did you participate in any physical activities? (variable calculated from one or more BRFSS questions)","Yes","BRFSS","%","Crude Prevalence","75.2","","","72.7","77.6","2236","Female","Gender","_TOTINDA","49","49","","","","","",""
"251250","2009","WA","Washington","Physical Activity","Exercise","During the past month, did you participate in any physical activities? (variable calculated from one or more BRFSS questions)","Yes","BRFSS","%","Crude Prevalence","81.5","","","80.3","82.7","6365","Male","Gender","_TOTINDA","50","50","","","","","",""
"251251","2009","WA","Washington","Physical Activity","Exercise","During the past month, did you participate in any physical activities? (variable calculated from one or more BRFSS questions)","Yes","BRFSS","%","Crude Prevalence","79.5","","","78.4","80.5","9383","Female","Gender","_TOTINDA","50","50","","","","","",""
"254704","2009","WV","West Virginia","Physical Activity","Exercise","During the past month, did you participate in any physical activities? (variable calculated from one or more BRFSS questions)","Yes","BRFSS","%","Crude Prevalence","70.6","","","68.1","73.1","1250","Male","Gender","_TOTINDA","51","51","","","","","",""
"254705","2009","WV","West Virginia","Physical Activity","Exercise","During the past month, did you participate in any physical activities? (variable calculated from one or more BRFSS questions)","Yes","BRFSS","%","Crude Prevalence","63.2","","","61.1","65.3","1803","Female","Gender","_TOTINDA","51","51","","","","","",""
"256478","2009","WI","Wisconsin","Physical Activity","Exercise","During the past month, did you participate in any physical activities? (variable calculated from one or more BRFSS questions)","Yes","BRFSS","%","Crude Prevalence","80.1","","","77.2","83.0","1500","Male","Gender","_TOTINDA","52","52","","","","","",""
"256479","2009","WI","Wisconsin","Physical Activity","Exercise","During the past month, did you participate in any physical activities? (variable calculated from one or more BRFSS questions)","Yes","BRFSS","%","Crude Prevalence","75.9","","","73.5","78.4","1888","Female","Gender","_TOTINDA","52","52","","","","","",""
"258939","2009","WY","Wyoming","Physical Activity","Exercise","During the past month, did you participate in any physical activities? (variable calculated from one or more BRFSS questions)","Yes","BRFSS","%","Crude Prevalence","78.1","","","75.9","80.2","1833","Male","Gender","_TOTINDA","53","53","","","","","",""
"258940","2009","WY","Wyoming","Physical Activity","Exercise","During the past month, did you participate in any physical activities? (variable calculated from one or more BRFSS questions)","Yes","BRFSS","%","Crude Prevalence","77.0","","","75.2","78.9","2688","Female","Gender","_TOTINDA","53","53","","","","","",""
"159123","2009","GU","Guam","Physical Activity","Exercise","During the past month, did you participate in any physical activities? (variable calculated from one or more BRFSS questions)","Yes","BRFSS","%","Crude Prevalence","78.5","","","73.9","83.1","370","Male","Gender","_TOTINDA","56","56","","","","","",""
"159124","2009","GU","Guam","Physical Activity","Exercise","During the past month, did you participate in any physical activities? (variable calculated from one or more BRFSS questions)","Yes","BRFSS","%","Crude Prevalence","70.6","","","66.9","74.4","567","Female","Gender","_TOTINDA","56","56","","","","","",""
"228507","2009","PR","Puerto Rico","Physical Activity","Exercise","During the past month, did you participate in any physical activities? (variable calculated from one or more BRFSS questions)","Yes","BRFSS","%","Crude Prevalence","60.6","","","57.4","63.7","862","Male","Gender","_TOTINDA","60","60","","","","","",""
"228508","2009","PR","Puerto Rico","Physical Activity","Exercise","During the past month, did you participate in any physical activities? (variable calculated from one or more BRFSS questions)","Yes","BRFSS","%","Crude Prevalence","48.9","","","46.4","51.3","1270","Female","Gender","_TOTINDA","60","60","","","","","",""
"247283","2009","VI","Virgin Islands","Physical Activity","Exercise","During the past month, did you participate in any physical activities? (variable calculated from one or more BRFSS questions)","Yes","BRFSS","%","Crude Prevalence","71.4","","","67.5","75.4","643","Male","Gender","_TOTINDA","62","62","","","","","",""
"247284","2009","VI","Virgin Islands","Physical Activity","Exercise","During the past month, did you participate in any physical activities? (variable calculated from one or more BRFSS questions)","Yes","BRFSS","%","Crude Prevalence","65.4","","","62.4","68.3","1109","Female","Gender","_TOTINDA","62","62","","","","","",""
"","","","","","","","","","","","","","","","","","","","","","","Datasource","","Behavioral Risk Factor Surveillance System","http://www.cdc.gov/brfss","BRFSS","CDC"
"","","","","","","","","","","","","","","","","","","","","","","MeasureDefinitions","%","Percent","","",""
"","","","","","","","","","","","","","","","","","","","","","","MeasureDefinitions","CI","95% Confidence Interval","","",""
"","","","","","","","","","","","","","","","","","","","","","","MeasureDefinitions","n","“Sample Size”. Translates to the number of adult respondents who answered this question, or were assigned to this category based on question responses for a calculated variable, or the number of states included for a median.","","",""
"","","","","","","","","","","","","","","","","","","","","","","MeasureDefinitions","N/A","Translates to no data available for a record.","","",""
"","","","","","","","","","","","","","","","","","","","","","","MeasureDefinitions","No Data","Translates to no data available for record.","","",""
"","","","","","","","","","","","","","","","","","","","","","","SuggestedCitation","","Centers for Disease Control and Prevention, National Center for Chronic Disease Prevention and Health Promotion, Division of Population Health. BRFSS Prevalence & Trends Data [online]. 2015.","https://www.cdc.gov/brfss/brfssprevalence/","",""
"","","","","","","","","","","","","","","","","","","","","","","RelatedLinks","","Prevalence Data and Data Analysis Tools","/brfss/data_tools.htm","",""
"","","","","","","","","","","","","","","","","","","","","","","RelatedLinks","","Behavioral Risk Factor Surveillance System (BRFSS)","/brfss/index.html","",""
"","","","","","","","","","","","","","","","","","","","","","","RelatedLinks","","Division of Population Health","/nccdphp/dph/index.html","",""
"","","","","","","","","","","","","","","","","","","","","","","RelatedLinks","","Survey Data & Documentation","/brfss/data_documentation/index.htm","",""
