﻿"ID","Year","LocationAbbr","LocationDesc","Class","Topic","Indicator","Response","DataSource","Data_Value_Unit","Data_Value_Type","Data_Value","Data_Value_Footnote_Symbol","Data_Value_Footnote","Low_Confidence_Limit","High_Confidence_Limit","Sample_Size","Stratification","StratificationType","IndicatorId","LocationOrder","ParentStateDisplayOrder","FootnoteType","FootNoteSymbol","FootnoteText","URL","DatasourceAbbr","Agency"
"760","2010","AL","Alabama","Physical Activity","Exercise","During the past month, did you participate in any physical activities? (variable calculated from one or more BRFSS questions)","Yes","BRFSS","%","Crude Prevalence","74.3","","","71.8","76.8","1751","Male","Gender","_TOTINDA","3","3","","","","","",""
"761","2010","AL","Alabama","Physical Activity","Exercise","During the past month, did you participate in any physical activities? (variable calculated from one or more BRFSS questions)","Yes","BRFSS","%","Crude Prevalence","64.0","","","62.1","65.8","3254","Female","Gender","_TOTINDA","3","3","","","","","",""
"2877","2010","AK","Alaska","Physical Activity","Exercise","During the past month, did you participate in any physical activities? (variable calculated from one or more BRFSS questions)","Yes","BRFSS","%","Crude Prevalence","79.3","","","74.7","83.9","659","Male","Gender","_TOTINDA","4","4","","","","","",""
"2878","2010","AK","Alaska","Physical Activity","Exercise","During the past month, did you participate in any physical activities? (variable calculated from one or more BRFSS questions)","Yes","BRFSS","%","Crude Prevalence","76.7","","","73.0","80.3","814","Female","Gender","_TOTINDA","4","4","","","","","",""
"6022","2010","AZ","Arizona","Physical Activity","Exercise","During the past month, did you participate in any physical activities? (variable calculated from one or more BRFSS questions)","Yes","BRFSS","%","Crude Prevalence","80.2","","","77.1","83.2","1632","Male","Gender","_TOTINDA","5","5","","","","","",""
"6023","2010","AZ","Arizona","Physical Activity","Exercise","During the past month, did you participate in any physical activities? (variable calculated from one or more BRFSS questions)","Yes","BRFSS","%","Crude Prevalence","78.2","","","76.0","80.5","2619","Female","Gender","_TOTINDA","5","5","","","","","",""
"8009","2010","AR","Arkansas","Physical Activity","Exercise","During the past month, did you participate in any physical activities? (variable calculated from one or more BRFSS questions)","Yes","BRFSS","%","Crude Prevalence","73.2","","","69.8","76.6","1067","Male","Gender","_TOTINDA","6","6","","","","","",""
"8010","2010","AR","Arkansas","Physical Activity","Exercise","During the past month, did you participate in any physical activities? (variable calculated from one or more BRFSS questions)","Yes","BRFSS","%","Crude Prevalence","67.4","","","64.5","70.4","1582","Female","Gender","_TOTINDA","6","6","","","","","",""
"10783","2010","CA","California","Physical Activity","Exercise","During the past month, did you participate in any physical activities? (variable calculated from one or more BRFSS questions)","Yes","BRFSS","%","Crude Prevalence","81.7","","","80.5","83.0","5702","Male","Gender","_TOTINDA","7","7","","","","","",""
"10784","2010","CA","California","Physical Activity","Exercise","During the past month, did you participate in any physical activities? (variable calculated from one or more BRFSS questions)","Yes","BRFSS","%","Crude Prevalence","77.5","","","76.4","78.5","8355","Female","Gender","_TOTINDA","7","7","","","","","",""
"12753","2010","CO","Colorado","Physical Activity","Exercise","During the past month, did you participate in any physical activities? (variable calculated from one or more BRFSS questions)","Yes","BRFSS","%","Crude Prevalence","83.3","","","81.6","85.0","3841","Male","Gender","_TOTINDA","8","8","","","","","",""
"12754","2010","CO","Colorado","Physical Activity","Exercise","During the past month, did you participate in any physical activities? (variable calculated from one or more BRFSS questions)","Yes","BRFSS","%","Crude Prevalence","80.3","","","78.8","81.7","5436","Female","Gender","_TOTINDA","8","8","","","","","",""
"15324","2010","CT","Connecticut","Physical Activity","Exercise","During the past month, did you participate in any physical activities? (variable calculated from one or more BRFSS questions)","Yes","BRFSS","%","Crude Prevalence","81.8","","","79.7","83.8","1988","Male","Gender","_TOTINDA","9","9","","","","","",""
"15325","2010","CT","Connecticut","Physical Activity","Exercise","During the past month, did you participate in any physical activities? (variable calculated from one or more BRFSS questions)","Yes","BRFSS","%","Crude Prevalence","77.0","","","75.1","78.9","3067","Female","Gender","_TOTINDA","9","9","","","","","",""
"17607","2010","DE","Delaware","Physical Activity","Exercise","During the past month, did you participate in any physical activities? (variable calculated from one or more BRFSS questions)","Yes","BRFSS","%","Crude Prevalence","81.0","","","78.5","83.6","1155","Male","Gender","_TOTINDA","10","10","","","","","",""
"17608","2010","DE","Delaware","Physical Activity","Exercise","During the past month, did you participate in any physical activities? (variable calculated from one or more BRFSS questions)","Yes","BRFSS","%","Crude Prevalence","71.5","","","69.2","73.9","1929","Female","Gender","_TOTINDA","10","10","","","","","",""
"20097","2010","DC","District of Columbia","Physical Activity","Exercise","During the past month, did you participate in any physical activities? (variable calculated from one or more BRFSS questions)","Yes","BRFSS","%","Crude Prevalence","84.1","","","81.7","86.6","1309","Male","Gender","_TOTINDA","11","11","","","","","",""
"20098","2010","DC","District of Columbia","Physical Activity","Exercise","During the past month, did you participate in any physical activities? (variable calculated from one or more BRFSS questions)","Yes","BRFSS","%","Crude Prevalence","76.4","","","74.1","78.7","1856","Female","Gender","_TOTINDA","11","11","","","","","",""
"22383","2010","FL","Florida","Physical Activity","Exercise","During the past month, did you participate in any physical activities? (variable calculated from one or more BRFSS questions)","Yes","BRFSS","%","Crude Prevalence","79.3","","","77.7","80.9","9665","Male","Gender","_TOTINDA","12","12","","","","","",""
"22384","2010","FL","Florida","Physical Activity","Exercise","During the past month, did you participate in any physical activities? (variable calculated from one or more BRFSS questions)","Yes","BRFSS","%","Crude Prevalence","72.8","","","71.4","74.1","15085","Female","Gender","_TOTINDA","12","12","","","","","",""
"24695","2010","GA","Georgia","Physical Activity","Exercise","During the past month, did you participate in any physical activities? (variable calculated from one or more BRFSS questions)","Yes","BRFSS","%","Crude Prevalence","78.1","","","75.5","80.7","1521","Male","Gender","_TOTINDA","13","13","","","","","",""
"24696","2010","GA","Georgia","Physical Activity","Exercise","During the past month, did you participate in any physical activities? (variable calculated from one or more BRFSS questions)","Yes","BRFSS","%","Crude Prevalence","72.0","","","70.1","73.9","2550","Female","Gender","_TOTINDA","13","13","","","","","",""
"29722","2010","HI","Hawaii","Physical Activity","Exercise","During the past month, did you participate in any physical activities? (variable calculated from one or more BRFSS questions)","Yes","BRFSS","%","Crude Prevalence","84.6","","","82.7","86.6","2249","Male","Gender","_TOTINDA","14","14","","","","","",""
"29723","2010","HI","Hawaii","Physical Activity","Exercise","During the past month, did you participate in any physical activities? (variable calculated from one or more BRFSS questions)","Yes","BRFSS","%","Crude Prevalence","77.0","","","74.9","79.0","3055","Female","Gender","_TOTINDA","14","14","","","","","",""
"32634","2010","ID","Idaho","Physical Activity","Exercise","During the past month, did you participate in any physical activities? (variable calculated from one or more BRFSS questions)","Yes","BRFSS","%","Crude Prevalence","80.2","","","78.2","82.3","2115","Male","Gender","_TOTINDA","15","15","","","","","",""
"32635","2010","ID","Idaho","Physical Activity","Exercise","During the past month, did you participate in any physical activities? (variable calculated from one or more BRFSS questions)","Yes","BRFSS","%","Crude Prevalence","79.9","","","78.3","81.4","3207","Female","Gender","_TOTINDA","15","15","","","","","",""
"34594","2010","IL","Illinois","Physical Activity","Exercise","During the past month, did you participate in any physical activities? (variable calculated from one or more BRFSS questions)","Yes","BRFSS","%","Crude Prevalence","78.2","","","75.6","80.8","1467","Male","Gender","_TOTINDA","16","16","","","","","",""
"34595","2010","IL","Illinois","Physical Activity","Exercise","During the past month, did you participate in any physical activities? (variable calculated from one or more BRFSS questions)","Yes","BRFSS","%","Crude Prevalence","70.6","","","68.4","72.8","2263","Female","Gender","_TOTINDA","16","16","","","","","",""
"37630","2010","IN","Indiana","Physical Activity","Exercise","During the past month, did you participate in any physical activities? (variable calculated from one or more BRFSS questions)","Yes","BRFSS","%","Crude Prevalence","76.1","","","73.9","78.3","2746","Male","Gender","_TOTINDA","17","17","","","","","",""
"37631","2010","IN","Indiana","Physical Activity","Exercise","During the past month, did you participate in any physical activities? (variable calculated from one or more BRFSS questions)","Yes","BRFSS","%","Crude Prevalence","71.1","","","69.6","72.7","4325","Female","Gender","_TOTINDA","17","17","","","","","",""
"39463","2010","IA","Iowa","Physical Activity","Exercise","During the past month, did you participate in any physical activities? (variable calculated from one or more BRFSS questions)","Yes","BRFSS","%","Crude Prevalence","75.5","","","73.1","77.8","1706","Male","Gender","_TOTINDA","18","18","","","","","",""
"39464","2010","IA","Iowa","Physical Activity","Exercise","During the past month, did you participate in any physical activities? (variable calculated from one or more BRFSS questions)","Yes","BRFSS","%","Crude Prevalence","75.0","","","73.1","76.8","2699","Female","Gender","_TOTINDA","18","18","","","","","",""
"42324","2010","KS","Kansas","Physical Activity","Exercise","During the past month, did you participate in any physical activities? (variable calculated from one or more BRFSS questions)","Yes","BRFSS","%","Crude Prevalence","77.5","","","75.6","79.3","2481","Male","Gender","_TOTINDA","19","19","","","","","",""
"42325","2010","KS","Kansas","Physical Activity","Exercise","During the past month, did you participate in any physical activities? (variable calculated from one or more BRFSS questions)","Yes","BRFSS","%","Crude Prevalence","74.6","","","73.1","76.2","3730","Female","Gender","_TOTINDA","19","19","","","","","",""
"44189","2010","KY","Kentucky","Physical Activity","Exercise","During the past month, did you participate in any physical activities? (variable calculated from one or more BRFSS questions)","Yes","BRFSS","%","Crude Prevalence","72.6","","","70.0","75.2","1712","Male","Gender","_TOTINDA","20","20","","","","","",""
"44190","2010","KY","Kentucky","Physical Activity","Exercise","During the past month, did you participate in any physical activities? (variable calculated from one or more BRFSS questions)","Yes","BRFSS","%","Crude Prevalence","68.9","","","66.9","70.9","3451","Female","Gender","_TOTINDA","20","20","","","","","",""
"47060","2010","LA","Louisiana","Physical Activity","Exercise","During the past month, did you participate in any physical activities? (variable calculated from one or more BRFSS questions)","Yes","BRFSS","%","Crude Prevalence","72.0","","","69.4","74.6","1605","Male","Gender","_TOTINDA","21","21","","","","","",""
"47061","2010","LA","Louisiana","Physical Activity","Exercise","During the past month, did you participate in any physical activities? (variable calculated from one or more BRFSS questions)","Yes","BRFSS","%","Crude Prevalence","68.0","","","66.3","69.8","3166","Female","Gender","_TOTINDA","21","21","","","","","",""
"49912","2010","ME","Maine","Physical Activity","Exercise","During the past month, did you participate in any physical activities? (variable calculated from one or more BRFSS questions)","Yes","BRFSS","%","Crude Prevalence","78.0","","","76.1","80.0","2418","Male","Gender","_TOTINDA","22","22","","","","","",""
"49913","2010","ME","Maine","Physical Activity","Exercise","During the past month, did you participate in any physical activities? (variable calculated from one or more BRFSS questions)","Yes","BRFSS","%","Crude Prevalence","77.1","","","75.6","78.7","3732","Female","Gender","_TOTINDA","22","22","","","","","",""
"51742","2010","MD","Maryland","Physical Activity","Exercise","During the past month, did you participate in any physical activities? (variable calculated from one or more BRFSS questions)","Yes","BRFSS","%","Crude Prevalence","80.3","","","78.4","82.2","2633","Male","Gender","_TOTINDA","23","23","","","","","",""
"51743","2010","MD","Maryland","Physical Activity","Exercise","During the past month, did you participate in any physical activities? (variable calculated from one or more BRFSS questions)","Yes","BRFSS","%","Crude Prevalence","73.8","","","72.1","75.5","4082","Female","Gender","_TOTINDA","23","23","","","","","",""
"54761","2010","MA","Massachusetts","Physical Activity","Exercise","During the past month, did you participate in any physical activities? (variable calculated from one or more BRFSS questions)","Yes","BRFSS","%","Crude Prevalence","81.8","","","80.3","83.3","4745","Male","Gender","_TOTINDA","24","24","","","","","",""
"54762","2010","MA","Massachusetts","Physical Activity","Exercise","During the past month, did you participate in any physical activities? (variable calculated from one or more BRFSS questions)","Yes","BRFSS","%","Crude Prevalence","77.2","","","75.9","78.4","7346","Female","Gender","_TOTINDA","24","24","","","","","",""
"56937","2010","MI","Michigan","Physical Activity","Exercise","During the past month, did you participate in any physical activities? (variable calculated from one or more BRFSS questions)","Yes","BRFSS","%","Crude Prevalence","78.4","","","76.5","80.4","2549","Male","Gender","_TOTINDA","25","25","","","","","",""
"56938","2010","MI","Michigan","Physical Activity","Exercise","During the past month, did you participate in any physical activities? (variable calculated from one or more BRFSS questions)","Yes","BRFSS","%","Crude Prevalence","74.4","","","72.8","76.1","3856","Female","Gender","_TOTINDA","25","25","","","","","",""
"59496","2010","MN","Minnesota","Physical Activity","Exercise","During the past month, did you participate in any physical activities? (variable calculated from one or more BRFSS questions)","Yes","BRFSS","%","Crude Prevalence","82.1","","","80.0","84.3","2773","Male","Gender","_TOTINDA","26","26","","","","","",""
"59497","2010","MN","Minnesota","Physical Activity","Exercise","During the past month, did you participate in any physical activities? (variable calculated from one or more BRFSS questions)","Yes","BRFSS","%","Crude Prevalence","79.7","","","77.9","81.5","4196","Female","Gender","_TOTINDA","26","26","","","","","",""
"61771","2010","MS","Mississippi","Physical Activity","Exercise","During the past month, did you participate in any physical activities? (variable calculated from one or more BRFSS questions)","Yes","BRFSS","%","Crude Prevalence","70.6","","","68.0","73.3","1801","Male","Gender","_TOTINDA","27","27","","","","","",""
"61772","2010","MS","Mississippi","Physical Activity","Exercise","During the past month, did you participate in any physical activities? (variable calculated from one or more BRFSS questions)","Yes","BRFSS","%","Crude Prevalence","63.7","","","61.8","65.5","3312","Female","Gender","_TOTINDA","27","27","","","","","",""
"64389","2010","MO","Missouri","Physical Activity","Exercise","During the past month, did you participate in any physical activities? (variable calculated from one or more BRFSS questions)","Yes","BRFSS","%","Crude Prevalence","74.9","","","71.9","77.9","1435","Male","Gender","_TOTINDA","28","28","","","","","",""
"64390","2010","MO","Missouri","Physical Activity","Exercise","During the past month, did you participate in any physical activities? (variable calculated from one or more BRFSS questions)","Yes","BRFSS","%","Crude Prevalence","70.9","","","68.2","73.5","2266","Female","Gender","_TOTINDA","28","28","","","","","",""
"66653","2010","MT","Montana","Physical Activity","Exercise","During the past month, did you participate in any physical activities? (variable calculated from one or more BRFSS questions)","Yes","BRFSS","%","Crude Prevalence","79.9","","","77.8","81.9","2270","Male","Gender","_TOTINDA","29","29","","","","","",""
"66654","2010","MT","Montana","Physical Activity","Exercise","During the past month, did you participate in any physical activities? (variable calculated from one or more BRFSS questions)","Yes","BRFSS","%","Crude Prevalence","77.0","","","74.8","79.1","3112","Female","Gender","_TOTINDA","29","29","","","","","",""
"69084","2010","NE","Nebraska","Physical Activity","Exercise","During the past month, did you participate in any physical activities? (variable calculated from one or more BRFSS questions)","Yes","BRFSS","%","Crude Prevalence","75.8","","","73.8","77.8","4426","Male","Gender","_TOTINDA","30","30","","","","","",""
"69085","2010","NE","Nebraska","Physical Activity","Exercise","During the past month, did you participate in any physical activities? (variable calculated from one or more BRFSS questions)","Yes","BRFSS","%","Crude Prevalence","74.7","","","72.9","76.6","7046","Female","Gender","_TOTINDA","30","30","","","","","",""
"71972","2010","NV","Nevada","Physical Activity","Exercise","During the past month, did you participate in any physical activities? (variable calculated from one or more BRFSS questions)","Yes","BRFSS","%","Crude Prevalence","79.7","","","76.1","83.4","1281","Male","Gender","_TOTINDA","31","31","","","","","",""
"71973","2010","NV","Nevada","Physical Activity","Exercise","During the past month, did you participate in any physical activities? (variable calculated from one or more BRFSS questions)","Yes","BRFSS","%","Crude Prevalence","74.1","","","71.2","77.1","1662","Female","Gender","_TOTINDA","31","31","","","","","",""
"73558","2010","NH","New Hampshire","Physical Activity","Exercise","During the past month, did you participate in any physical activities? (variable calculated from one or more BRFSS questions)","Yes","BRFSS","%","Crude Prevalence","81.6","","","79.5","83.7","1808","Male","Gender","_TOTINDA","32","32","","","","","",""
"73559","2010","NH","New Hampshire","Physical Activity","Exercise","During the past month, did you participate in any physical activities? (variable calculated from one or more BRFSS questions)","Yes","BRFSS","%","Crude Prevalence","78.6","","","76.8","80.3","2818","Female","Gender","_TOTINDA","32","32","","","","","",""
"76934","2010","NJ","New Jersey","Physical Activity","Exercise","During the past month, did you participate in any physical activities? (variable calculated from one or more BRFSS questions)","Yes","BRFSS","%","Crude Prevalence","76.5","","","74.6","78.4","3594","Male","Gender","_TOTINDA","33","33","","","","","",""
"76935","2010","NJ","New Jersey","Physical Activity","Exercise","During the past month, did you participate in any physical activities? (variable calculated from one or more BRFSS questions)","Yes","BRFSS","%","Crude Prevalence","70.5","","","69.0","72.0","5408","Female","Gender","_TOTINDA","33","33","","","","","",""
"78413","2010","NM","New Mexico","Physical Activity","Exercise","During the past month, did you participate in any physical activities? (variable calculated from one or more BRFSS questions)","Yes","BRFSS","%","Crude Prevalence","81.6","","","79.5","83.6","2148","Male","Gender","_TOTINDA","34","34","","","","","",""
"78414","2010","NM","New Mexico","Physical Activity","Exercise","During the past month, did you participate in any physical activities? (variable calculated from one or more BRFSS questions)","Yes","BRFSS","%","Crude Prevalence","75.4","","","73.4","77.4","3144","Female","Gender","_TOTINDA","34","34","","","","","",""
"81126","2010","NY","New York","Physical Activity","Exercise","During the past month, did you participate in any physical activities? (variable calculated from one or more BRFSS questions)","Yes","BRFSS","%","Crude Prevalence","78.2","","","76.3","80.1","2571","Male","Gender","_TOTINDA","35","35","","","","","",""
"81127","2010","NY","New York","Physical Activity","Exercise","During the past month, did you participate in any physical activities? (variable calculated from one or more BRFSS questions)","Yes","BRFSS","%","Crude Prevalence","74.3","","","72.8","75.7","4101","Female","Gender","_TOTINDA","35","35","","","","","",""
"84071","2010","NC","North Carolina","Physical Activity","Exercise","During the past month, did you participate in any physical activities? (variable calculated from one or more BRFSS questions)","Yes","BRFSS","%","Crude Prevalence","77.7","","","75.8","79.6","3392","Male","Gender","_TOTINDA","36","36","","","","","",""
"84072","2010","NC","North Carolina","Physical Activity","Exercise","During the past month, did you participate in any physical activities? (variable calculated from one or more BRFSS questions)","Yes","BRFSS","%","Crude Prevalence","71.0","","","69.4","72.6","5277","Female","Gender","_TOTINDA","36","36","","","","","",""
"86434","2010","ND","North Dakota","Physical Activity","Exercise","During the past month, did you participate in any physical activities? (variable calculated from one or more BRFSS questions)","Yes","BRFSS","%","Crude Prevalence","73.3","","","70.3","76.2","1311","Male","Gender","_TOTINDA","37","37","","","","","",""
"86435","2010","ND","North Dakota","Physical Activity","Exercise","During the past month, did you participate in any physical activities? (variable calculated from one or more BRFSS questions)","Yes","BRFSS","%","Crude Prevalence","77.2","","","75.3","79.2","2126","Female","Gender","_TOTINDA","37","37","","","","","",""
"88555","2010","OH","Ohio","Physical Activity","Exercise","During the past month, did you participate in any physical activities? (variable calculated from one or more BRFSS questions)","Yes","BRFSS","%","Crude Prevalence","75.5","","","73.4","77.6","2631","Male","Gender","_TOTINDA","38","38","","","","","",""
"88556","2010","OH","Ohio","Physical Activity","Exercise","During the past month, did you participate in any physical activities? (variable calculated from one or more BRFSS questions)","Yes","BRFSS","%","Crude Prevalence","72.4","","","70.9","74.0","4251","Female","Gender","_TOTINDA","38","38","","","","","",""
"91130","2010","OK","Oklahoma","Physical Activity","Exercise","During the past month, did you participate in any physical activities? (variable calculated from one or more BRFSS questions)","Yes","BRFSS","%","Crude Prevalence","72.2","","","70.0","74.3","1877","Male","Gender","_TOTINDA","39","39","","","","","",""
"91131","2010","OK","Oklahoma","Physical Activity","Exercise","During the past month, did you participate in any physical activities? (variable calculated from one or more BRFSS questions)","Yes","BRFSS","%","Crude Prevalence","68.1","","","66.4","69.8","3257","Female","Gender","_TOTINDA","39","39","","","","","",""
"93521","2010","OR","Oregon","Physical Activity","Exercise","During the past month, did you participate in any physical activities? (variable calculated from one or more BRFSS questions)","Yes","BRFSS","%","Crude Prevalence","84.0","","","81.7","86.2","1592","Male","Gender","_TOTINDA","40","40","","","","","",""
"93522","2010","OR","Oregon","Physical Activity","Exercise","During the past month, did you participate in any physical activities? (variable calculated from one or more BRFSS questions)","Yes","BRFSS","%","Crude Prevalence","81.1","","","79.2","83.1","2449","Female","Gender","_TOTINDA","40","40","","","","","",""
"95871","2010","PA","Pennsylvania","Physical Activity","Exercise","During the past month, did you participate in any physical activities? (variable calculated from one or more BRFSS questions)","Yes","BRFSS","%","Crude Prevalence","77.1","","","75.3","78.8","3149","Male","Gender","_TOTINDA","41","41","","","","","",""
"95872","2010","PA","Pennsylvania","Physical Activity","Exercise","During the past month, did you participate in any physical activities? (variable calculated from one or more BRFSS questions)","Yes","BRFSS","%","Crude Prevalence","71.5","","","70.1","72.9","4788","Female","Gender","_TOTINDA","41","41","","","","","",""
"100237","2010","RI","Rhode Island","Physical Activity","Exercise","During the past month, did you participate in any physical activities? (variable calculated from one or more BRFSS questions)","Yes","BRFSS","%","Crude Prevalence","79.3","","","77.1","81.5","1764","Male","Gender","_TOTINDA","42","42","","","","","",""
"100238","2010","RI","Rhode Island","Physical Activity","Exercise","During the past month, did you participate in any physical activities? (variable calculated from one or more BRFSS questions)","Yes","BRFSS","%","Crude Prevalence","72.8","","","70.8","74.7","2933","Female","Gender","_TOTINDA","42","42","","","","","",""
"103147","2010","SC","South Carolina","Physical Activity","Exercise","During the past month, did you participate in any physical activities? (variable calculated from one or more BRFSS questions)","Yes","BRFSS","%","Crude Prevalence","75.6","","","72.8","78.4","2614","Male","Gender","_TOTINDA","43","43","","","","","",""
"103148","2010","SC","South Carolina","Physical Activity","Exercise","During the past month, did you participate in any physical activities? (variable calculated from one or more BRFSS questions)","Yes","BRFSS","%","Crude Prevalence","69.0","","","67.0","71.0","3876","Female","Gender","_TOTINDA","43","43","","","","","",""
"105605","2010","SD","South Dakota","Physical Activity","Exercise","During the past month, did you participate in any physical activities? (variable calculated from one or more BRFSS questions)","Yes","BRFSS","%","Crude Prevalence","76.6","","","74.4","78.7","1864","Male","Gender","_TOTINDA","44","44","","","","","",""
"105606","2010","SD","South Dakota","Physical Activity","Exercise","During the past month, did you participate in any physical activities? (variable calculated from one or more BRFSS questions)","Yes","BRFSS","%","Crude Prevalence","74.1","","","72.0","76.2","2892","Female","Gender","_TOTINDA","44","44","","","","","",""
"108045","2010","TN","Tennessee","Physical Activity","Exercise","During the past month, did you participate in any physical activities? (variable calculated from one or more BRFSS questions)","Yes","BRFSS","%","Crude Prevalence","71.1","","","67.6","74.6","1250","Male","Gender","_TOTINDA","45","45","","","","","",""
"108046","2010","TN","Tennessee","Physical Activity","Exercise","During the past month, did you participate in any physical activities? (variable calculated from one or more BRFSS questions)","Yes","BRFSS","%","Crude Prevalence","69.1","","","67.1","71.1","2558","Female","Gender","_TOTINDA","45","45","","","","","",""
"110100","2010","TX","Texas","Physical Activity","Exercise","During the past month, did you participate in any physical activities? (variable calculated from one or more BRFSS questions)","Yes","BRFSS","%","Crude Prevalence","76.6","","","74.5","78.8","4793","Male","Gender","_TOTINDA","46","46","","","","","",""
"110101","2010","TX","Texas","Physical Activity","Exercise","During the past month, did you participate in any physical activities? (variable calculated from one or more BRFSS questions)","Yes","BRFSS","%","Crude Prevalence","70.2","","","68.5","71.8","7613","Female","Gender","_TOTINDA","46","46","","","","","",""
"112299","2010","UT","Utah","Physical Activity","Exercise","During the past month, did you participate in any physical activities? (variable calculated from one or more BRFSS questions)","Yes","BRFSS","%","Crude Prevalence","82.2","","","80.5","83.9","3460","Male","Gender","_TOTINDA","47","47","","","","","",""
"112300","2010","UT","Utah","Physical Activity","Exercise","During the past month, did you participate in any physical activities? (variable calculated from one or more BRFSS questions)","Yes","BRFSS","%","Crude Prevalence","81.9","","","80.5","83.4","4650","Female","Gender","_TOTINDA","47","47","","","","","",""
"115717","2010","VT","Vermont","Physical Activity","Exercise","During the past month, did you participate in any physical activities? (variable calculated from one or more BRFSS questions)","Yes","BRFSS","%","Crude Prevalence","82.4","","","80.5","84.4","2195","Male","Gender","_TOTINDA","48","48","","","","","",""
"115718","2010","VT","Vermont","Physical Activity","Exercise","During the past month, did you participate in any physical activities? (variable calculated from one or more BRFSS questions)","Yes","BRFSS","%","Crude Prevalence","81.7","","","80.3","83.2","3179","Female","Gender","_TOTINDA","48","48","","","","","",""
"120623","2010","VA","Virginia","Physical Activity","Exercise","During the past month, did you participate in any physical activities? (variable calculated from one or more BRFSS questions)","Yes","BRFSS","%","Crude Prevalence","78.7","","","75.6","81.8","1506","Male","Gender","_TOTINDA","49","49","","","","","",""
"120624","2010","VA","Virginia","Physical Activity","Exercise","During the past month, did you participate in any physical activities? (variable calculated from one or more BRFSS questions)","Yes","BRFSS","%","Crude Prevalence","74.7","","","72.4","77.1","2336","Female","Gender","_TOTINDA","49","49","","","","","",""
"122283","2010","WA","Washington","Physical Activity","Exercise","During the past month, did you participate in any physical activities? (variable calculated from one or more BRFSS questions)","Yes","BRFSS","%","Crude Prevalence","82.0","","","80.8","83.3","6238","Male","Gender","_TOTINDA","50","50","","","","","",""
"122284","2010","WA","Washington","Physical Activity","Exercise","During the past month, did you participate in any physical activities? (variable calculated from one or more BRFSS questions)","Yes","BRFSS","%","Crude Prevalence","81.4","","","80.4","82.4","9371","Female","Gender","_TOTINDA","50","50","","","","","",""
"125411","2010","WV","West Virginia","Physical Activity","Exercise","During the past month, did you participate in any physical activities? (variable calculated from one or more BRFSS questions)","Yes","BRFSS","%","Crude Prevalence","68.6","","","65.8","71.4","1123","Male","Gender","_TOTINDA","51","51","","","","","",""
"125412","2010","WV","West Virginia","Physical Activity","Exercise","During the past month, did you participate in any physical activities? (variable calculated from one or more BRFSS questions)","Yes","BRFSS","%","Crude Prevalence","65.7","","","63.4","68.0","1728","Female","Gender","_TOTINDA","51","51","","","","","",""
"127573","2010","WI","Wisconsin","Physical Activity","Exercise","During the past month, did you participate in any physical activities? (variable calculated from one or more BRFSS questions)","Yes","BRFSS","%","Crude Prevalence","76.6","","","73.6","79.7","1431","Male","Gender","_TOTINDA","52","52","","","","","",""
"127574","2010","WI","Wisconsin","Physical Activity","Exercise","During the past month, did you participate in any physical activities? (variable calculated from one or more BRFSS questions)","Yes","BRFSS","%","Crude Prevalence","77.6","","","75.3","80.0","2112","Female","Gender","_TOTINDA","52","52","","","","","",""
"129374","2010","WY","Wyoming","Physical Activity","Exercise","During the past month, did you participate in any physical activities? (variable calculated from one or more BRFSS questions)","Yes","BRFSS","%","Crude Prevalence","78.8","","","76.6","80.9","1728","Male","Gender","_TOTINDA","53","53","","","","","",""
"129375","2010","WY","Wyoming","Physical Activity","Exercise","During the past month, did you participate in any physical activities? (variable calculated from one or more BRFSS questions)","Yes","BRFSS","%","Crude Prevalence","76.9","","","75.1","78.7","2565","Female","Gender","_TOTINDA","53","53","","","","","",""
"27977","2010","GU","Guam","Physical Activity","Exercise","During the past month, did you participate in any physical activities? (variable calculated from one or more BRFSS questions)","Yes","BRFSS","%","Crude Prevalence","81.6","","","77.0","86.2","261","Male","Gender","_TOTINDA","56","56","","","","","",""
"27978","2010","GU","Guam","Physical Activity","Exercise","During the past month, did you participate in any physical activities? (variable calculated from one or more BRFSS questions)","Yes","BRFSS","%","Crude Prevalence","68.7","","","62.9","74.4","316","Female","Gender","_TOTINDA","56","56","","","","","",""
"98853","2010","PR","Puerto Rico","Physical Activity","Exercise","During the past month, did you participate in any physical activities? (variable calculated from one or more BRFSS questions)","Yes","BRFSS","%","Crude Prevalence","64.3","","","60.9","67.7","768","Male","Gender","_TOTINDA","60","60","","","","","",""
"98854","2010","PR","Puerto Rico","Physical Activity","Exercise","During the past month, did you participate in any physical activities? (variable calculated from one or more BRFSS questions)","Yes","BRFSS","%","Crude Prevalence","51.8","","","48.9","54.6","1106","Female","Gender","_TOTINDA","60","60","","","","","",""
"117221","2010","VI","Virgin Islands","Physical Activity","Exercise","During the past month, did you participate in any physical activities? (variable calculated from one or more BRFSS questions)","Yes","BRFSS","%","Crude Prevalence","73.3","","","68.3","78.2","453","Male","Gender","_TOTINDA","62","62","","","","","",""
"117222","2010","VI","Virgin Islands","Physical Activity","Exercise","During the past month, did you participate in any physical activities? (variable calculated from one or more BRFSS questions)","Yes","BRFSS","%","Crude Prevalence","63.8","","","60.2","67.3","820","Female","Gender","_TOTINDA","62","62","","","","","",""
"","","","","","","","","","","","","","","","","","","","","","","Datasource","","Behavioral Risk Factor Surveillance System","http://www.cdc.gov/brfss","BRFSS","CDC"
"","","","","","","","","","","","","","","","","","","","","","","MeasureDefinitions","%","Percent","","",""
"","","","","","","","","","","","","","","","","","","","","","","MeasureDefinitions","CI","95% Confidence Interval","","",""
"","","","","","","","","","","","","","","","","","","","","","","MeasureDefinitions","n","“Sample Size”. Translates to the number of adult respondents who answered this question, or were assigned to this category based on question responses for a calculated variable, or the number of states included for a median.","","",""
"","","","","","","","","","","","","","","","","","","","","","","MeasureDefinitions","N/A","Translates to no data available for a record.","","",""
"","","","","","","","","","","","","","","","","","","","","","","MeasureDefinitions","No Data","Translates to no data available for record.","","",""
"","","","","","","","","","","","","","","","","","","","","","","SuggestedCitation","","Centers for Disease Control and Prevention, National Center for Chronic Disease Prevention and Health Promotion, Division of Population Health. BRFSS Prevalence & Trends Data [online]. 2015.","https://www.cdc.gov/brfss/brfssprevalence/","",""
"","","","","","","","","","","","","","","","","","","","","","","RelatedLinks","","Prevalence Data and Data Analysis Tools","/brfss/data_tools.htm","",""
"","","","","","","","","","","","","","","","","","","","","","","RelatedLinks","","Behavioral Risk Factor Surveillance System (BRFSS)","/brfss/index.html","",""
"","","","","","","","","","","","","","","","","","","","","","","RelatedLinks","","Division of Population Health","/nccdphp/dph/index.html","",""
"","","","","","","","","","","","","","","","","","","","","","","RelatedLinks","","Survey Data & Documentation","/brfss/data_documentation/index.htm","",""
