﻿"ID","Year","LocationAbbr","LocationDesc","Class","Topic","Indicator","Response","DataSource","Data_Value_Unit","Data_Value_Type","Data_Value","Data_Value_Footnote_Symbol","Data_Value_Footnote","Low_Confidence_Limit","High_Confidence_Limit","Sample_Size","Stratification","StratificationType","IndicatorId","LocationOrder","ParentStateDisplayOrder","FootnoteType","FootNoteSymbol","FootnoteText","URL","DatasourceAbbr","Agency"
"1775877","2011","AL","Alabama","Physical Activity","Exercise","During the past month, did you participate in any physical activities? (variable calculated from one or more BRFSS questions)","Yes","BRFSS","%","Crude Prevalence","70.4","","","67.9","72.8","1782","Male","Gender","_TOTINDA","3","3","","","","","",""
"1775879","2011","AL","Alabama","Physical Activity","Exercise","During the past month, did you participate in any physical activities? (variable calculated from one or more BRFSS questions)","Yes","BRFSS","%","Crude Prevalence","64.7","","","62.9","66.6","3074","Female","Gender","_TOTINDA","3","3","","","","","",""
"1778466","2011","AK","Alaska","Physical Activity","Exercise","During the past month, did you participate in any physical activities? (variable calculated from one or more BRFSS questions)","Yes","BRFSS","%","Crude Prevalence","79.9","","","77.5","82.4","1175","Male","Gender","_TOTINDA","4","4","","","","","",""
"1778468","2011","AK","Alaska","Physical Activity","Exercise","During the past month, did you participate in any physical activities? (variable calculated from one or more BRFSS questions)","Yes","BRFSS","%","Crude Prevalence","76.0","","","73.0","78.9","1398","Female","Gender","_TOTINDA","4","4","","","","","",""
"1781443","2011","AZ","Arizona","Physical Activity","Exercise","During the past month, did you participate in any physical activities? (variable calculated from one or more BRFSS questions)","Yes","BRFSS","%","Crude Prevalence","76.3","","","73.1","79.5","1869","Male","Gender","_TOTINDA","5","5","","","","","",""
"1781445","2011","AZ","Arizona","Physical Activity","Exercise","During the past month, did you participate in any physical activities? (variable calculated from one or more BRFSS questions)","Yes","BRFSS","%","Crude Prevalence","75.5","","","72.7","78.4","2787","Female","Gender","_TOTINDA","5","5","","","","","",""
"1784167","2011","AR","Arkansas","Physical Activity","Exercise","During the past month, did you participate in any physical activities? (variable calculated from one or more BRFSS questions)","Yes","BRFSS","%","Crude Prevalence","72.5","","","69.3","75.6","1094","Male","Gender","_TOTINDA","6","6","","","","","",""
"1784169","2011","AR","Arkansas","Physical Activity","Exercise","During the past month, did you participate in any physical activities? (variable calculated from one or more BRFSS questions)","Yes","BRFSS","%","Crude Prevalence","65.9","","","63.2","68.6","1798","Female","Gender","_TOTINDA","6","6","","","","","",""
"1786747","2011","CA","California","Physical Activity","Exercise","During the past month, did you participate in any physical activities? (variable calculated from one or more BRFSS questions)","Yes","BRFSS","%","Crude Prevalence","81.9","","","80.6","83.2","5696","Male","Gender","_TOTINDA","7","7","","","","","",""
"1786749","2011","CA","California","Physical Activity","Exercise","During the past month, did you participate in any physical activities? (variable calculated from one or more BRFSS questions)","Yes","BRFSS","%","Crude Prevalence","79.9","","","78.8","81.0","8036","Female","Gender","_TOTINDA","7","7","","","","","",""
"1790001","2011","CO","Colorado","Physical Activity","Exercise","During the past month, did you participate in any physical activities? (variable calculated from one or more BRFSS questions)","Yes","BRFSS","%","Crude Prevalence","84.1","","","82.6","85.6","4480","Male","Gender","_TOTINDA","8","8","","","","","",""
"1790003","2011","CO","Colorado","Physical Activity","Exercise","During the past month, did you participate in any physical activities? (variable calculated from one or more BRFSS questions)","Yes","BRFSS","%","Crude Prevalence","82.9","","","81.7","84.2","6069","Female","Gender","_TOTINDA","8","8","","","","","",""
"1792304","2011","CT","Connecticut","Physical Activity","Exercise","During the past month, did you participate in any physical activities? (variable calculated from one or more BRFSS questions)","Yes","BRFSS","%","Crude Prevalence","76.1","","","73.8","78.4","1926","Male","Gender","_TOTINDA","9","9","","","","","",""
"1792306","2011","CT","Connecticut","Physical Activity","Exercise","During the past month, did you participate in any physical activities? (variable calculated from one or more BRFSS questions)","Yes","BRFSS","%","Crude Prevalence","73.0","","","71.0","75.1","3001","Female","Gender","_TOTINDA","9","9","","","","","",""
"1794941","2011","DE","Delaware","Physical Activity","Exercise","During the past month, did you participate in any physical activities? (variable calculated from one or more BRFSS questions)","Yes","BRFSS","%","Crude Prevalence","73.4","","","70.5","76.3","1355","Male","Gender","_TOTINDA","10","10","","","","","",""
"1794943","2011","DE","Delaware","Physical Activity","Exercise","During the past month, did you participate in any physical activities? (variable calculated from one or more BRFSS questions)","Yes","BRFSS","%","Crude Prevalence","72.6","","","70.3","74.8","2064","Female","Gender","_TOTINDA","10","10","","","","","",""
"1798281","2011","DC","District of Columbia","Physical Activity","Exercise","During the past month, did you participate in any physical activities? (variable calculated from one or more BRFSS questions)","Yes","BRFSS","%","Crude Prevalence","82.3","","","79.6","85.0","1379","Male","Gender","_TOTINDA","11","11","","","","","",""
"1798283","2011","DC","District of Columbia","Physical Activity","Exercise","During the past month, did you participate in any physical activities? (variable calculated from one or more BRFSS questions)","Yes","BRFSS","%","Crude Prevalence","78.4","","","76.1","80.8","2106","Female","Gender","_TOTINDA","11","11","","","","","",""
"1800968","2011","FL","Florida","Physical Activity","Exercise","During the past month, did you participate in any physical activities? (variable calculated from one or more BRFSS questions)","Yes","BRFSS","%","Crude Prevalence","75.6","","","73.7","77.6","3435","Male","Gender","_TOTINDA","12","12","","","","","",""
"1800970","2011","FL","Florida","Physical Activity","Exercise","During the past month, did you participate in any physical activities? (variable calculated from one or more BRFSS questions)","Yes","BRFSS","%","Crude Prevalence","70.8","","","69.1","72.5","4874","Female","Gender","_TOTINDA","12","12","","","","","",""
"1802676","2011","GA","Georgia","Physical Activity","Exercise","During the past month, did you participate in any physical activities? (variable calculated from one or more BRFSS questions)","Yes","BRFSS","%","Crude Prevalence","76.4","","","74.3","78.5","2509","Male","Gender","_TOTINDA","13","13","","","","","",""
"1802678","2011","GA","Georgia","Physical Activity","Exercise","During the past month, did you participate in any physical activities? (variable calculated from one or more BRFSS questions)","Yes","BRFSS","%","Crude Prevalence","70.4","","","68.6","72.1","4230","Female","Gender","_TOTINDA","13","13","","","","","",""
"1806244","2011","HI","Hawaii","Physical Activity","Exercise","During the past month, did you participate in any physical activities? (variable calculated from one or more BRFSS questions)","Yes","BRFSS","%","Crude Prevalence","81.9","","","79.8","84.0","2589","Male","Gender","_TOTINDA","14","14","","","","","",""
"1806246","2011","HI","Hawaii","Physical Activity","Exercise","During the past month, did you participate in any physical activities? (variable calculated from one or more BRFSS questions)","Yes","BRFSS","%","Crude Prevalence","75.6","","","73.5","77.7","3260","Female","Gender","_TOTINDA","14","14","","","","","",""
"1808488","2011","ID","Idaho","Physical Activity","Exercise","During the past month, did you participate in any physical activities? (variable calculated from one or more BRFSS questions)","Yes","BRFSS","%","Crude Prevalence","79.4","","","76.9","81.8","1812","Male","Gender","_TOTINDA","15","15","","","","","",""
"1808490","2011","ID","Idaho","Physical Activity","Exercise","During the past month, did you participate in any physical activities? (variable calculated from one or more BRFSS questions)","Yes","BRFSS","%","Crude Prevalence","77.8","","","75.6","80.0","2673","Female","Gender","_TOTINDA","15","15","","","","","",""
"1811827","2011","IL","Illinois","Physical Activity","Exercise","During the past month, did you participate in any physical activities? (variable calculated from one or more BRFSS questions)","Yes","BRFSS","%","Crude Prevalence","76.8","","","74.2","79.4","1598","Male","Gender","_TOTINDA","16","16","","","","","",""
"1811829","2011","IL","Illinois","Physical Activity","Exercise","During the past month, did you participate in any physical activities? (variable calculated from one or more BRFSS questions)","Yes","BRFSS","%","Crude Prevalence","73.1","","","70.9","75.3","2268","Female","Gender","_TOTINDA","16","16","","","","","",""
"1814387","2011","IN","Indiana","Physical Activity","Exercise","During the past month, did you participate in any physical activities? (variable calculated from one or more BRFSS questions)","Yes","BRFSS","%","Crude Prevalence","70.8","","","68.7","73.0","2166","Male","Gender","_TOTINDA","17","17","","","","","",""
"1814389","2011","IN","Indiana","Physical Activity","Exercise","During the past month, did you participate in any physical activities? (variable calculated from one or more BRFSS questions)","Yes","BRFSS","%","Crude Prevalence","70.7","","","69.0","72.5","3304","Female","Gender","_TOTINDA","17","17","","","","","",""
"1817028","2011","IA","Iowa","Physical Activity","Exercise","During the past month, did you participate in any physical activities? (variable calculated from one or more BRFSS questions)","Yes","BRFSS","%","Crude Prevalence","73.2","","","71.3","75.2","2107","Male","Gender","_TOTINDA","18","18","","","","","",""
"1817030","2011","IA","Iowa","Physical Activity","Exercise","During the past month, did you participate in any physical activities? (variable calculated from one or more BRFSS questions)","Yes","BRFSS","%","Crude Prevalence","75.0","","","73.3","76.7","3026","Female","Gender","_TOTINDA","18","18","","","","","",""
"1820254","2011","KS","Kansas","Physical Activity","Exercise","During the past month, did you participate in any physical activities? (variable calculated from one or more BRFSS questions)","Yes","BRFSS","%","Crude Prevalence","72.8","","","71.6","74.1","5751","Male","Gender","_TOTINDA","19","19","","","","","",""
"1820256","2011","KS","Kansas","Physical Activity","Exercise","During the past month, did you participate in any physical activities? (variable calculated from one or more BRFSS questions)","Yes","BRFSS","%","Crude Prevalence","73.5","","","72.5","74.5","8781","Female","Gender","_TOTINDA","19","19","","","","","",""
"1822697","2011","KY","Kentucky","Physical Activity","Exercise","During the past month, did you participate in any physical activities? (variable calculated from one or more BRFSS questions)","Yes","BRFSS","%","Crude Prevalence","71.9","","","69.7","74.1","2402","Male","Gender","_TOTINDA","20","20","","","","","",""
"1822699","2011","KY","Kentucky","Physical Activity","Exercise","During the past month, did you participate in any physical activities? (variable calculated from one or more BRFSS questions)","Yes","BRFSS","%","Crude Prevalence","69.5","","","67.7","71.4","4413","Female","Gender","_TOTINDA","20","20","","","","","",""
"1825155","2011","LA","Louisiana","Physical Activity","Exercise","During the past month, did you participate in any physical activities? (variable calculated from one or more BRFSS questions)","Yes","BRFSS","%","Crude Prevalence","69.8","","","67.4","72.1","2364","Male","Gender","_TOTINDA","21","21","","","","","",""
"1825157","2011","LA","Louisiana","Physical Activity","Exercise","During the past month, did you participate in any physical activities? (variable calculated from one or more BRFSS questions)","Yes","BRFSS","%","Crude Prevalence","63.0","","","61.2","64.7","4441","Female","Gender","_TOTINDA","21","21","","","","","",""
"1827800","2011","ME","Maine","Physical Activity","Exercise","During the past month, did you participate in any physical activities? (variable calculated from one or more BRFSS questions)","Yes","BRFSS","%","Crude Prevalence","76.8","","","75.3","78.3","3789","Male","Gender","_TOTINDA","22","22","","","","","",""
"1827802","2011","ME","Maine","Physical Activity","Exercise","During the past month, did you participate in any physical activities? (variable calculated from one or more BRFSS questions)","Yes","BRFSS","%","Crude Prevalence","77.2","","","75.9","78.4","5975","Female","Gender","_TOTINDA","22","22","","","","","",""
"1830480","2011","MD","Maryland","Physical Activity","Exercise","During the past month, did you participate in any physical activities? (variable calculated from one or more BRFSS questions)","Yes","BRFSS","%","Crude Prevalence","75.7","","","73.5","77.9","2772","Male","Gender","_TOTINDA","23","23","","","","","",""
"1830482","2011","MD","Maryland","Physical Activity","Exercise","During the past month, did you participate in any physical activities? (variable calculated from one or more BRFSS questions)","Yes","BRFSS","%","Crude Prevalence","72.2","","","70.5","73.9","4376","Female","Gender","_TOTINDA","23","23","","","","","",""
"1833655","2011","MA","Massachusetts","Physical Activity","Exercise","During the past month, did you participate in any physical activities? (variable calculated from one or more BRFSS questions)","Yes","BRFSS","%","Crude Prevalence","77.9","","","76.4","79.3","6018","Male","Gender","_TOTINDA","24","24","","","","","",""
"1833657","2011","MA","Massachusetts","Physical Activity","Exercise","During the past month, did you participate in any physical activities? (variable calculated from one or more BRFSS questions)","Yes","BRFSS","%","Crude Prevalence","75.2","","","73.9","76.4","9303","Female","Gender","_TOTINDA","24","24","","","","","",""
"1836232","2011","MI","Michigan","Physical Activity","Exercise","During the past month, did you participate in any physical activities? (variable calculated from one or more BRFSS questions)","Yes","BRFSS","%","Crude Prevalence","78.0","","","76.2","79.8","3380","Male","Gender","_TOTINDA","25","25","","","","","",""
"1836234","2011","MI","Michigan","Physical Activity","Exercise","During the past month, did you participate in any physical activities? (variable calculated from one or more BRFSS questions)","Yes","BRFSS","%","Crude Prevalence","75.0","","","73.5","76.6","4739","Female","Gender","_TOTINDA","25","25","","","","","",""
"1838858","2011","MN","Minnesota","Physical Activity","Exercise","During the past month, did you participate in any physical activities? (variable calculated from one or more BRFSS questions)","Yes","BRFSS","%","Crude Prevalence","78.3","","","76.8","79.7","5026","Male","Gender","_TOTINDA","26","26","","","","","",""
"1838860","2011","MN","Minnesota","Physical Activity","Exercise","During the past month, did you participate in any physical activities? (variable calculated from one or more BRFSS questions)","Yes","BRFSS","%","Crude Prevalence","78.0","","","76.6","79.3","6518","Female","Gender","_TOTINDA","26","26","","","","","",""
"1841938","2011","MS","Mississippi","Physical Activity","Exercise","During the past month, did you participate in any physical activities? (variable calculated from one or more BRFSS questions)","Yes","BRFSS","%","Crude Prevalence","66.9","","","64.6","69.1","1981","Male","Gender","_TOTINDA","27","27","","","","","",""
"1841940","2011","MS","Mississippi","Physical Activity","Exercise","During the past month, did you participate in any physical activities? (variable calculated from one or more BRFSS questions)","Yes","BRFSS","%","Crude Prevalence","61.5","","","59.7","63.3","3426","Female","Gender","_TOTINDA","27","27","","","","","",""
"1843945","2011","MO","Missouri","Physical Activity","Exercise","During the past month, did you participate in any physical activities? (variable calculated from one or more BRFSS questions)","Yes","BRFSS","%","Crude Prevalence","71.9","","","69.3","74.4","1665","Male","Gender","_TOTINDA","28","28","","","","","",""
"1843947","2011","MO","Missouri","Physical Activity","Exercise","During the past month, did you participate in any physical activities? (variable calculated from one or more BRFSS questions)","Yes","BRFSS","%","Crude Prevalence","71.3","","","69.3","73.3","2577","Female","Gender","_TOTINDA","28","28","","","","","",""
"1846871","2011","MT","Montana","Physical Activity","Exercise","During the past month, did you participate in any physical activities? (variable calculated from one or more BRFSS questions)","Yes","BRFSS","%","Crude Prevalence","75.5","","","73.5","77.4","3115","Male","Gender","_TOTINDA","29","29","","","","","",""
"1846873","2011","MT","Montana","Physical Activity","Exercise","During the past month, did you participate in any physical activities? (variable calculated from one or more BRFSS questions)","Yes","BRFSS","%","Crude Prevalence","75.7","","","74.0","77.4","4192","Female","Gender","_TOTINDA","29","29","","","","","",""
"1849801","2011","NE","Nebraska","Physical Activity","Exercise","During the past month, did you participate in any physical activities? (variable calculated from one or more BRFSS questions)","Yes","BRFSS","%","Crude Prevalence","72.8","","","71.6","74.0","6818","Male","Gender","_TOTINDA","30","30","","","","","",""
"1849803","2011","NE","Nebraska","Physical Activity","Exercise","During the past month, did you participate in any physical activities? (variable calculated from one or more BRFSS questions)","Yes","BRFSS","%","Crude Prevalence","74.6","","","73.5","75.7","10481","Female","Gender","_TOTINDA","30","30","","","","","",""
"1853046","2011","NV","Nevada","Physical Activity","Exercise","During the past month, did you participate in any physical activities? (variable calculated from one or more BRFSS questions)","Yes","BRFSS","%","Crude Prevalence","77.3","","","74.0","80.5","1670","Male","Gender","_TOTINDA","31","31","","","","","",""
"1853048","2011","NV","Nevada","Physical Activity","Exercise","During the past month, did you participate in any physical activities? (variable calculated from one or more BRFSS questions)","Yes","BRFSS","%","Crude Prevalence","74.1","","","71.3","77.0","2296","Female","Gender","_TOTINDA","31","31","","","","","",""
"1855201","2011","NH","New Hampshire","Physical Activity","Exercise","During the past month, did you participate in any physical activities? (variable calculated from one or more BRFSS questions)","Yes","BRFSS","%","Crude Prevalence","76.8","","","74.5","79.1","2049","Male","Gender","_TOTINDA","32","32","","","","","",""
"1855203","2011","NH","New Hampshire","Physical Activity","Exercise","During the past month, did you participate in any physical activities? (variable calculated from one or more BRFSS questions)","Yes","BRFSS","%","Crude Prevalence","78.3","","","76.6","80.0","3019","Female","Gender","_TOTINDA","32","32","","","","","",""
"1858076","2011","NJ","New Jersey","Physical Activity","Exercise","During the past month, did you participate in any physical activities? (variable calculated from one or more BRFSS questions)","Yes","BRFSS","%","Crude Prevalence","76.1","","","74.5","77.8","4163","Male","Gender","_TOTINDA","33","33","","","","","",""
"1858078","2011","NJ","New Jersey","Physical Activity","Exercise","During the past month, did you participate in any physical activities? (variable calculated from one or more BRFSS questions)","Yes","BRFSS","%","Crude Prevalence","71.3","","","69.8","72.7","6191","Female","Gender","_TOTINDA","33","33","","","","","",""
"1861286","2011","NM","New Mexico","Physical Activity","Exercise","During the past month, did you participate in any physical activities? (variable calculated from one or more BRFSS questions)","Yes","BRFSS","%","Crude Prevalence","75.9","","","74.0","77.7","2682","Male","Gender","_TOTINDA","34","34","","","","","",""
"1861288","2011","NM","New Mexico","Physical Activity","Exercise","During the past month, did you participate in any physical activities? (variable calculated from one or more BRFSS questions)","Yes","BRFSS","%","Crude Prevalence","73.6","","","72.0","75.2","3879","Female","Gender","_TOTINDA","34","34","","","","","",""
"1863756","2011","NY","New York","Physical Activity","Exercise","During the past month, did you participate in any physical activities? (variable calculated from one or more BRFSS questions)","Yes","BRFSS","%","Crude Prevalence","76.1","","","74.0","78.2","2262","Male","Gender","_TOTINDA","35","35","","","","","",""
"1863758","2011","NY","New York","Physical Activity","Exercise","During the past month, did you participate in any physical activities? (variable calculated from one or more BRFSS questions)","Yes","BRFSS","%","Crude Prevalence","71.6","","","69.7","73.4","3165","Female","Gender","_TOTINDA","35","35","","","","","",""
"1865570","2011","NC","North Carolina","Physical Activity","Exercise","During the past month, did you participate in any physical activities? (variable calculated from one or more BRFSS questions)","Yes","BRFSS","%","Crude Prevalence","75.5","","","73.4","77.5","3144","Male","Gender","_TOTINDA","36","36","","","","","",""
"1865572","2011","NC","North Carolina","Physical Activity","Exercise","During the past month, did you participate in any physical activities? (variable calculated from one or more BRFSS questions)","Yes","BRFSS","%","Crude Prevalence","71.3","","","69.5","73.0","4909","Female","Gender","_TOTINDA","36","36","","","","","",""
"1869126","2011","ND","North Dakota","Physical Activity","Exercise","During the past month, did you participate in any physical activities? (variable calculated from one or more BRFSS questions)","Yes","BRFSS","%","Crude Prevalence","71.8","","","69.4","74.2","1490","Male","Gender","_TOTINDA","37","37","","","","","",""
"1869128","2011","ND","North Dakota","Physical Activity","Exercise","During the past month, did you participate in any physical activities? (variable calculated from one or more BRFSS questions)","Yes","BRFSS","%","Crude Prevalence","74.0","","","72.0","76.0","2126","Female","Gender","_TOTINDA","37","37","","","","","",""
"1871541","2011","OH","Ohio","Physical Activity","Exercise","During the past month, did you participate in any physical activities? (variable calculated from one or more BRFSS questions)","Yes","BRFSS","%","Crude Prevalence","74.7","","","72.8","76.7","2601","Male","Gender","_TOTINDA","38","38","","","","","",""
"1871543","2011","OH","Ohio","Physical Activity","Exercise","During the past month, did you participate in any physical activities? (variable calculated from one or more BRFSS questions)","Yes","BRFSS","%","Crude Prevalence","71.4","","","69.8","73.1","4131","Female","Gender","_TOTINDA","38","38","","","","","",""
"1874644","2011","OK","Oklahoma","Physical Activity","Exercise","During the past month, did you participate in any physical activities? (variable calculated from one or more BRFSS questions)","Yes","BRFSS","%","Crude Prevalence","69.3","","","67.1","71.5","2060","Male","Gender","_TOTINDA","39","39","","","","","",""
"1874646","2011","OK","Oklahoma","Physical Activity","Exercise","During the past month, did you participate in any physical activities? (variable calculated from one or more BRFSS questions)","Yes","BRFSS","%","Crude Prevalence","68.3","","","66.6","70.0","3404","Female","Gender","_TOTINDA","39","39","","","","","",""
"1876889","2011","OR","Oregon","Physical Activity","Exercise","During the past month, did you participate in any physical activities? (variable calculated from one or more BRFSS questions)","Yes","BRFSS","%","Crude Prevalence","79.2","","","76.7","81.6","1974","Male","Gender","_TOTINDA","40","40","","","","","",""
"1876891","2011","OR","Oregon","Physical Activity","Exercise","During the past month, did you participate in any physical activities? (variable calculated from one or more BRFSS questions)","Yes","BRFSS","%","Crude Prevalence","81.3","","","79.5","83.0","2817","Female","Gender","_TOTINDA","40","40","","","","","",""
"1880050","2011","PA","Pennsylvania","Physical Activity","Exercise","During the past month, did you participate in any physical activities? (variable calculated from one or more BRFSS questions)","Yes","BRFSS","%","Crude Prevalence","76.1","","","74.3","77.8","3317","Male","Gender","_TOTINDA","41","41","","","","","",""
"1880052","2011","PA","Pennsylvania","Physical Activity","Exercise","During the past month, did you participate in any physical activities? (variable calculated from one or more BRFSS questions)","Yes","BRFSS","%","Crude Prevalence","71.7","","","70.1","73.3","4574","Female","Gender","_TOTINDA","41","41","","","","","",""
"1883209","2011","RI","Rhode Island","Physical Activity","Exercise","During the past month, did you participate in any physical activities? (variable calculated from one or more BRFSS questions)","Yes","BRFSS","%","Crude Prevalence","75.5","","","73.3","77.8","1816","Male","Gender","_TOTINDA","42","42","","","","","",""
"1883211","2011","RI","Rhode Island","Physical Activity","Exercise","During the past month, did you participate in any physical activities? (variable calculated from one or more BRFSS questions)","Yes","BRFSS","%","Crude Prevalence","72.3","","","70.4","74.2","2800","Female","Gender","_TOTINDA","42","42","","","","","",""
"1885677","2011","SC","South Carolina","Physical Activity","Exercise","During the past month, did you participate in any physical activities? (variable calculated from one or more BRFSS questions)","Yes","BRFSS","%","Crude Prevalence","75.3","","","73.4","77.2","3649","Male","Gender","_TOTINDA","43","43","","","","","",""
"1885679","2011","SC","South Carolina","Physical Activity","Exercise","During the past month, did you participate in any physical activities? (variable calculated from one or more BRFSS questions)","Yes","BRFSS","%","Crude Prevalence","70.5","","","68.8","72.2","5302","Female","Gender","_TOTINDA","43","43","","","","","",""
"1887888","2011","SD","South Dakota","Physical Activity","Exercise","During the past month, did you participate in any physical activities? (variable calculated from one or more BRFSS questions)","Yes","BRFSS","%","Crude Prevalence","70.8","","","67.8","73.8","2288","Male","Gender","_TOTINDA","44","44","","","","","",""
"1887890","2011","SD","South Dakota","Physical Activity","Exercise","During the past month, did you participate in any physical activities? (variable calculated from one or more BRFSS questions)","Yes","BRFSS","%","Crude Prevalence","75.2","","","72.9","77.6","3507","Female","Gender","_TOTINDA","44","44","","","","","",""
"1890646","2011","TN","Tennessee","Physical Activity","Exercise","During the past month, did you participate in any physical activities? (variable calculated from one or more BRFSS questions)","Yes","BRFSS","%","Crude Prevalence","67.1","","","63.1","71.1","1135","Male","Gender","_TOTINDA","45","45","","","","","",""
"1890648","2011","TN","Tennessee","Physical Activity","Exercise","During the past month, did you participate in any physical activities? (variable calculated from one or more BRFSS questions)","Yes","BRFSS","%","Crude Prevalence","62.8","","","59.4","66.3","2281","Female","Gender","_TOTINDA","45","45","","","","","",""
"1894282","2011","TX","Texas","Physical Activity","Exercise","During the past month, did you participate in any physical activities? (variable calculated from one or more BRFSS questions)","Yes","BRFSS","%","Crude Prevalence","74.0","","","72.0","76.1","4010","Male","Gender","_TOTINDA","46","46","","","","","",""
"1894284","2011","TX","Texas","Physical Activity","Exercise","During the past month, did you participate in any physical activities? (variable calculated from one or more BRFSS questions)","Yes","BRFSS","%","Crude Prevalence","71.6","","","69.9","73.3","6159","Female","Gender","_TOTINDA","46","46","","","","","",""
"1896148","2011","UT","Utah","Physical Activity","Exercise","During the past month, did you participate in any physical activities? (variable calculated from one or more BRFSS questions)","Yes","BRFSS","%","Crude Prevalence","81.7","","","80.3","83.1","4299","Male","Gender","_TOTINDA","47","47","","","","","",""
"1896150","2011","UT","Utah","Physical Activity","Exercise","During the past month, did you participate in any physical activities? (variable calculated from one or more BRFSS questions)","Yes","BRFSS","%","Crude Prevalence","80.5","","","79.2","81.7","5441","Female","Gender","_TOTINDA","47","47","","","","","",""
"1898629","2011","VT","Vermont","Physical Activity","Exercise","During the past month, did you participate in any physical activities? (variable calculated from one or more BRFSS questions)","Yes","BRFSS","%","Crude Prevalence","77.9","","","75.9","79.9","2157","Male","Gender","_TOTINDA","48","48","","","","","",""
"1898631","2011","VT","Vermont","Physical Activity","Exercise","During the past month, did you participate in any physical activities? (variable calculated from one or more BRFSS questions)","Yes","BRFSS","%","Crude Prevalence","80.1","","","78.4","81.7","3302","Female","Gender","_TOTINDA","48","48","","","","","",""
"1902355","2011","VA","Virginia","Physical Activity","Exercise","During the past month, did you participate in any physical activities? (variable calculated from one or more BRFSS questions)","Yes","BRFSS","%","Crude Prevalence","76.6","","","74.1","79.0","1915","Male","Gender","_TOTINDA","49","49","","","","","",""
"1901770","2011","VA","Virginia","Physical Activity","Exercise","During the past month, did you participate in any physical activities? (variable calculated from one or more BRFSS questions)","Yes","BRFSS","%","Crude Prevalence","73.4","","","71.3","75.6","2673","Female","Gender","_TOTINDA","49","49","","","","","",""
"1905202","2011","WA","Washington","Physical Activity","Exercise","During the past month, did you participate in any physical activities? (variable calculated from one or more BRFSS questions)","Yes","BRFSS","%","Crude Prevalence","78.2","","","76.4","80.0","4634","Male","Gender","_TOTINDA","50","50","","","","","",""
"1905204","2011","WA","Washington","Physical Activity","Exercise","During the past month, did you participate in any physical activities? (variable calculated from one or more BRFSS questions)","Yes","BRFSS","%","Crude Prevalence","77.9","","","76.4","79.4","6723","Female","Gender","_TOTINDA","50","50","","","","","",""
"1906698","2011","WV","West Virginia","Physical Activity","Exercise","During the past month, did you participate in any physical activities? (variable calculated from one or more BRFSS questions)","Yes","BRFSS","%","Crude Prevalence","67.5","","","65.1","69.9","1356","Male","Gender","_TOTINDA","51","51","","","","","",""
"1906700","2011","WV","West Virginia","Physical Activity","Exercise","During the past month, did you participate in any physical activities? (variable calculated from one or more BRFSS questions)","Yes","BRFSS","%","Crude Prevalence","62.5","","","60.5","64.5","1929","Female","Gender","_TOTINDA","51","51","","","","","",""
"1909940","2011","WI","Wisconsin","Physical Activity","Exercise","During the past month, did you participate in any physical activities? (variable calculated from one or more BRFSS questions)","Yes","BRFSS","%","Crude Prevalence","77.0","","","74.3","79.6","1523","Male","Gender","_TOTINDA","52","52","","","","","",""
"1909942","2011","WI","Wisconsin","Physical Activity","Exercise","During the past month, did you participate in any physical activities? (variable calculated from one or more BRFSS questions)","Yes","BRFSS","%","Crude Prevalence","77.7","","","75.3","80.0","2143","Female","Gender","_TOTINDA","52","52","","","","","",""
"1913271","2011","WY","Wyoming","Physical Activity","Exercise","During the past month, did you participate in any physical activities? (variable calculated from one or more BRFSS questions)","Yes","BRFSS","%","Crude Prevalence","73.4","","","71.1","75.7","1965","Male","Gender","_TOTINDA","53","53","","","","","",""
"1913273","2011","WY","Wyoming","Physical Activity","Exercise","During the past month, did you participate in any physical activities? (variable calculated from one or more BRFSS questions)","Yes","BRFSS","%","Crude Prevalence","75.7","","","73.6","77.7","2869","Female","Gender","_TOTINDA","53","53","","","","","",""
"1915885","2011","GU","Guam","Physical Activity","Exercise","During the past month, did you participate in any physical activities? (variable calculated from one or more BRFSS questions)","Yes","BRFSS","%","Crude Prevalence","73.0","","","69.1","76.9","567","Male","Gender","_TOTINDA","56","56","","","","","",""
"1915887","2011","GU","Guam","Physical Activity","Exercise","During the past month, did you participate in any physical activities? (variable calculated from one or more BRFSS questions)","Yes","BRFSS","%","Crude Prevalence","60.2","","","56.5","64.0","652","Female","Gender","_TOTINDA","56","56","","","","","",""
"1918143","2011","PR","Puerto Rico","Physical Activity","Exercise","During the past month, did you participate in any physical activities? (variable calculated from one or more BRFSS questions)","Yes","BRFSS","%","Crude Prevalence","60.4","","","58.1","62.8","1421","Male","Gender","_TOTINDA","60","60","","","","","",""
"1918145","2011","PR","Puerto Rico","Physical Activity","Exercise","During the past month, did you participate in any physical activities? (variable calculated from one or more BRFSS questions)","Yes","BRFSS","%","Crude Prevalence","45.8","","","43.9","47.7","1810","Female","Gender","_TOTINDA","60","60","","","","","",""
"","","","","","","","","","","","","","","","","","","","","","","Datasource","","Behavioral Risk Factor Surveillance System","http://www.cdc.gov/brfss","BRFSS","CDC"
"","","","","","","","","","","","","","","","","","","","","","","MeasureDefinitions","%","Percent","","",""
"","","","","","","","","","","","","","","","","","","","","","","MeasureDefinitions","CI","95% Confidence Interval","","",""
"","","","","","","","","","","","","","","","","","","","","","","MeasureDefinitions","n","“Sample Size”. Translates to the number of adult respondents who answered this question, or were assigned to this category based on question responses for a calculated variable, or the number of states included for a median.","","",""
"","","","","","","","","","","","","","","","","","","","","","","MeasureDefinitions","N/A","Translates to no data available for a record.","","",""
"","","","","","","","","","","","","","","","","","","","","","","MeasureDefinitions","No Data","Translates to no data available for record.","","",""
"","","","","","","","","","","","","","","","","","","","","","","SuggestedCitation","","Centers for Disease Control and Prevention, National Center for Chronic Disease Prevention and Health Promotion, Division of Population Health. BRFSS Prevalence & Trends Data [online]. 2015.","https://www.cdc.gov/brfss/brfssprevalence/","",""
"","","","","","","","","","","","","","","","","","","","","","","RelatedLinks","","Prevalence Data and Data Analysis Tools","/brfss/data_tools.htm","",""
"","","","","","","","","","","","","","","","","","","","","","","RelatedLinks","","Behavioral Risk Factor Surveillance System (BRFSS)","/brfss/index.html","",""
"","","","","","","","","","","","","","","","","","","","","","","RelatedLinks","","Division of Population Health","/nccdphp/dph/index.html","",""
"","","","","","","","","","","","","","","","","","","","","","","RelatedLinks","","Survey Data & Documentation","/brfss/data_documentation/index.htm","",""
