﻿"ID","Year","LocationAbbr","LocationDesc","Class","Topic","Indicator","Response","DataSource","Data_Value_Unit","Data_Value_Type","Data_Value","Data_Value_Footnote_Symbol","Data_Value_Footnote","Low_Confidence_Limit","High_Confidence_Limit","Sample_Size","Stratification","StratificationType","IndicatorId","LocationOrder","ParentStateDisplayOrder","FootnoteType","FootNoteSymbol","FootnoteText","URL","DatasourceAbbr","Agency"
"1921120","2012","AL","Alabama","Physical Activity","Exercise","During the past month, did you participate in any physical activities? (variable calculated from one or more BRFSS questions)","Yes","BRFSS","%","Crude Prevalence","76.3","","","74.1","78.4","2307","Male","Gender","_TOTINDA","3","3","","","","","",""
"1921122","2012","AL","Alabama","Physical Activity","Exercise","During the past month, did you participate in any physical activities? (variable calculated from one or more BRFSS questions)","Yes","BRFSS","%","Crude Prevalence","69.6","","","67.9","71.3","4008","Female","Gender","_TOTINDA","3","3","","","","","",""
"1924161","2012","AK","Alaska","Physical Activity","Exercise","During the past month, did you participate in any physical activities? (variable calculated from one or more BRFSS questions)","Yes","BRFSS","%","Crude Prevalence","83.1","","","80.9","85.2","1605","Male","Gender","_TOTINDA","4","4","","","","","",""
"1924163","2012","AK","Alaska","Physical Activity","Exercise","During the past month, did you participate in any physical activities? (variable calculated from one or more BRFSS questions)","Yes","BRFSS","%","Crude Prevalence","79.9","","","77.5","82.3","1860","Female","Gender","_TOTINDA","4","4","","","","","",""
"1926853","2012","AZ","Arizona","Physical Activity","Exercise","During the past month, did you participate in any physical activities? (variable calculated from one or more BRFSS questions)","Yes","BRFSS","%","Crude Prevalence","78.9","","","76.5","81.3","2340","Male","Gender","_TOTINDA","5","5","","","","","",""
"1926855","2012","AZ","Arizona","Physical Activity","Exercise","During the past month, did you participate in any physical activities? (variable calculated from one or more BRFSS questions)","Yes","BRFSS","%","Crude Prevalence","76.1","","","73.8","78.3","3207","Female","Gender","_TOTINDA","5","5","","","","","",""
"1929500","2012","AR","Arkansas","Physical Activity","Exercise","During the past month, did you participate in any physical activities? (variable calculated from one or more BRFSS questions)","Yes","BRFSS","%","Crude Prevalence","70.8","","","68.1","73.5","1363","Male","Gender","_TOTINDA","6","6","","","","","",""
"1929502","2012","AR","Arkansas","Physical Activity","Exercise","During the past month, did you participate in any physical activities? (variable calculated from one or more BRFSS questions)","Yes","BRFSS","%","Crude Prevalence","66.3","","","64.1","68.6","2061","Female","Gender","_TOTINDA","6","6","","","","","",""
"1932759","2012","CA","California","Physical Activity","Exercise","During the past month, did you participate in any physical activities? (variable calculated from one or more BRFSS questions)","Yes","BRFSS","%","Crude Prevalence","82.8","","","81.4","84.2","4801","Male","Gender","_TOTINDA","7","7","","","","","",""
"1932761","2012","CA","California","Physical Activity","Exercise","During the past month, did you participate in any physical activities? (variable calculated from one or more BRFSS questions)","Yes","BRFSS","%","Crude Prevalence","78.9","","","77.5","80.3","6227","Female","Gender","_TOTINDA","7","7","","","","","",""
"1934874","2012","CO","Colorado","Physical Activity","Exercise","During the past month, did you participate in any physical activities? (variable calculated from one or more BRFSS questions)","Yes","BRFSS","%","Crude Prevalence","84.2","","","82.8","85.6","4502","Male","Gender","_TOTINDA","8","8","","","","","",""
"1934876","2012","CO","Colorado","Physical Activity","Exercise","During the past month, did you participate in any physical activities? (variable calculated from one or more BRFSS questions)","Yes","BRFSS","%","Crude Prevalence","81.7","","","80.5","83.0","5620","Female","Gender","_TOTINDA","8","8","","","","","",""
"1937918","2012","CT","Connecticut","Physical Activity","Exercise","During the past month, did you participate in any physical activities? (variable calculated from one or more BRFSS questions)","Yes","BRFSS","%","Crude Prevalence","79.2","","","77.2","81.1","2896","Male","Gender","_TOTINDA","9","9","","","","","",""
"1937920","2012","CT","Connecticut","Physical Activity","Exercise","During the past month, did you participate in any physical activities? (variable calculated from one or more BRFSS questions)","Yes","BRFSS","%","Crude Prevalence","76.7","","","75.1","78.3","3834","Female","Gender","_TOTINDA","9","9","","","","","",""
"1941236","2012","DE","Delaware","Physical Activity","Exercise","During the past month, did you participate in any physical activities? (variable calculated from one or more BRFSS questions)","Yes","BRFSS","%","Crude Prevalence","79.4","","","77.0","81.8","1579","Male","Gender","_TOTINDA","10","10","","","","","",""
"1941238","2012","DE","Delaware","Physical Activity","Exercise","During the past month, did you participate in any physical activities? (variable calculated from one or more BRFSS questions)","Yes","BRFSS","%","Crude Prevalence","73.9","","","71.8","76.0","2326","Female","Gender","_TOTINDA","10","10","","","","","",""
"1943540","2012","DC","District of Columbia","Physical Activity","Exercise","During the past month, did you participate in any physical activities? (variable calculated from one or more BRFSS questions)","Yes","BRFSS","%","Crude Prevalence","82.4","","","79.5","85.3","1268","Male","Gender","_TOTINDA","11","11","","","","","",""
"1944288","2012","DC","District of Columbia","Physical Activity","Exercise","During the past month, did you participate in any physical activities? (variable calculated from one or more BRFSS questions)","Yes","BRFSS","%","Crude Prevalence","82.7","","","80.5","85.0","1801","Female","Gender","_TOTINDA","11","11","","","","","",""
"1946887","2012","FL","Florida","Physical Activity","Exercise","During the past month, did you participate in any physical activities? (variable calculated from one or more BRFSS questions)","Yes","BRFSS","%","Crude Prevalence","79.8","","","77.6","81.9","2371","Male","Gender","_TOTINDA","12","12","","","","","",""
"1946889","2012","FL","Florida","Physical Activity","Exercise","During the past month, did you participate in any physical activities? (variable calculated from one or more BRFSS questions)","Yes","BRFSS","%","Crude Prevalence","73.9","","","71.9","75.9","3350","Female","Gender","_TOTINDA","12","12","","","","","",""
"1948860","2012","GA","Georgia","Physical Activity","Exercise","During the past month, did you participate in any physical activities? (variable calculated from one or more BRFSS questions)","Yes","BRFSS","%","Crude Prevalence","78.7","","","76.5","81.0","1737","Male","Gender","_TOTINDA","13","13","","","","","",""
"1948862","2012","GA","Georgia","Physical Activity","Exercise","During the past month, did you participate in any physical activities? (variable calculated from one or more BRFSS questions)","Yes","BRFSS","%","Crude Prevalence","74.3","","","72.4","76.2","2672","Female","Gender","_TOTINDA","13","13","","","","","",""
"1951771","2012","HI","Hawaii","Physical Activity","Exercise","During the past month, did you participate in any physical activities? (variable calculated from one or more BRFSS questions)","Yes","BRFSS","%","Crude Prevalence","85.2","","","83.4","87.1","2983","Male","Gender","_TOTINDA","14","14","","","","","",""
"1951773","2012","HI","Hawaii","Physical Activity","Exercise","During the past month, did you participate in any physical activities? (variable calculated from one or more BRFSS questions)","Yes","BRFSS","%","Crude Prevalence","77.4","","","75.3","79.5","3241","Female","Gender","_TOTINDA","14","14","","","","","",""
"1955097","2012","ID","Idaho","Physical Activity","Exercise","During the past month, did you participate in any physical activities? (variable calculated from one or more BRFSS questions)","Yes","BRFSS","%","Crude Prevalence","79.9","","","77.2","82.6","1865","Male","Gender","_TOTINDA","15","15","","","","","",""
"1955099","2012","ID","Idaho","Physical Activity","Exercise","During the past month, did you participate in any physical activities? (variable calculated from one or more BRFSS questions)","Yes","BRFSS","%","Crude Prevalence","79.6","","","77.2","81.9","2683","Female","Gender","_TOTINDA","15","15","","","","","",""
"1957484","2012","IL","Illinois","Physical Activity","Exercise","During the past month, did you participate in any physical activities? (variable calculated from one or more BRFSS questions)","Yes","BRFSS","%","Crude Prevalence","79.9","","","77.5","82.3","1736","Male","Gender","_TOTINDA","16","16","","","","","",""
"1957486","2012","IL","Illinois","Physical Activity","Exercise","During the past month, did you participate in any physical activities? (variable calculated from one or more BRFSS questions)","Yes","BRFSS","%","Crude Prevalence","76.6","","","74.6","78.7","2463","Female","Gender","_TOTINDA","16","16","","","","","",""
"1960797","2012","IN","Indiana","Physical Activity","Exercise","During the past month, did you participate in any physical activities? (variable calculated from one or more BRFSS questions)","Yes","BRFSS","%","Crude Prevalence","75.7","","","73.8","77.5","2509","Male","Gender","_TOTINDA","17","17","","","","","",""
"1960799","2012","IN","Indiana","Physical Activity","Exercise","During the past month, did you participate in any physical activities? (variable calculated from one or more BRFSS questions)","Yes","BRFSS","%","Crude Prevalence","72.6","","","71.0","74.2","3657","Female","Gender","_TOTINDA","17","17","","","","","",""
"1962947","2012","IA","Iowa","Physical Activity","Exercise","During the past month, did you participate in any physical activities? (variable calculated from one or more BRFSS questions)","Yes","BRFSS","%","Crude Prevalence","76.9","","","75.1","78.7","2224","Male","Gender","_TOTINDA","18","18","","","","","",""
"1962949","2012","IA","Iowa","Physical Activity","Exercise","During the past month, did you participate in any physical activities? (variable calculated from one or more BRFSS questions)","Yes","BRFSS","%","Crude Prevalence","76.8","","","75.3","78.4","3141","Female","Gender","_TOTINDA","18","18","","","","","",""
"1966382","2012","KS","Kansas","Physical Activity","Exercise","During the past month, did you participate in any physical activities? (variable calculated from one or more BRFSS questions)","Yes","BRFSS","%","Crude Prevalence","79.2","","","77.6","80.7","3650","Male","Gender","_TOTINDA","19","19","","","","","",""
"1966384","2012","KS","Kansas","Physical Activity","Exercise","During the past month, did you participate in any physical activities? (variable calculated from one or more BRFSS questions)","Yes","BRFSS","%","Crude Prevalence","75.1","","","73.7","76.5","5332","Female","Gender","_TOTINDA","19","19","","","","","",""
"1968619","2012","KY","Kentucky","Physical Activity","Exercise","During the past month, did you participate in any physical activities? (variable calculated from one or more BRFSS questions)","Yes","BRFSS","%","Crude Prevalence","72.5","","","70.5","74.5","2806","Male","Gender","_TOTINDA","20","20","","","","","",""
"1968621","2012","KY","Kentucky","Physical Activity","Exercise","During the past month, did you participate in any physical activities? (variable calculated from one or more BRFSS questions)","Yes","BRFSS","%","Crude Prevalence","68.2","","","66.6","69.9","4663","Female","Gender","_TOTINDA","20","20","","","","","",""
"1971904","2012","LA","Louisiana","Physical Activity","Exercise","During the past month, did you participate in any physical activities? (variable calculated from one or more BRFSS questions)","Yes","BRFSS","%","Crude Prevalence","74.2","","","71.8","76.5","2094","Male","Gender","_TOTINDA","21","21","","","","","",""
"1971906","2012","LA","Louisiana","Physical Activity","Exercise","During the past month, did you participate in any physical activities? (variable calculated from one or more BRFSS questions)","Yes","BRFSS","%","Crude Prevalence","66.3","","","64.4","68.3","3859","Female","Gender","_TOTINDA","21","21","","","","","",""
"1975158","2012","ME","Maine","Physical Activity","Exercise","During the past month, did you participate in any physical activities? (variable calculated from one or more BRFSS questions)","Yes","BRFSS","%","Crude Prevalence","79.1","","","77.6","80.6","3289","Male","Gender","_TOTINDA","22","22","","","","","",""
"1975160","2012","ME","Maine","Physical Activity","Exercise","During the past month, did you participate in any physical activities? (variable calculated from one or more BRFSS questions)","Yes","BRFSS","%","Crude Prevalence","79.1","","","77.8","80.4","4471","Female","Gender","_TOTINDA","22","22","","","","","",""
"1977691","2012","MD","Maryland","Physical Activity","Exercise","During the past month, did you participate in any physical activities? (variable calculated from one or more BRFSS questions)","Yes","BRFSS","%","Crude Prevalence","79.9","","","78.0","81.7","3853","Male","Gender","_TOTINDA","23","23","","","","","",""
"1977693","2012","MD","Maryland","Physical Activity","Exercise","During the past month, did you participate in any physical activities? (variable calculated from one or more BRFSS questions)","Yes","BRFSS","%","Crude Prevalence","74.3","","","72.6","76.0","5818","Female","Gender","_TOTINDA","23","23","","","","","",""
"1980461","2012","MA","Massachusetts","Physical Activity","Exercise","During the past month, did you participate in any physical activities? (variable calculated from one or more BRFSS questions)","Yes","BRFSS","%","Crude Prevalence","81.7","","","80.5","82.9","6907","Male","Gender","_TOTINDA","24","24","","","","","",""
"1980463","2012","MA","Massachusetts","Physical Activity","Exercise","During the past month, did you participate in any physical activities? (variable calculated from one or more BRFSS questions)","Yes","BRFSS","%","Crude Prevalence","78.9","","","77.8","80.0","9760","Female","Gender","_TOTINDA","24","24","","","","","",""
"1982984","2012","MI","Michigan","Physical Activity","Exercise","During the past month, did you participate in any physical activities? (variable calculated from one or more BRFSS questions)","Yes","BRFSS","%","Crude Prevalence","78.6","","","76.8","80.3","3286","Male","Gender","_TOTINDA","25","25","","","","","",""
"1982986","2012","MI","Michigan","Physical Activity","Exercise","During the past month, did you participate in any physical activities? (variable calculated from one or more BRFSS questions)","Yes","BRFSS","%","Crude Prevalence","74.9","","","73.4","76.4","4660","Female","Gender","_TOTINDA","25","25","","","","","",""
"1985733","2012","MN","Minnesota","Physical Activity","Exercise","During the past month, did you participate in any physical activities? (variable calculated from one or more BRFSS questions)","Yes","BRFSS","%","Crude Prevalence","83.3","","","81.9","84.6","4340","Male","Gender","_TOTINDA","26","26","","","","","",""
"1985735","2012","MN","Minnesota","Physical Activity","Exercise","During the past month, did you participate in any physical activities? (variable calculated from one or more BRFSS questions)","Yes","BRFSS","%","Crude Prevalence","81.7","","","80.4","82.9","5645","Female","Gender","_TOTINDA","26","26","","","","","",""
"1989251","2012","MS","Mississippi","Physical Activity","Exercise","During the past month, did you participate in any physical activities? (variable calculated from one or more BRFSS questions)","Yes","BRFSS","%","Crude Prevalence","72.4","","","70.1","74.7","1933","Male","Gender","_TOTINDA","27","27","","","","","",""
"1989253","2012","MS","Mississippi","Physical Activity","Exercise","During the past month, did you participate in any physical activities? (variable calculated from one or more BRFSS questions)","Yes","BRFSS","%","Crude Prevalence","66.2","","","64.4","68.1","3231","Female","Gender","_TOTINDA","27","27","","","","","",""
"1991492","2012","MO","Missouri","Physical Activity","Exercise","During the past month, did you participate in any physical activities? (variable calculated from one or more BRFSS questions)","Yes","BRFSS","%","Crude Prevalence","78.4","","","76.2","80.6","1989","Male","Gender","_TOTINDA","28","28","","","","","",""
"1991494","2012","MO","Missouri","Physical Activity","Exercise","During the past month, did you participate in any physical activities? (variable calculated from one or more BRFSS questions)","Yes","BRFSS","%","Crude Prevalence","72.5","","","70.5","74.4","2871","Female","Gender","_TOTINDA","28","28","","","","","",""
"1993633","2012","MT","Montana","Physical Activity","Exercise","During the past month, did you participate in any physical activities? (variable calculated from one or more BRFSS questions)","Yes","BRFSS","%","Crude Prevalence","78.3","","","76.7","80.0","2863","Male","Gender","_TOTINDA","29","29","","","","","",""
"1993635","2012","MT","Montana","Physical Activity","Exercise","During the past month, did you participate in any physical activities? (variable calculated from one or more BRFSS questions)","Yes","BRFSS","%","Crude Prevalence","80.7","","","79.3","82.1","3735","Female","Gender","_TOTINDA","29","29","","","","","",""
"1996815","2012","NE","Nebraska","Physical Activity","Exercise","During the past month, did you participate in any physical activities? (variable calculated from one or more BRFSS questions)","Yes","BRFSS","%","Crude Prevalence","79.6","","","78.4","80.8","5927","Male","Gender","_TOTINDA","30","30","","","","","",""
"1996817","2012","NE","Nebraska","Physical Activity","Exercise","During the past month, did you participate in any physical activities? (variable calculated from one or more BRFSS questions)","Yes","BRFSS","%","Crude Prevalence","78.4","","","77.3","79.5","8447","Female","Gender","_TOTINDA","30","30","","","","","",""
"1999662","2012","NV","Nevada","Physical Activity","Exercise","During the past month, did you participate in any physical activities? (variable calculated from one or more BRFSS questions)","Yes","BRFSS","%","Crude Prevalence","81.0","","","78.4","83.5","1629","Male","Gender","_TOTINDA","31","31","","","","","",""
"1999664","2012","NV","Nevada","Physical Activity","Exercise","During the past month, did you participate in any physical activities? (variable calculated from one or more BRFSS questions)","Yes","BRFSS","%","Crude Prevalence","76.5","","","74.2","78.8","2147","Female","Gender","_TOTINDA","31","31","","","","","",""
"2003224","2012","NH","New Hampshire","Physical Activity","Exercise","During the past month, did you participate in any physical activities? (variable calculated from one or more BRFSS questions)","Yes","BRFSS","%","Crude Prevalence","80.8","","","78.9","82.8","2468","Male","Gender","_TOTINDA","32","32","","","","","",""
"2003226","2012","NH","New Hampshire","Physical Activity","Exercise","During the past month, did you participate in any physical activities? (variable calculated from one or more BRFSS questions)","Yes","BRFSS","%","Crude Prevalence","79.2","","","77.6","80.9","3361","Female","Gender","_TOTINDA","32","32","","","","","",""
"2005810","2012","NJ","New Jersey","Physical Activity","Exercise","During the past month, did you participate in any physical activities? (variable calculated from one or more BRFSS questions)","Yes","BRFSS","%","Crude Prevalence","77.4","","","75.9","78.9","4887","Male","Gender","_TOTINDA","33","33","","","","","",""
"2005812","2012","NJ","New Jersey","Physical Activity","Exercise","During the past month, did you participate in any physical activities? (variable calculated from one or more BRFSS questions)","Yes","BRFSS","%","Crude Prevalence","73.0","","","71.7","74.3","6667","Female","Gender","_TOTINDA","33","33","","","","","",""
"2008433","2012","NM","New Mexico","Physical Activity","Exercise","During the past month, did you participate in any physical activities? (variable calculated from one or more BRFSS questions)","Yes","BRFSS","%","Crude Prevalence","80.5","","","78.9","82.1","2857","Male","Gender","_TOTINDA","34","34","","","","","",""
"2008435","2012","NM","New Mexico","Physical Activity","Exercise","During the past month, did you participate in any physical activities? (variable calculated from one or more BRFSS questions)","Yes","BRFSS","%","Crude Prevalence","76.0","","","74.5","77.5","3893","Female","Gender","_TOTINDA","34","34","","","","","",""
"2010573","2012","NY","New York","Physical Activity","Exercise","During the past month, did you participate in any physical activities? (variable calculated from one or more BRFSS questions)","Yes","BRFSS","%","Crude Prevalence","78.4","","","76.1","80.8","1932","Male","Gender","_TOTINDA","35","35","","","","","",""
"2010575","2012","NY","New York","Physical Activity","Exercise","During the past month, did you participate in any physical activities? (variable calculated from one or more BRFSS questions)","Yes","BRFSS","%","Crude Prevalence","72.4","","","70.2","74.6","2612","Female","Gender","_TOTINDA","35","35","","","","","",""
"2014250","2012","NC","North Carolina","Physical Activity","Exercise","During the past month, did you participate in any physical activities? (variable calculated from one or more BRFSS questions)","Yes","BRFSS","%","Crude Prevalence","77.9","","","76.4","79.4","3546","Male","Gender","_TOTINDA","36","36","","","","","",""
"2014252","2012","NC","North Carolina","Physical Activity","Exercise","During the past month, did you participate in any physical activities? (variable calculated from one or more BRFSS questions)","Yes","BRFSS","%","Crude Prevalence","72.5","","","71.2","73.8","5095","Female","Gender","_TOTINDA","36","36","","","","","",""
"2016945","2012","ND","North Dakota","Physical Activity","Exercise","During the past month, did you participate in any physical activities? (variable calculated from one or more BRFSS questions)","Yes","BRFSS","%","Crude Prevalence","75.6","","","73.3","78.0","1604","Male","Gender","_TOTINDA","37","37","","","","","",""
"2016947","2012","ND","North Dakota","Physical Activity","Exercise","During the past month, did you participate in any physical activities? (variable calculated from one or more BRFSS questions)","Yes","BRFSS","%","Crude Prevalence","76.8","","","74.7","78.9","2049","Female","Gender","_TOTINDA","37","37","","","","","",""
"2019941","2012","OH","Ohio","Physical Activity","Exercise","During the past month, did you participate in any physical activities? (variable calculated from one or more BRFSS questions)","Yes","BRFSS","%","Crude Prevalence","76.6","","","75.0","78.2","3851","Male","Gender","_TOTINDA","38","38","","","","","",""
"2019943","2012","OH","Ohio","Physical Activity","Exercise","During the past month, did you participate in any physical activities? (variable calculated from one or more BRFSS questions)","Yes","BRFSS","%","Crude Prevalence","72.9","","","71.6","74.3","5482","Female","Gender","_TOTINDA","38","38","","","","","",""
"2022638","2012","OK","Oklahoma","Physical Activity","Exercise","During the past month, did you participate in any physical activities? (variable calculated from one or more BRFSS questions)","Yes","BRFSS","%","Crude Prevalence","72.6","","","70.7","74.6","2255","Male","Gender","_TOTINDA","39","39","","","","","",""
"2022640","2012","OK","Oklahoma","Physical Activity","Exercise","During the past month, did you participate in any physical activities? (variable calculated from one or more BRFSS questions)","Yes","BRFSS","%","Crude Prevalence","70.9","","","69.2","72.5","3210","Female","Gender","_TOTINDA","39","39","","","","","",""
"2025086","2012","OR","Oregon","Physical Activity","Exercise","During the past month, did you participate in any physical activities? (variable calculated from one or more BRFSS questions)","Yes","BRFSS","%","Crude Prevalence","84.1","","","82.0","86.2","1794","Male","Gender","_TOTINDA","40","40","","","","","",""
"2025088","2012","OR","Oregon","Physical Activity","Exercise","During the past month, did you participate in any physical activities? (variable calculated from one or more BRFSS questions)","Yes","BRFSS","%","Crude Prevalence","83.4","","","81.8","85.1","2580","Female","Gender","_TOTINDA","40","40","","","","","",""
"2028359","2012","PA","Pennsylvania","Physical Activity","Exercise","During the past month, did you participate in any physical activities? (variable calculated from one or more BRFSS questions)","Yes","BRFSS","%","Crude Prevalence","78.8","","","77.5","80.1","6396","Male","Gender","_TOTINDA","41","41","","","","","",""
"2028361","2012","PA","Pennsylvania","Physical Activity","Exercise","During the past month, did you participate in any physical activities? (variable calculated from one or more BRFSS questions)","Yes","BRFSS","%","Crude Prevalence","74.4","","","73.2","75.6","8414","Female","Gender","_TOTINDA","41","41","","","","","",""
"2030793","2012","RI","Rhode Island","Physical Activity","Exercise","During the past month, did you participate in any physical activities? (variable calculated from one or more BRFSS questions)","Yes","BRFSS","%","Crude Prevalence","78.8","","","76.4","81.1","1660","Male","Gender","_TOTINDA","42","42","","","","","",""
"2030795","2012","RI","Rhode Island","Physical Activity","Exercise","During the past month, did you participate in any physical activities? (variable calculated from one or more BRFSS questions)","Yes","BRFSS","%","Crude Prevalence","74.4","","","72.4","76.3","2439","Female","Gender","_TOTINDA","42","42","","","","","",""
"2034164","2012","SC","South Carolina","Physical Activity","Exercise","During the past month, did you participate in any physical activities? (variable calculated from one or more BRFSS questions)","Yes","BRFSS","%","Crude Prevalence","78.7","","","77.1","80.4","3842","Male","Gender","_TOTINDA","43","43","","","","","",""
"2034166","2012","SC","South Carolina","Physical Activity","Exercise","During the past month, did you participate in any physical activities? (variable calculated from one or more BRFSS questions)","Yes","BRFSS","%","Crude Prevalence","71.4","","","69.9","72.9","5428","Female","Gender","_TOTINDA","43","43","","","","","",""
"2036512","2012","SD","South Dakota","Physical Activity","Exercise","During the past month, did you participate in any physical activities? (variable calculated from one or more BRFSS questions)","Yes","BRFSS","%","Crude Prevalence","75.5","","","73.2","77.9","2546","Male","Gender","_TOTINDA","44","44","","","","","",""
"2036514","2012","SD","South Dakota","Physical Activity","Exercise","During the past month, did you participate in any physical activities? (variable calculated from one or more BRFSS questions)","Yes","BRFSS","%","Crude Prevalence","79.4","","","77.4","81.3","3463","Female","Gender","_TOTINDA","44","44","","","","","",""
"2039146","2012","TN","Tennessee","Physical Activity","Exercise","During the past month, did you participate in any physical activities? (variable calculated from one or more BRFSS questions)","Yes","BRFSS","%","Crude Prevalence","74.4","","","72.1","76.6","1788","Male","Gender","_TOTINDA","45","45","","","","","",""
"2039148","2012","TN","Tennessee","Physical Activity","Exercise","During the past month, did you participate in any physical activities? (variable calculated from one or more BRFSS questions)","Yes","BRFSS","%","Crude Prevalence","68.6","","","66.8","70.5","2968","Female","Gender","_TOTINDA","45","45","","","","","",""
"2042219","2012","TX","Texas","Physical Activity","Exercise","During the past month, did you participate in any physical activities? (variable calculated from one or more BRFSS questions)","Yes","BRFSS","%","Crude Prevalence","74.6","","","72.7","76.6","2831","Male","Gender","_TOTINDA","46","46","","","","","",""
"2042221","2012","TX","Texas","Physical Activity","Exercise","During the past month, did you participate in any physical activities? (variable calculated from one or more BRFSS questions)","Yes","BRFSS","%","Crude Prevalence","71.0","","","69.2","72.8","3820","Female","Gender","_TOTINDA","46","46","","","","","",""
"2044725","2012","UT","Utah","Physical Activity","Exercise","During the past month, did you participate in any physical activities? (variable calculated from one or more BRFSS questions)","Yes","BRFSS","%","Crude Prevalence","84.9","","","83.5","86.3","4434","Male","Gender","_TOTINDA","47","47","","","","","",""
"2044727","2012","UT","Utah","Physical Activity","Exercise","During the past month, did you participate in any physical activities? (variable calculated from one or more BRFSS questions)","Yes","BRFSS","%","Crude Prevalence","82.0","","","80.9","83.2","5670","Female","Gender","_TOTINDA","47","47","","","","","",""
"2048277","2012","VT","Vermont","Physical Activity","Exercise","During the past month, did you participate in any physical activities? (variable calculated from one or more BRFSS questions)","Yes","BRFSS","%","Crude Prevalence","82.7","","","80.8","84.5","2044","Male","Gender","_TOTINDA","48","48","","","","","",""
"2048279","2012","VT","Vermont","Physical Activity","Exercise","During the past month, did you participate in any physical activities? (variable calculated from one or more BRFSS questions)","Yes","BRFSS","%","Crude Prevalence","82.9","","","81.4","84.4","2815","Female","Gender","_TOTINDA","48","48","","","","","",""
"2050835","2012","VA","Virginia","Physical Activity","Exercise","During the past month, did you participate in any physical activities? (variable calculated from one or more BRFSS questions)","Yes","BRFSS","%","Crude Prevalence","79.8","","","77.9","81.7","2449","Male","Gender","_TOTINDA","49","49","","","","","",""
"2050837","2012","VA","Virginia","Physical Activity","Exercise","During the past month, did you participate in any physical activities? (variable calculated from one or more BRFSS questions)","Yes","BRFSS","%","Crude Prevalence","75.4","","","73.7","77.0","3207","Female","Gender","_TOTINDA","49","49","","","","","",""
"2053410","2012","WA","Washington","Physical Activity","Exercise","During the past month, did you participate in any physical activities? (variable calculated from one or more BRFSS questions)","Yes","BRFSS","%","Crude Prevalence","82.1","","","80.8","83.3","5401","Male","Gender","_TOTINDA","50","50","","","","","",""
"2053412","2012","WA","Washington","Physical Activity","Exercise","During the past month, did you participate in any physical activities? (variable calculated from one or more BRFSS questions)","Yes","BRFSS","%","Crude Prevalence","80.0","","","78.9","81.2","6899","Female","Gender","_TOTINDA","50","50","","","","","",""
"2056089","2012","WV","West Virginia","Physical Activity","Exercise","During the past month, did you participate in any physical activities? (variable calculated from one or more BRFSS questions)","Yes","BRFSS","%","Crude Prevalence","72.8","","","70.6","74.9","1639","Male","Gender","_TOTINDA","51","51","","","","","",""
"2056091","2012","WV","West Virginia","Physical Activity","Exercise","During the past month, did you participate in any physical activities? (variable calculated from one or more BRFSS questions)","Yes","BRFSS","%","Crude Prevalence","65.5","","","63.5","67.5","2018","Female","Gender","_TOTINDA","51","51","","","","","",""
"2058635","2012","WI","Wisconsin","Physical Activity","Exercise","During the past month, did you participate in any physical activities? (variable calculated from one or more BRFSS questions)","Yes","BRFSS","%","Crude Prevalence","80.6","","","78.2","82.9","1766","Male","Gender","_TOTINDA","52","52","","","","","",""
"2058637","2012","WI","Wisconsin","Physical Activity","Exercise","During the past month, did you participate in any physical activities? (variable calculated from one or more BRFSS questions)","Yes","BRFSS","%","Crude Prevalence","78.8","","","76.6","81.0","2321","Female","Gender","_TOTINDA","52","52","","","","","",""
"2061511","2012","WY","Wyoming","Physical Activity","Exercise","During the past month, did you participate in any physical activities? (variable calculated from one or more BRFSS questions)","Yes","BRFSS","%","Crude Prevalence","80.3","","","77.9","82.7","1957","Male","Gender","_TOTINDA","53","53","","","","","",""
"2061513","2012","WY","Wyoming","Physical Activity","Exercise","During the past month, did you participate in any physical activities? (variable calculated from one or more BRFSS questions)","Yes","BRFSS","%","Crude Prevalence","77.4","","","75.2","79.6","2730","Female","Gender","_TOTINDA","53","53","","","","","",""
"2064542","2012","GU","Guam","Physical Activity","Exercise","During the past month, did you participate in any physical activities? (variable calculated from one or more BRFSS questions)","Yes","BRFSS","%","Crude Prevalence","75.3","","","71.5","79.1","670","Male","Gender","_TOTINDA","56","56","","","","","",""
"2064544","2012","GU","Guam","Physical Activity","Exercise","During the past month, did you participate in any physical activities? (variable calculated from one or more BRFSS questions)","Yes","BRFSS","%","Crude Prevalence","69.5","","","66.0","73.1","813","Female","Gender","_TOTINDA","56","56","","","","","",""
"2067393","2012","PR","Puerto Rico","Physical Activity","Exercise","During the past month, did you participate in any physical activities? (variable calculated from one or more BRFSS questions)","Yes","BRFSS","%","Crude Prevalence","65.1","","","62.9","67.3","1523","Male","Gender","_TOTINDA","60","60","","","","","",""
"2067395","2012","PR","Puerto Rico","Physical Activity","Exercise","During the past month, did you participate in any physical activities? (variable calculated from one or more BRFSS questions)","Yes","BRFSS","%","Crude Prevalence","50.9","","","49.1","52.7","2052","Female","Gender","_TOTINDA","60","60","","","","","",""
"","","","","","","","","","","","","","","","","","","","","","","Datasource","","Behavioral Risk Factor Surveillance System","http://www.cdc.gov/brfss","BRFSS","CDC"
"","","","","","","","","","","","","","","","","","","","","","","MeasureDefinitions","%","Percent","","",""
"","","","","","","","","","","","","","","","","","","","","","","MeasureDefinitions","CI","95% Confidence Interval","","",""
"","","","","","","","","","","","","","","","","","","","","","","MeasureDefinitions","n","“Sample Size”. Translates to the number of adult respondents who answered this question, or were assigned to this category based on question responses for a calculated variable, or the number of states included for a median.","","",""
"","","","","","","","","","","","","","","","","","","","","","","MeasureDefinitions","N/A","Translates to no data available for a record.","","",""
"","","","","","","","","","","","","","","","","","","","","","","MeasureDefinitions","No Data","Translates to no data available for record.","","",""
"","","","","","","","","","","","","","","","","","","","","","","SuggestedCitation","","Centers for Disease Control and Prevention, National Center for Chronic Disease Prevention and Health Promotion, Division of Population Health. BRFSS Prevalence & Trends Data [online]. 2015.","https://www.cdc.gov/brfss/brfssprevalence/","",""
"","","","","","","","","","","","","","","","","","","","","","","RelatedLinks","","Prevalence Data and Data Analysis Tools","/brfss/data_tools.htm","",""
"","","","","","","","","","","","","","","","","","","","","","","RelatedLinks","","Behavioral Risk Factor Surveillance System (BRFSS)","/brfss/index.html","",""
"","","","","","","","","","","","","","","","","","","","","","","RelatedLinks","","Division of Population Health","/nccdphp/dph/index.html","",""
"","","","","","","","","","","","","","","","","","","","","","","RelatedLinks","","Survey Data & Documentation","/brfss/data_documentation/index.htm","",""
