﻿"ID","Year","LocationAbbr","LocationDesc","Class","Topic","Indicator","Response","DataSource","Data_Value_Unit","Data_Value_Type","Data_Value","Data_Value_Footnote_Symbol","Data_Value_Footnote","Low_Confidence_Limit","High_Confidence_Limit","Sample_Size","Stratification","StratificationType","IndicatorId","LocationOrder","ParentStateDisplayOrder","FootnoteType","FootNoteSymbol","FootnoteText","URL","DatasourceAbbr","Agency"
"2071162","2013","AL","Alabama","Physical Activity","Exercise","During the past month, did you participate in any physical activities? (variable calculated from one or more BRFSS questions)","Yes","BRFSS","%","Crude Prevalence","73.1","","","70.5","75.7","1492","Male","Gender","_TOTINDA","3","3","","","","","",""
"2071164","2013","AL","Alabama","Physical Activity","Exercise","During the past month, did you participate in any physical activities? (variable calculated from one or more BRFSS questions)","Yes","BRFSS","%","Crude Prevalence","64.4","","","62.2","66.6","2595","Female","Gender","_TOTINDA","3","3","","","","","",""
"2074825","2013","AK","Alaska","Physical Activity","Exercise","During the past month, did you participate in any physical activities? (variable calculated from one or more BRFSS questions)","Yes","BRFSS","%","Crude Prevalence","77.2","","","74.5","79.8","1522","Male","Gender","_TOTINDA","4","4","","","","","",""
"2074827","2013","AK","Alaska","Physical Activity","Exercise","During the past month, did you participate in any physical activities? (variable calculated from one or more BRFSS questions)","Yes","BRFSS","%","Crude Prevalence","78.3","","","75.8","80.7","1772","Female","Gender","_TOTINDA","4","4","","","","","",""
"2079228","2013","AZ","Arizona","Physical Activity","Exercise","During the past month, did you participate in any physical activities? (variable calculated from one or more BRFSS questions)","Yes","BRFSS","%","Crude Prevalence","76.7","","","72.8","80.6","1207","Male","Gender","_TOTINDA","5","5","","","","","",""
"2079230","2013","AZ","Arizona","Physical Activity","Exercise","During the past month, did you participate in any physical activities? (variable calculated from one or more BRFSS questions)","Yes","BRFSS","%","Crude Prevalence","73.0","","","69.7","76.3","1655","Female","Gender","_TOTINDA","5","5","","","","","",""
"2082545","2013","AR","Arkansas","Physical Activity","Exercise","During the past month, did you participate in any physical activities? (variable calculated from one or more BRFSS questions)","Yes","BRFSS","%","Crude Prevalence","67.8","","","64.9","70.8","1226","Male","Gender","_TOTINDA","6","6","","","","","",""
"2082547","2013","AR","Arkansas","Physical Activity","Exercise","During the past month, did you participate in any physical activities? (variable calculated from one or more BRFSS questions)","Yes","BRFSS","%","Crude Prevalence","63.6","","","61.2","66.1","1868","Female","Gender","_TOTINDA","6","6","","","","","",""
"2085889","2013","CA","California","Physical Activity","Exercise","During the past month, did you participate in any physical activities? (variable calculated from one or more BRFSS questions)","Yes","BRFSS","%","Crude Prevalence","79.0","","","77.3","80.7","3580","Male","Gender","_TOTINDA","7","7","","","","","",""
"2085891","2013","CA","California","Physical Activity","Exercise","During the past month, did you participate in any physical activities? (variable calculated from one or more BRFSS questions)","Yes","BRFSS","%","Crude Prevalence","78.2","","","76.6","79.7","4511","Female","Gender","_TOTINDA","7","7","","","","","",""
"2090412","2013","CO","Colorado","Physical Activity","Exercise","During the past month, did you participate in any physical activities? (variable calculated from one or more BRFSS questions)","Yes","BRFSS","%","Crude Prevalence","82.7","","","81.4","84.1","4411","Male","Gender","_TOTINDA","8","8","","","","","",""
"2090414","2013","CO","Colorado","Physical Activity","Exercise","During the past month, did you participate in any physical activities? (variable calculated from one or more BRFSS questions)","Yes","BRFSS","%","Crude Prevalence","81.4","","","80.2","82.6","5657","Female","Gender","_TOTINDA","8","8","","","","","",""
"2093615","2013","CT","Connecticut","Physical Activity","Exercise","During the past month, did you participate in any physical activities? (variable calculated from one or more BRFSS questions)","Yes","BRFSS","%","Crude Prevalence","76.8","","","74.6","79.0","2251","Male","Gender","_TOTINDA","9","9","","","","","",""
"2093617","2013","CT","Connecticut","Physical Activity","Exercise","During the past month, did you participate in any physical activities? (variable calculated from one or more BRFSS questions)","Yes","BRFSS","%","Crude Prevalence","73.5","","","71.5","75.6","3102","Female","Gender","_TOTINDA","9","9","","","","","",""
"2098312","2013","DE","Delaware","Physical Activity","Exercise","During the past month, did you participate in any physical activities? (variable calculated from one or more BRFSS questions)","Yes","BRFSS","%","Crude Prevalence","75.0","","","72.5","77.5","1438","Male","Gender","_TOTINDA","10","10","","","","","",""
"2098314","2013","DE","Delaware","Physical Activity","Exercise","During the past month, did you participate in any physical activities? (variable calculated from one or more BRFSS questions)","Yes","BRFSS","%","Crude Prevalence","69.7","","","67.5","71.9","2041","Female","Gender","_TOTINDA","10","10","","","","","",""
"2102303","2013","DC","District of Columbia","Physical Activity","Exercise","During the past month, did you participate in any physical activities? (variable calculated from one or more BRFSS questions)","Yes","BRFSS","%","Crude Prevalence","83.5","","","80.6","86.5","1483","Male","Gender","_TOTINDA","11","11","","","","","",""
"2102305","2013","DC","District of Columbia","Physical Activity","Exercise","During the past month, did you participate in any physical activities? (variable calculated from one or more BRFSS questions)","Yes","BRFSS","%","Crude Prevalence","77.8","","","75.2","80.5","2091","Female","Gender","_TOTINDA","11","11","","","","","",""
"2105539","2013","FL","Florida","Physical Activity","Exercise","During the past month, did you participate in any physical activities? (variable calculated from one or more BRFSS questions)","Yes","BRFSS","%","Crude Prevalence","74.7","","","73.0","76.4","8984","Male","Gender","_TOTINDA","12","12","","","","","",""
"2105541","2013","FL","Florida","Physical Activity","Exercise","During the past month, did you participate in any physical activities? (variable calculated from one or more BRFSS questions)","Yes","BRFSS","%","Crude Prevalence","70.0","","","68.4","71.5","13200","Female","Gender","_TOTINDA","12","12","","","","","",""
"2109217","2013","GA","Georgia","Physical Activity","Exercise","During the past month, did you participate in any physical activities? (variable calculated from one or more BRFSS questions)","Yes","BRFSS","%","Crude Prevalence","77.1","","","75.0","79.2","2110","Male","Gender","_TOTINDA","13","13","","","","","",""
"2109219","2013","GA","Georgia","Physical Activity","Exercise","During the past month, did you participate in any physical activities? (variable calculated from one or more BRFSS questions)","Yes","BRFSS","%","Crude Prevalence","68.9","","","67.0","70.7","3161","Female","Gender","_TOTINDA","13","13","","","","","",""
"2112981","2013","HI","Hawaii","Physical Activity","Exercise","During the past month, did you participate in any physical activities? (variable calculated from one or more BRFSS questions)","Yes","BRFSS","%","Crude Prevalence","81.3","","","79.3","83.3","2784","Male","Gender","_TOTINDA","14","14","","","","","",""
"2112983","2013","HI","Hawaii","Physical Activity","Exercise","During the past month, did you participate in any physical activities? (variable calculated from one or more BRFSS questions)","Yes","BRFSS","%","Crude Prevalence","74.6","","","72.5","76.7","3071","Female","Gender","_TOTINDA","14","14","","","","","",""
"2116831","2013","ID","Idaho","Physical Activity","Exercise","During the past month, did you participate in any physical activities? (variable calculated from one or more BRFSS questions)","Yes","BRFSS","%","Crude Prevalence","76.1","","","73.5","78.8","1691","Male","Gender","_TOTINDA","15","15","","","","","",""
"2116833","2013","ID","Idaho","Physical Activity","Exercise","During the past month, did you participate in any physical activities? (variable calculated from one or more BRFSS questions)","Yes","BRFSS","%","Crude Prevalence","76.5","","","74.3","78.7","2287","Female","Gender","_TOTINDA","15","15","","","","","",""
"2121378","2013","IL","Illinois","Physical Activity","Exercise","During the past month, did you participate in any physical activities? (variable calculated from one or more BRFSS questions)","Yes","BRFSS","%","Crude Prevalence","76.6","","","74.1","79.1","1665","Male","Gender","_TOTINDA","16","16","","","","","",""
"2121380","2013","IL","Illinois","Physical Activity","Exercise","During the past month, did you participate in any physical activities? (variable calculated from one or more BRFSS questions)","Yes","BRFSS","%","Crude Prevalence","73.3","","","71.0","75.5","2231","Female","Gender","_TOTINDA","16","16","","","","","",""
"2125116","2013","IN","Indiana","Physical Activity","Exercise","During the past month, did you participate in any physical activities? (variable calculated from one or more BRFSS questions)","Yes","BRFSS","%","Crude Prevalence","71.2","","","69.4","73.0","2772","Male","Gender","_TOTINDA","17","17","","","","","",""
"2125118","2013","IN","Indiana","Physical Activity","Exercise","During the past month, did you participate in any physical activities? (variable calculated from one or more BRFSS questions)","Yes","BRFSS","%","Crude Prevalence","66.9","","","65.2","68.6","3725","Female","Gender","_TOTINDA","17","17","","","","","",""
"2128257","2013","IA","Iowa","Physical Activity","Exercise","During the past month, did you participate in any physical activities? (variable calculated from one or more BRFSS questions)","Yes","BRFSS","%","Crude Prevalence","71.2","","","69.2","73.3","2173","Male","Gender","_TOTINDA","18","18","","","","","",""
"2128259","2013","IA","Iowa","Physical Activity","Exercise","During the past month, did you participate in any physical activities? (variable calculated from one or more BRFSS questions)","Yes","BRFSS","%","Crude Prevalence","71.8","","","70.0","73.6","3248","Female","Gender","_TOTINDA","18","18","","","","","",""
"2132142","2013","KS","Kansas","Physical Activity","Exercise","During the past month, did you participate in any physical activities? (variable calculated from one or more BRFSS questions)","Yes","BRFSS","%","Crude Prevalence","73.8","","","72.7","74.9","6753","Male","Gender","_TOTINDA","19","19","","","","","",""
"2132144","2013","KS","Kansas","Physical Activity","Exercise","During the past month, did you participate in any physical activities? (variable calculated from one or more BRFSS questions)","Yes","BRFSS","%","Crude Prevalence","73.1","","","72.2","74.1","9339","Female","Gender","_TOTINDA","19","19","","","","","",""
"2136329","2013","KY","Kentucky","Physical Activity","Exercise","During the past month, did you participate in any physical activities? (variable calculated from one or more BRFSS questions)","Yes","BRFSS","%","Crude Prevalence","71.4","","","69.3","73.5","2512","Male","Gender","_TOTINDA","20","20","","","","","",""
"2136331","2013","KY","Kentucky","Physical Activity","Exercise","During the past month, did you participate in any physical activities? (variable calculated from one or more BRFSS questions)","Yes","BRFSS","%","Crude Prevalence","68.3","","","66.5","70.2","4365","Female","Gender","_TOTINDA","20","20","","","","","",""
"2139753","2013","LA","Louisiana","Physical Activity","Exercise","During the past month, did you participate in any physical activities? (variable calculated from one or more BRFSS questions)","Yes","BRFSS","%","Crude Prevalence","71.3","","","68.0","74.5","1192","Male","Gender","_TOTINDA","21","21","","","","","",""
"2139755","2013","LA","Louisiana","Physical Activity","Exercise","During the past month, did you participate in any physical activities? (variable calculated from one or more BRFSS questions)","Yes","BRFSS","%","Crude Prevalence","64.5","","","62.0","67.1","2106","Female","Gender","_TOTINDA","21","21","","","","","",""
"2143473","2013","ME","Maine","Physical Activity","Exercise","During the past month, did you participate in any physical activities? (variable calculated from one or more BRFSS questions)","Yes","BRFSS","%","Crude Prevalence","76.5","","","74.5","78.4","2414","Male","Gender","_TOTINDA","22","22","","","","","",""
"2143475","2013","ME","Maine","Physical Activity","Exercise","During the past month, did you participate in any physical activities? (variable calculated from one or more BRFSS questions)","Yes","BRFSS","%","Crude Prevalence","77.0","","","75.4","78.7","3467","Female","Gender","_TOTINDA","22","22","","","","","",""
"2147548","2013","MD","Maryland","Physical Activity","Exercise","During the past month, did you participate in any physical activities? (variable calculated from one or more BRFSS questions)","Yes","BRFSS","%","Crude Prevalence","76.8","","","75.0","78.6","3547","Male","Gender","_TOTINDA","23","23","","","","","",""
"2147624","2013","MD","Maryland","Physical Activity","Exercise","During the past month, did you participate in any physical activities? (variable calculated from one or more BRFSS questions)","Yes","BRFSS","%","Crude Prevalence","72.9","","","71.3","74.5","5347","Female","Gender","_TOTINDA","23","23","","","","","",""
"2150973","2013","MA","Massachusetts","Physical Activity","Exercise","During the past month, did you participate in any physical activities? (variable calculated from one or more BRFSS questions)","Yes","BRFSS","%","Crude Prevalence","77.7","","","76.0","79.5","4106","Male","Gender","_TOTINDA","24","24","","","","","",""
"2150975","2013","MA","Massachusetts","Physical Activity","Exercise","During the past month, did you participate in any physical activities? (variable calculated from one or more BRFSS questions)","Yes","BRFSS","%","Crude Prevalence","75.4","","","73.8","76.9","5894","Female","Gender","_TOTINDA","24","24","","","","","",""
"2155322","2013","MI","Michigan","Physical Activity","Exercise","During the past month, did you participate in any physical activities? (variable calculated from one or more BRFSS questions)","Yes","BRFSS","%","Crude Prevalence","76.3","","","74.7","77.8","3972","Male","Gender","_TOTINDA","25","25","","","","","",""
"2155324","2013","MI","Michigan","Physical Activity","Exercise","During the past month, did you participate in any physical activities? (variable calculated from one or more BRFSS questions)","Yes","BRFSS","%","Crude Prevalence","75.0","","","73.6","76.4","5175","Female","Gender","_TOTINDA","25","25","","","","","",""
"2158832","2013","MN","Minnesota","Physical Activity","Exercise","During the past month, did you participate in any physical activities? (variable calculated from one or more BRFSS questions)","Yes","BRFSS","%","Crude Prevalence","76.4","","","74.4","78.4","4480","Male","Gender","_TOTINDA","26","26","","","","","",""
"2158834","2013","MN","Minnesota","Physical Activity","Exercise","During the past month, did you participate in any physical activities? (variable calculated from one or more BRFSS questions)","Yes","BRFSS","%","Crude Prevalence","76.7","","","74.8","78.6","5942","Female","Gender","_TOTINDA","26","26","","","","","",""
"2162772","2013","MS","Mississippi","Physical Activity","Exercise","During the past month, did you participate in any physical activities? (variable calculated from one or more BRFSS questions)","Yes","BRFSS","%","Crude Prevalence","66.5","","","63.9","69.1","1597","Male","Gender","_TOTINDA","27","27","","","","","",""
"2162774","2013","MS","Mississippi","Physical Activity","Exercise","During the past month, did you participate in any physical activities? (variable calculated from one or more BRFSS questions)","Yes","BRFSS","%","Crude Prevalence","57.7","","","55.6","59.9","2575","Female","Gender","_TOTINDA","27","27","","","","","",""
"2166490","2013","MO","Missouri","Physical Activity","Exercise","During the past month, did you participate in any physical activities? (variable calculated from one or more BRFSS questions)","Yes","BRFSS","%","Crude Prevalence","72.1","","","69.6","74.6","1888","Male","Gender","_TOTINDA","28","28","","","","","",""
"2166492","2013","MO","Missouri","Physical Activity","Exercise","During the past month, did you participate in any physical activities? (variable calculated from one or more BRFSS questions)","Yes","BRFSS","%","Crude Prevalence","71.4","","","69.3","73.4","2823","Female","Gender","_TOTINDA","28","28","","","","","",""
"2170200","2013","MT","Montana","Physical Activity","Exercise","During the past month, did you participate in any physical activities? (variable calculated from one or more BRFSS questions)","Yes","BRFSS","%","Crude Prevalence","76.5","","","74.7","78.2","3033","Male","Gender","_TOTINDA","29","29","","","","","",""
"2170569","2013","MT","Montana","Physical Activity","Exercise","During the past month, did you participate in any physical activities? (variable calculated from one or more BRFSS questions)","Yes","BRFSS","%","Crude Prevalence","78.5","","","76.9","80.1","3830","Female","Gender","_TOTINDA","29","29","","","","","",""
"2173716","2013","NE","Nebraska","Physical Activity","Exercise","During the past month, did you participate in any physical activities? (variable calculated from one or more BRFSS questions)","Yes","BRFSS","%","Crude Prevalence","73.7","","","72.0","75.4","4616","Male","Gender","_TOTINDA","30","30","","","","","",""
"2173718","2013","NE","Nebraska","Physical Activity","Exercise","During the past month, did you participate in any physical activities? (variable calculated from one or more BRFSS questions)","Yes","BRFSS","%","Crude Prevalence","75.7","","","74.3","77.1","7096","Female","Gender","_TOTINDA","30","30","","","","","",""
"2178444","2013","NV","Nevada","Physical Activity","Exercise","During the past month, did you participate in any physical activities? (variable calculated from one or more BRFSS questions)","Yes","BRFSS","%","Crude Prevalence","79.8","","","76.6","82.9","1623","Male","Gender","_TOTINDA","31","31","","","","","",""
"2178446","2013","NV","Nevada","Physical Activity","Exercise","During the past month, did you participate in any physical activities? (variable calculated from one or more BRFSS questions)","Yes","BRFSS","%","Crude Prevalence","72.8","","","69.7","75.9","1994","Female","Gender","_TOTINDA","31","31","","","","","",""
"2181934","2013","NH","New Hampshire","Physical Activity","Exercise","During the past month, did you participate in any physical activities? (variable calculated from one or more BRFSS questions)","Yes","BRFSS","%","Crude Prevalence","78.3","","","76.0","80.5","1964","Male","Gender","_TOTINDA","32","32","","","","","",""
"2181936","2013","NH","New Hampshire","Physical Activity","Exercise","During the past month, did you participate in any physical activities? (variable calculated from one or more BRFSS questions)","Yes","BRFSS","%","Crude Prevalence","77.1","","","75.1","79.0","2672","Female","Gender","_TOTINDA","32","32","","","","","",""
"2186058","2013","NJ","New Jersey","Physical Activity","Exercise","During the past month, did you participate in any physical activities? (variable calculated from one or more BRFSS questions)","Yes","BRFSS","%","Crude Prevalence","76.7","","","75.0","78.4","3957","Male","Gender","_TOTINDA","33","33","","","","","",""
"2186060","2013","NJ","New Jersey","Physical Activity","Exercise","During the past month, did you participate in any physical activities? (variable calculated from one or more BRFSS questions)","Yes","BRFSS","%","Crude Prevalence","70.0","","","68.2","71.7","4908","Female","Gender","_TOTINDA","33","33","","","","","",""
"2189814","2013","NM","New Mexico","Physical Activity","Exercise","During the past month, did you participate in any physical activities? (variable calculated from one or more BRFSS questions)","Yes","BRFSS","%","Crude Prevalence","77.1","","","75.1","79.1","2745","Male","Gender","_TOTINDA","34","34","","","","","",""
"2189816","2013","NM","New Mexico","Physical Activity","Exercise","During the past month, did you participate in any physical activities? (variable calculated from one or more BRFSS questions)","Yes","BRFSS","%","Crude Prevalence","74.4","","","72.6","76.2","3618","Female","Gender","_TOTINDA","34","34","","","","","",""
"2193208","2013","NY","New York","Physical Activity","Exercise","During the past month, did you participate in any physical activities? (variable calculated from one or more BRFSS questions)","Yes","BRFSS","%","Crude Prevalence","75.1","","","73.1","77.1","2560","Male","Gender","_TOTINDA","35","35","","","","","",""
"2193210","2013","NY","New York","Physical Activity","Exercise","During the past month, did you participate in any physical activities? (variable calculated from one or more BRFSS questions)","Yes","BRFSS","%","Crude Prevalence","71.6","","","69.9","73.4","3432","Female","Gender","_TOTINDA","35","35","","","","","",""
"2197452","2013","NC","North Carolina","Physical Activity","Exercise","During the past month, did you participate in any physical activities? (variable calculated from one or more BRFSS questions)","Yes","BRFSS","%","Crude Prevalence","74.9","","","72.9","76.8","2418","Male","Gender","_TOTINDA","36","36","","","","","",""
"2197454","2013","NC","North Carolina","Physical Activity","Exercise","During the past month, did you participate in any physical activities? (variable calculated from one or more BRFSS questions)","Yes","BRFSS","%","Crude Prevalence","72.0","","","70.3","73.7","3571","Female","Gender","_TOTINDA","36","36","","","","","",""
"2201142","2013","ND","North Dakota","Physical Activity","Exercise","During the past month, did you participate in any physical activities? (variable calculated from one or more BRFSS questions)","Yes","BRFSS","%","Crude Prevalence","72.5","","","70.4","74.6","2294","Male","Gender","_TOTINDA","37","37","","","","","",""
"2201144","2013","ND","North Dakota","Physical Activity","Exercise","During the past month, did you participate in any physical activities? (variable calculated from one or more BRFSS questions)","Yes","BRFSS","%","Crude Prevalence","72.3","","","70.2","74.4","2921","Female","Gender","_TOTINDA","37","37","","","","","",""
"2205298","2013","OH","Ohio","Physical Activity","Exercise","During the past month, did you participate in any physical activities? (variable calculated from one or more BRFSS questions)","Yes","BRFSS","%","Crude Prevalence","72.8","","","70.9","74.6","3193","Male","Gender","_TOTINDA","38","38","","","","","",""
"2205300","2013","OH","Ohio","Physical Activity","Exercise","During the past month, did you participate in any physical activities? (variable calculated from one or more BRFSS questions)","Yes","BRFSS","%","Crude Prevalence","70.4","","","68.7","72.0","4557","Female","Gender","_TOTINDA","38","38","","","","","",""
"2208497","2013","OK","Oklahoma","Physical Activity","Exercise","During the past month, did you participate in any physical activities? (variable calculated from one or more BRFSS questions)","Yes","BRFSS","%","Crude Prevalence","68.2","","","66.2","70.3","2075","Male","Gender","_TOTINDA","39","39","","","","","",""
"2208499","2013","OK","Oklahoma","Physical Activity","Exercise","During the past month, did you participate in any physical activities? (variable calculated from one or more BRFSS questions)","Yes","BRFSS","%","Crude Prevalence","65.9","","","64.1","67.6","2997","Female","Gender","_TOTINDA","39","39","","","","","",""
"2212722","2013","OR","Oregon","Physical Activity","Exercise","During the past month, did you participate in any physical activities? (variable calculated from one or more BRFSS questions)","Yes","BRFSS","%","Crude Prevalence","80.6","","","78.4","82.8","1910","Male","Gender","_TOTINDA","40","40","","","","","",""
"2212724","2013","OR","Oregon","Physical Activity","Exercise","During the past month, did you participate in any physical activities? (variable calculated from one or more BRFSS questions)","Yes","BRFSS","%","Crude Prevalence","82.3","","","80.3","84.3","2532","Female","Gender","_TOTINDA","40","40","","","","","",""
"2215662","2013","PA","Pennsylvania","Physical Activity","Exercise","During the past month, did you participate in any physical activities? (variable calculated from one or more BRFSS questions)","Yes","BRFSS","%","Crude Prevalence","75.7","","","74.0","77.3","3338","Male","Gender","_TOTINDA","41","41","","","","","",""
"2215664","2013","PA","Pennsylvania","Physical Activity","Exercise","During the past month, did you participate in any physical activities? (variable calculated from one or more BRFSS questions)","Yes","BRFSS","%","Crude Prevalence","71.9","","","70.4","73.5","4293","Female","Gender","_TOTINDA","41","41","","","","","",""
"2219928","2013","RI","Rhode Island","Physical Activity","Exercise","During the past month, did you participate in any physical activities? (variable calculated from one or more BRFSS questions)","Yes","BRFSS","%","Crude Prevalence","74.6","","","72.2","77.0","1738","Male","Gender","_TOTINDA","42","42","","","","","",""
"2219930","2013","RI","Rhode Island","Physical Activity","Exercise","During the past month, did you participate in any physical activities? (variable calculated from one or more BRFSS questions)","Yes","BRFSS","%","Crude Prevalence","71.7","","","69.7","73.7","2565","Female","Gender","_TOTINDA","42","42","","","","","",""
"2223761","2013","SC","South Carolina","Physical Activity","Exercise","During the past month, did you participate in any physical activities? (variable calculated from one or more BRFSS questions)","Yes","BRFSS","%","Crude Prevalence","75.8","","","73.9","77.6","3073","Male","Gender","_TOTINDA","43","43","","","","","",""
"2223763","2013","SC","South Carolina","Physical Activity","Exercise","During the past month, did you participate in any physical activities? (variable calculated from one or more BRFSS questions)","Yes","BRFSS","%","Crude Prevalence","70.8","","","69.1","72.5","4182","Female","Gender","_TOTINDA","43","43","","","","","",""
"2228170","2013","SD","South Dakota","Physical Activity","Exercise","During the past month, did you participate in any physical activities? (variable calculated from one or more BRFSS questions)","Yes","BRFSS","%","Crude Prevalence","74.0","","","71.3","76.6","2086","Male","Gender","_TOTINDA","44","44","","","","","",""
"2228172","2013","SD","South Dakota","Physical Activity","Exercise","During the past month, did you participate in any physical activities? (variable calculated from one or more BRFSS questions)","Yes","BRFSS","%","Crude Prevalence","78.3","","","76.1","80.5","2804","Female","Gender","_TOTINDA","44","44","","","","","",""
"2231826","2013","TN","Tennessee","Physical Activity","Exercise","During the past month, did you participate in any physical activities? (variable calculated from one or more BRFSS questions)","Yes","BRFSS","%","Crude Prevalence","65.3","","","62.3","68.2","1222","Male","Gender","_TOTINDA","45","45","","","","","",""
"2231828","2013","TN","Tennessee","Physical Activity","Exercise","During the past month, did you participate in any physical activities? (variable calculated from one or more BRFSS questions)","Yes","BRFSS","%","Crude Prevalence","60.5","","","58.1","62.9","1930","Female","Gender","_TOTINDA","45","45","","","","","",""
"2235019","2013","TX","Texas","Physical Activity","Exercise","During the past month, did you participate in any physical activities? (variable calculated from one or more BRFSS questions)","Yes","BRFSS","%","Crude Prevalence","73.6","","","71.5","75.6","2946","Male","Gender","_TOTINDA","46","46","","","","","",""
"2235021","2013","TX","Texas","Physical Activity","Exercise","During the past month, did you participate in any physical activities? (variable calculated from one or more BRFSS questions)","Yes","BRFSS","%","Crude Prevalence","66.5","","","64.5","68.5","4003","Female","Gender","_TOTINDA","46","46","","","","","",""
"2239361","2013","UT","Utah","Physical Activity","Exercise","During the past month, did you participate in any physical activities? (variable calculated from one or more BRFSS questions)","Yes","BRFSS","%","Crude Prevalence","80.3","","","78.9","81.7","4271","Male","Gender","_TOTINDA","47","47","","","","","",""
"2239363","2013","UT","Utah","Physical Activity","Exercise","During the past month, did you participate in any physical activities? (variable calculated from one or more BRFSS questions)","Yes","BRFSS","%","Crude Prevalence","78.5","","","77.2","79.8","5130","Female","Gender","_TOTINDA","47","47","","","","","",""
"2243227","2013","VT","Vermont","Physical Activity","Exercise","During the past month, did you participate in any physical activities? (variable calculated from one or more BRFSS questions)","Yes","BRFSS","%","Crude Prevalence","78.9","","","76.9","80.9","1937","Male","Gender","_TOTINDA","48","48","","","","","",""
"2243229","2013","VT","Vermont","Physical Activity","Exercise","During the past month, did you participate in any physical activities? (variable calculated from one or more BRFSS questions)","Yes","BRFSS","%","Crude Prevalence","80.1","","","78.5","81.7","2725","Female","Gender","_TOTINDA","48","48","","","","","",""
"2247306","2013","VA","Virginia","Physical Activity","Exercise","During the past month, did you participate in any physical activities? (variable calculated from one or more BRFSS questions)","Yes","BRFSS","%","Crude Prevalence","77.5","","","75.6","79.4","2436","Male","Gender","_TOTINDA","49","49","","","","","",""
"2247308","2013","VA","Virginia","Physical Activity","Exercise","During the past month, did you participate in any physical activities? (variable calculated from one or more BRFSS questions)","Yes","BRFSS","%","Crude Prevalence","71.7","","","69.8","73.5","3286","Female","Gender","_TOTINDA","49","49","","","","","",""
"2251326","2013","WA","Washington","Physical Activity","Exercise","During the past month, did you participate in any physical activities? (variable calculated from one or more BRFSS questions)","Yes","BRFSS","%","Crude Prevalence","80.2","","","78.6","81.8","3705","Male","Gender","_TOTINDA","50","50","","","","","",""
"2251328","2013","WA","Washington","Physical Activity","Exercise","During the past month, did you participate in any physical activities? (variable calculated from one or more BRFSS questions)","Yes","BRFSS","%","Crude Prevalence","79.7","","","78.3","81.2","4898","Female","Gender","_TOTINDA","50","50","","","","","",""
"2254749","2013","WV","West Virginia","Physical Activity","Exercise","During the past month, did you participate in any physical activities? (variable calculated from one or more BRFSS questions)","Yes","BRFSS","%","Crude Prevalence","70.6","","","68.4","72.8","1701","Male","Gender","_TOTINDA","51","51","","","","","",""
"2254751","2013","WV","West Virginia","Physical Activity","Exercise","During the past month, did you participate in any physical activities? (variable calculated from one or more BRFSS questions)","Yes","BRFSS","%","Crude Prevalence","66.6","","","64.8","68.5","2185","Female","Gender","_TOTINDA","51","51","","","","","",""
"2257682","2013","WI","Wisconsin","Physical Activity","Exercise","During the past month, did you participate in any physical activities? (variable calculated from one or more BRFSS questions)","Yes","BRFSS","%","Crude Prevalence","75.3","","","72.7","77.9","1882","Male","Gender","_TOTINDA","52","52","","","","","",""
"2257684","2013","WI","Wisconsin","Physical Activity","Exercise","During the past month, did you participate in any physical activities? (variable calculated from one or more BRFSS questions)","Yes","BRFSS","%","Crude Prevalence","77.0","","","74.8","79.2","2431","Female","Gender","_TOTINDA","52","52","","","","","",""
"2261868","2013","WY","Wyoming","Physical Activity","Exercise","During the past month, did you participate in any physical activities? (variable calculated from one or more BRFSS questions)","Yes","BRFSS","%","Crude Prevalence","74.9","","","72.6","77.3","1827","Male","Gender","_TOTINDA","53","53","","","","","",""
"2261870","2013","WY","Wyoming","Physical Activity","Exercise","During the past month, did you participate in any physical activities? (variable calculated from one or more BRFSS questions)","Yes","BRFSS","%","Crude Prevalence","74.9","","","72.9","77.0","2628","Female","Gender","_TOTINDA","53","53","","","","","",""
"2265843","2013","GU","Guam","Physical Activity","Exercise","During the past month, did you participate in any physical activities? (variable calculated from one or more BRFSS questions)","Yes","BRFSS","%","Crude Prevalence","69.4","","","64.9","73.8","544","Male","Gender","_TOTINDA","56","56","","","","","",""
"2265845","2013","GU","Guam","Physical Activity","Exercise","During the past month, did you participate in any physical activities? (variable calculated from one or more BRFSS questions)","Yes","BRFSS","%","Crude Prevalence","64.8","","","60.8","68.8","671","Female","Gender","_TOTINDA","56","56","","","","","",""
"2270272","2013","PR","Puerto Rico","Physical Activity","Exercise","During the past month, did you participate in any physical activities? (variable calculated from one or more BRFSS questions)","Yes","BRFSS","%","Crude Prevalence","59.9","","","57.2","62.5","1294","Male","Gender","_TOTINDA","60","60","","","","","",""
"2270274","2013","PR","Puerto Rico","Physical Activity","Exercise","During the past month, did you participate in any physical activities? (variable calculated from one or more BRFSS questions)","Yes","BRFSS","%","Crude Prevalence","45.0","","","42.9","47.1","1684","Female","Gender","_TOTINDA","60","60","","","","","",""
"","","","","","","","","","","","","","","","","","","","","","","Datasource","","Behavioral Risk Factor Surveillance System","http://www.cdc.gov/brfss","BRFSS","CDC"
"","","","","","","","","","","","","","","","","","","","","","","MeasureDefinitions","%","Percent","","",""
"","","","","","","","","","","","","","","","","","","","","","","MeasureDefinitions","CI","95% Confidence Interval","","",""
"","","","","","","","","","","","","","","","","","","","","","","MeasureDefinitions","n","“Sample Size”. Translates to the number of adult respondents who answered this question, or were assigned to this category based on question responses for a calculated variable, or the number of states included for a median.","","",""
"","","","","","","","","","","","","","","","","","","","","","","MeasureDefinitions","N/A","Translates to no data available for a record.","","",""
"","","","","","","","","","","","","","","","","","","","","","","MeasureDefinitions","No Data","Translates to no data available for record.","","",""
"","","","","","","","","","","","","","","","","","","","","","","SuggestedCitation","","Centers for Disease Control and Prevention, National Center for Chronic Disease Prevention and Health Promotion, Division of Population Health. BRFSS Prevalence & Trends Data [online]. 2015.","https://www.cdc.gov/brfss/brfssprevalence/","",""
"","","","","","","","","","","","","","","","","","","","","","","RelatedLinks","","Prevalence Data and Data Analysis Tools","/brfss/data_tools.htm","",""
"","","","","","","","","","","","","","","","","","","","","","","RelatedLinks","","Behavioral Risk Factor Surveillance System (BRFSS)","/brfss/index.html","",""
"","","","","","","","","","","","","","","","","","","","","","","RelatedLinks","","Division of Population Health","/nccdphp/dph/index.html","",""
"","","","","","","","","","","","","","","","","","","","","","","RelatedLinks","","Survey Data & Documentation","/brfss/data_documentation/index.htm","",""
