﻿"ID","Year","LocationAbbr","LocationDesc","Class","Topic","Indicator","Response","DataSource","Data_Value_Unit","Data_Value_Type","Data_Value","Data_Value_Footnote_Symbol","Data_Value_Footnote","Low_Confidence_Limit","High_Confidence_Limit","Sample_Size","Stratification","StratificationType","IndicatorId","LocationOrder","ParentStateDisplayOrder","FootnoteType","FootNoteSymbol","FootnoteText","URL","DatasourceAbbr","Agency"
"2273797","2014","AL","Alabama","Physical Activity","Exercise","During the past month, did you participate in any physical activities? (variable calculated from one or more BRFSS questions)","Yes","BRFSS","%","Crude Prevalence","75.8","","","73.8","77.9","2343","Male","Gender","_TOTINDA","3","3","","","","","",""
"2273799","2014","AL","Alabama","Physical Activity","Exercise","During the past month, did you participate in any physical activities? (variable calculated from one or more BRFSS questions)","Yes","BRFSS","%","Crude Prevalence","69.2","","","67.5","70.9","3713","Female","Gender","_TOTINDA","3","3","","","","","",""
"2276992","2014","AK","Alaska","Physical Activity","Exercise","During the past month, did you participate in any physical activities? (variable calculated from one or more BRFSS questions)","Yes","BRFSS","%","Crude Prevalence","81.9","","","79.5","84.3","1615","Male","Gender","_TOTINDA","4","4","","","","","",""
"2276994","2014","AK","Alaska","Physical Activity","Exercise","During the past month, did you participate in any physical activities? (variable calculated from one or more BRFSS questions)","Yes","BRFSS","%","Crude Prevalence","79.7","","","77.3","82.0","1948","Female","Gender","_TOTINDA","4","4","","","","","",""
"2280903","2014","AZ","Arizona","Physical Activity","Exercise","During the past month, did you participate in any physical activities? (variable calculated from one or more BRFSS questions)","Yes","BRFSS","%","Crude Prevalence","80.8","","","79.2","82.4","4773","Male","Gender","_TOTINDA","5","5","","","","","",""
"2280905","2014","AZ","Arizona","Physical Activity","Exercise","During the past month, did you participate in any physical activities? (variable calculated from one or more BRFSS questions)","Yes","BRFSS","%","Crude Prevalence","76.8","","","75.3","78.3","6711","Female","Gender","_TOTINDA","5","5","","","","","",""
"2285009","2014","AR","Arkansas","Physical Activity","Exercise","During the past month, did you participate in any physical activities? (variable calculated from one or more BRFSS questions)","Yes","BRFSS","%","Crude Prevalence","71.1","","","68.2","74.1","1319","Male","Gender","_TOTINDA","6","6","","","","","",""
"2285011","2014","AR","Arkansas","Physical Activity","Exercise","During the past month, did you participate in any physical activities? (variable calculated from one or more BRFSS questions)","Yes","BRFSS","%","Crude Prevalence","67.7","","","65.3","70.0","2099","Female","Gender","_TOTINDA","6","6","","","","","",""
"2288416","2014","CA","California","Physical Activity","Exercise","During the past month, did you participate in any physical activities? (variable calculated from one or more BRFSS questions)","Yes","BRFSS","%","Crude Prevalence","79.7","","","78.1","81.4","2974","Male","Gender","_TOTINDA","7","7","","","","","",""
"2288418","2014","CA","California","Physical Activity","Exercise","During the past month, did you participate in any physical activities? (variable calculated from one or more BRFSS questions)","Yes","BRFSS","%","Crude Prevalence","77.0","","","75.3","78.7","3211","Female","Gender","_TOTINDA","7","7","","","","","",""
"2292124","2014","CO","Colorado","Physical Activity","Exercise","During the past month, did you participate in any physical activities? (variable calculated from one or more BRFSS questions)","Yes","BRFSS","%","Crude Prevalence","85.2","","","84.0","86.4","4990","Male","Gender","_TOTINDA","8","8","","","","","",""
"2292126","2014","CO","Colorado","Physical Activity","Exercise","During the past month, did you participate in any physical activities? (variable calculated from one or more BRFSS questions)","Yes","BRFSS","%","Crude Prevalence","82.0","","","80.8","83.2","6141","Female","Gender","_TOTINDA","8","8","","","","","",""
"2295953","2014","CT","Connecticut","Physical Activity","Exercise","During the past month, did you participate in any physical activities? (variable calculated from one or more BRFSS questions)","Yes","BRFSS","%","Crude Prevalence","82.1","","","80.4","83.9","2819","Male","Gender","_TOTINDA","9","9","","","","","",""
"2295955","2014","CT","Connecticut","Physical Activity","Exercise","During the past month, did you participate in any physical activities? (variable calculated from one or more BRFSS questions)","Yes","BRFSS","%","Crude Prevalence","76.8","","","74.9","78.7","3467","Female","Gender","_TOTINDA","9","9","","","","","",""
"2299254","2014","DE","Delaware","Physical Activity","Exercise","During the past month, did you participate in any physical activities? (variable calculated from one or more BRFSS questions)","Yes","BRFSS","%","Crude Prevalence","77.2","","","74.3","80.2","1325","Male","Gender","_TOTINDA","10","10","","","","","",""
"2299256","2014","DE","Delaware","Physical Activity","Exercise","During the past month, did you participate in any physical activities? (variable calculated from one or more BRFSS questions)","Yes","BRFSS","%","Crude Prevalence","73.1","","","70.7","75.5","1815","Female","Gender","_TOTINDA","10","10","","","","","",""
"2303083","2014","DC","District of Columbia","Physical Activity","Exercise","During the past month, did you participate in any physical activities? (variable calculated from one or more BRFSS questions)","Yes","BRFSS","%","Crude Prevalence","81.6","","","78.7","84.6","1294","Male","Gender","_TOTINDA","11","11","","","","","",""
"2303085","2014","DC","District of Columbia","Physical Activity","Exercise","During the past month, did you participate in any physical activities? (variable calculated from one or more BRFSS questions)","Yes","BRFSS","%","Crude Prevalence","77.0","","","73.8","80.3","1916","Female","Gender","_TOTINDA","11","11","","","","","",""
"2307173","2014","FL","Florida","Physical Activity","Exercise","During the past month, did you participate in any physical activities? (variable calculated from one or more BRFSS questions)","Yes","BRFSS","%","Crude Prevalence","79.4","","","77.7","81.1","3064","Male","Gender","_TOTINDA","12","12","","","","","",""
"2307175","2014","FL","Florida","Physical Activity","Exercise","During the past month, did you participate in any physical activities? (variable calculated from one or more BRFSS questions)","Yes","BRFSS","%","Crude Prevalence","73.4","","","71.8","75.0","4329","Female","Gender","_TOTINDA","12","12","","","","","",""
"2310380","2014","GA","Georgia","Physical Activity","Exercise","During the past month, did you participate in any physical activities? (variable calculated from one or more BRFSS questions)","Yes","BRFSS","%","Crude Prevalence","78.8","","","76.6","80.9","1874","Male","Gender","_TOTINDA","13","13","","","","","",""
"2310382","2014","GA","Georgia","Physical Activity","Exercise","During the past month, did you participate in any physical activities? (variable calculated from one or more BRFSS questions)","Yes","BRFSS","%","Crude Prevalence","74.2","","","72.3","76.0","2817","Female","Gender","_TOTINDA","13","13","","","","","",""
"2314413","2014","HI","Hawaii","Physical Activity","Exercise","During the past month, did you participate in any physical activities? (variable calculated from one or more BRFSS questions)","Yes","BRFSS","%","Crude Prevalence","84.0","","","82.3","85.7","2867","Male","Gender","_TOTINDA","14","14","","","","","",""
"2314415","2014","HI","Hawaii","Physical Activity","Exercise","During the past month, did you participate in any physical activities? (variable calculated from one or more BRFSS questions)","Yes","BRFSS","%","Crude Prevalence","76.8","","","74.8","78.8","2948","Female","Gender","_TOTINDA","14","14","","","","","",""
"2318296","2014","ID","Idaho","Physical Activity","Exercise","During the past month, did you participate in any physical activities? (variable calculated from one or more BRFSS questions)","Yes","BRFSS","%","Crude Prevalence","81.2","","","78.9","83.6","1807","Male","Gender","_TOTINDA","15","15","","","","","",""
"2318298","2014","ID","Idaho","Physical Activity","Exercise","During the past month, did you participate in any physical activities? (variable calculated from one or more BRFSS questions)","Yes","BRFSS","%","Crude Prevalence","81.4","","","79.4","83.3","2530","Female","Gender","_TOTINDA","15","15","","","","","",""
"2321383","2014","IL","Illinois","Physical Activity","Exercise","During the past month, did you participate in any physical activities? (variable calculated from one or more BRFSS questions)","Yes","BRFSS","%","Crude Prevalence","77.9","","","75.6","80.2","1722","Male","Gender","_TOTINDA","16","16","","","","","",""
"2321385","2014","IL","Illinois","Physical Activity","Exercise","During the past month, did you participate in any physical activities? (variable calculated from one or more BRFSS questions)","Yes","BRFSS","%","Crude Prevalence","74.3","","","72.1","76.5","2123","Female","Gender","_TOTINDA","16","16","","","","","",""
"2324599","2014","IN","Indiana","Physical Activity","Exercise","During the past month, did you participate in any physical activities? (variable calculated from one or more BRFSS questions)","Yes","BRFSS","%","Crude Prevalence","76.1","","","74.5","77.7","3525","Male","Gender","_TOTINDA","17","17","","","","","",""
"2324601","2014","IN","Indiana","Physical Activity","Exercise","During the past month, did you participate in any physical activities? (variable calculated from one or more BRFSS questions)","Yes","BRFSS","%","Crude Prevalence","71.9","","","70.4","73.4","4784","Female","Gender","_TOTINDA","17","17","","","","","",""
"2329318","2014","IA","Iowa","Physical Activity","Exercise","During the past month, did you participate in any physical activities? (variable calculated from one or more BRFSS questions)","Yes","BRFSS","%","Crude Prevalence","78.8","","","77.2","80.5","2592","Male","Gender","_TOTINDA","18","18","","","","","",""
"2329320","2014","IA","Iowa","Physical Activity","Exercise","During the past month, did you participate in any physical activities? (variable calculated from one or more BRFSS questions)","Yes","BRFSS","%","Crude Prevalence","75.9","","","74.3","77.5","3484","Female","Gender","_TOTINDA","18","18","","","","","",""
"2331951","2014","KS","Kansas","Physical Activity","Exercise","During the past month, did you participate in any physical activities? (variable calculated from one or more BRFSS questions)","Yes","BRFSS","%","Crude Prevalence","78.1","","","76.9","79.4","4486","Male","Gender","_TOTINDA","19","19","","","","","",""
"2331953","2014","KS","Kansas","Physical Activity","Exercise","During the past month, did you participate in any physical activities? (variable calculated from one or more BRFSS questions)","Yes","BRFSS","%","Crude Prevalence","74.3","","","73.1","75.5","5751","Female","Gender","_TOTINDA","19","19","","","","","",""
"2336039","2014","KY","Kentucky","Physical Activity","Exercise","During the past month, did you participate in any physical activities? (variable calculated from one or more BRFSS questions)","Yes","BRFSS","%","Crude Prevalence","74.1","","","72.0","76.3","2797","Male","Gender","_TOTINDA","20","20","","","","","",""
"2336041","2014","KY","Kentucky","Physical Activity","Exercise","During the past month, did you participate in any physical activities? (variable calculated from one or more BRFSS questions)","Yes","BRFSS","%","Crude Prevalence","69.5","","","67.7","71.3","4829","Female","Gender","_TOTINDA","20","20","","","","","",""
"2340189","2014","LA","Louisiana","Physical Activity","Exercise","During the past month, did you participate in any physical activities? (variable calculated from one or more BRFSS questions)","Yes","BRFSS","%","Crude Prevalence","74.0","","","71.9","76.1","1917","Male","Gender","_TOTINDA","21","21","","","","","",""
"2340191","2014","LA","Louisiana","Physical Activity","Exercise","During the past month, did you participate in any physical activities? (variable calculated from one or more BRFSS questions)","Yes","BRFSS","%","Crude Prevalence","67.3","","","65.5","69.1","2745","Female","Gender","_TOTINDA","21","21","","","","","",""
"2343452","2014","ME","Maine","Physical Activity","Exercise","During the past month, did you participate in any physical activities? (variable calculated from one or more BRFSS questions)","Yes","BRFSS","%","Crude Prevalence","80.8","","","79.1","82.4","3007","Male","Gender","_TOTINDA","22","22","","","","","",""
"2343454","2014","ME","Maine","Physical Activity","Exercise","During the past month, did you participate in any physical activities? (variable calculated from one or more BRFSS questions)","Yes","BRFSS","%","Crude Prevalence","79.8","","","78.3","81.2","4170","Female","Gender","_TOTINDA","22","22","","","","","",""
"2346961","2014","MD","Maryland","Physical Activity","Exercise","During the past month, did you participate in any physical activities? (variable calculated from one or more BRFSS questions)","Yes","BRFSS","%","Crude Prevalence","81.3","","","79.3","83.2","3849","Male","Gender","_TOTINDA","23","23","","","","","",""
"2346963","2014","MD","Maryland","Physical Activity","Exercise","During the past month, did you participate in any physical activities? (variable calculated from one or more BRFSS questions)","Yes","BRFSS","%","Crude Prevalence","76.2","","","74.3","78.0","5839","Female","Gender","_TOTINDA","23","23","","","","","",""
"2351170","2014","MA","Massachusetts","Physical Activity","Exercise","During the past month, did you participate in any physical activities? (variable calculated from one or more BRFSS questions)","Yes","BRFSS","%","Crude Prevalence","81.9","","","80.4","83.4","5081","Male","Gender","_TOTINDA","24","24","","","","","",""
"2351172","2014","MA","Massachusetts","Physical Activity","Exercise","During the past month, did you participate in any physical activities? (variable calculated from one or more BRFSS questions)","Yes","BRFSS","%","Crude Prevalence","78.1","","","76.7","79.5","7136","Female","Gender","_TOTINDA","24","24","","","","","",""
"2354782","2014","MI","Michigan","Physical Activity","Exercise","During the past month, did you participate in any physical activities? (variable calculated from one or more BRFSS questions)","Yes","BRFSS","%","Crude Prevalence","76.4","","","74.6","78.2","2842","Male","Gender","_TOTINDA","25","25","","","","","",""
"2354784","2014","MI","Michigan","Physical Activity","Exercise","During the past month, did you participate in any physical activities? (variable calculated from one or more BRFSS questions)","Yes","BRFSS","%","Crude Prevalence","72.8","","","71.1","74.5","3548","Female","Gender","_TOTINDA","25","25","","","","","",""
"2358293","2014","MN","Minnesota","Physical Activity","Exercise","During the past month, did you participate in any physical activities? (variable calculated from one or more BRFSS questions)","Yes","BRFSS","%","Crude Prevalence","81.0","","","79.9","82.1","6068","Male","Gender","_TOTINDA","26","26","","","","","",""
"2358295","2014","MN","Minnesota","Physical Activity","Exercise","During the past month, did you participate in any physical activities? (variable calculated from one or more BRFSS questions)","Yes","BRFSS","%","Crude Prevalence","78.6","","","77.5","79.7","7004","Female","Gender","_TOTINDA","26","26","","","","","",""
"2362287","2014","MS","Mississippi","Physical Activity","Exercise","During the past month, did you participate in any physical activities? (variable calculated from one or more BRFSS questions)","Yes","BRFSS","%","Crude Prevalence","73.3","","","70.3","76.3","1100","Male","Gender","_TOTINDA","27","27","","","","","",""
"2362289","2014","MS","Mississippi","Physical Activity","Exercise","During the past month, did you participate in any physical activities? (variable calculated from one or more BRFSS questions)","Yes","BRFSS","%","Crude Prevalence","63.9","","","61.3","66.5","1707","Female","Gender","_TOTINDA","27","27","","","","","",""
"2365800","2014","MO","Missouri","Physical Activity","Exercise","During the past month, did you participate in any physical activities? (variable calculated from one or more BRFSS questions)","Yes","BRFSS","%","Crude Prevalence","76.9","","","74.7","79.2","2113","Male","Gender","_TOTINDA","28","28","","","","","",""
"2365802","2014","MO","Missouri","Physical Activity","Exercise","During the past month, did you participate in any physical activities? (variable calculated from one or more BRFSS questions)","Yes","BRFSS","%","Crude Prevalence","73.2","","","71.2","75.2","2930","Female","Gender","_TOTINDA","28","28","","","","","",""
"2368625","2014","MT","Montana","Physical Activity","Exercise","During the past month, did you participate in any physical activities? (variable calculated from one or more BRFSS questions)","Yes","BRFSS","%","Crude Prevalence","80.5","","","78.6","82.3","2601","Male","Gender","_TOTINDA","29","29","","","","","",""
"2368627","2014","MT","Montana","Physical Activity","Exercise","During the past month, did you participate in any physical activities? (variable calculated from one or more BRFSS questions)","Yes","BRFSS","%","Crude Prevalence","80.4","","","78.6","82.2","3239","Female","Gender","_TOTINDA","29","29","","","","","",""
"2372974","2014","NE","Nebraska","Physical Activity","Exercise","During the past month, did you participate in any physical activities? (variable calculated from one or more BRFSS questions)","Yes","BRFSS","%","Crude Prevalence","78.8","","","77.5","80.0","7176","Male","Gender","_TOTINDA","30","30","","","","","",""
"2372976","2014","NE","Nebraska","Physical Activity","Exercise","During the past month, did you participate in any physical activities? (variable calculated from one or more BRFSS questions)","Yes","BRFSS","%","Crude Prevalence","78.6","","","77.5","79.8","9664","Female","Gender","_TOTINDA","30","30","","","","","",""
"2377015","2014","NV","Nevada","Physical Activity","Exercise","During the past month, did you participate in any physical activities? (variable calculated from one or more BRFSS questions)","Yes","BRFSS","%","Crude Prevalence","80.0","","","77.0","82.9","1291","Male","Gender","_TOTINDA","31","31","","","","","",""
"2377017","2014","NV","Nevada","Physical Activity","Exercise","During the past month, did you participate in any physical activities? (variable calculated from one or more BRFSS questions)","Yes","BRFSS","%","Crude Prevalence","75.1","","","72.1","78.1","1619","Female","Gender","_TOTINDA","31","31","","","","","",""
"2379579","2014","NH","New Hampshire","Physical Activity","Exercise","During the past month, did you participate in any physical activities? (variable calculated from one or more BRFSS questions)","Yes","BRFSS","%","Crude Prevalence","81.8","","","79.7","83.9","2101","Male","Gender","_TOTINDA","32","32","","","","","",""
"2379581","2014","NH","New Hampshire","Physical Activity","Exercise","During the past month, did you participate in any physical activities? (variable calculated from one or more BRFSS questions)","Yes","BRFSS","%","Crude Prevalence","79.7","","","77.8","81.6","2754","Female","Gender","_TOTINDA","32","32","","","","","",""
"2383892","2014","NJ","New Jersey","Physical Activity","Exercise","During the past month, did you participate in any physical activities? (variable calculated from one or more BRFSS questions)","Yes","BRFSS","%","Crude Prevalence","79.9","","","78.3","81.6","4304","Male","Gender","_TOTINDA","33","33","","","","","",""
"2383894","2014","NJ","New Jersey","Physical Activity","Exercise","During the past month, did you participate in any physical activities? (variable calculated from one or more BRFSS questions)","Yes","BRFSS","%","Crude Prevalence","73.7","","","72.1","75.2","5587","Female","Gender","_TOTINDA","33","33","","","","","",""
"2387912","2014","NM","New Mexico","Physical Activity","Exercise","During the past month, did you participate in any physical activities? (variable calculated from one or more BRFSS questions)","Yes","BRFSS","%","Crude Prevalence","79.7","","","77.7","81.7","2976","Male","Gender","_TOTINDA","34","34","","","","","",""
"2387914","2014","NM","New Mexico","Physical Activity","Exercise","During the past month, did you participate in any physical activities? (variable calculated from one or more BRFSS questions)","Yes","BRFSS","%","Crude Prevalence","73.9","","","72.0","75.8","3850","Female","Gender","_TOTINDA","34","34","","","","","",""
"2391322","2014","NY","New York","Physical Activity","Exercise","During the past month, did you participate in any physical activities? (variable calculated from one or more BRFSS questions)","Yes","BRFSS","%","Crude Prevalence","75.2","","","73.2","77.2","2179","Male","Gender","_TOTINDA","35","35","","","","","",""
"2391324","2014","NY","New York","Physical Activity","Exercise","During the past month, did you participate in any physical activities? (variable calculated from one or more BRFSS questions)","Yes","BRFSS","%","Crude Prevalence","73.2","","","71.3","75.0","2943","Female","Gender","_TOTINDA","35","35","","","","","",""
"2394823","2014","NC","North Carolina","Physical Activity","Exercise","During the past month, did you participate in any physical activities? (variable calculated from one or more BRFSS questions)","Yes","BRFSS","%","Crude Prevalence","78.2","","","76.5","80.0","2401","Male","Gender","_TOTINDA","36","36","","","","","",""
"2394825","2014","NC","North Carolina","Physical Activity","Exercise","During the past month, did you participate in any physical activities? (variable calculated from one or more BRFSS questions)","Yes","BRFSS","%","Crude Prevalence","75.5","","","73.9","77.1","3092","Female","Gender","_TOTINDA","36","36","","","","","",""
"2398993","2014","ND","North Dakota","Physical Activity","Exercise","During the past month, did you participate in any physical activities? (variable calculated from one or more BRFSS questions)","Yes","BRFSS","%","Crude Prevalence","78.5","","","76.4","80.6","2458","Male","Gender","_TOTINDA","37","37","","","","","",""
"2398995","2014","ND","North Dakota","Physical Activity","Exercise","During the past month, did you participate in any physical activities? (variable calculated from one or more BRFSS questions)","Yes","BRFSS","%","Crude Prevalence","78.8","","","77.0","80.7","3482","Female","Gender","_TOTINDA","37","37","","","","","",""
"2402301","2014","OH","Ohio","Physical Activity","Exercise","During the past month, did you participate in any physical activities? (variable calculated from one or more BRFSS questions)","Yes","BRFSS","%","Crude Prevalence","76.2","","","74.2","78.2","3223","Male","Gender","_TOTINDA","38","38","","","","","",""
"2402303","2014","OH","Ohio","Physical Activity","Exercise","During the past month, did you participate in any physical activities? (variable calculated from one or more BRFSS questions)","Yes","BRFSS","%","Crude Prevalence","74.0","","","72.3","75.6","4614","Female","Gender","_TOTINDA","38","38","","","","","",""
"2405844","2014","OK","Oklahoma","Physical Activity","Exercise","During the past month, did you participate in any physical activities? (variable calculated from one or more BRFSS questions)","Yes","BRFSS","%","Crude Prevalence","73.8","","","72.0","75.7","2466","Male","Gender","_TOTINDA","39","39","","","","","",""
"2405846","2014","OK","Oklahoma","Physical Activity","Exercise","During the past month, did you participate in any physical activities? (variable calculated from one or more BRFSS questions)","Yes","BRFSS","%","Crude Prevalence","69.6","","","68.0","71.2","3319","Female","Gender","_TOTINDA","39","39","","","","","",""
"2409511","2014","OR","Oregon","Physical Activity","Exercise","During the past month, did you participate in any physical activities? (variable calculated from one or more BRFSS questions)","Yes","BRFSS","%","Crude Prevalence","84.2","","","82.2","86.1","1853","Male","Gender","_TOTINDA","40","40","","","","","",""
"2409513","2014","OR","Oregon","Physical Activity","Exercise","During the past month, did you participate in any physical activities? (variable calculated from one or more BRFSS questions)","Yes","BRFSS","%","Crude Prevalence","82.8","","","81.0","84.7","2466","Female","Gender","_TOTINDA","40","40","","","","","",""
"2413050","2014","PA","Pennsylvania","Physical Activity","Exercise","During the past month, did you participate in any physical activities? (variable calculated from one or more BRFSS questions)","Yes","BRFSS","%","Crude Prevalence","78.0","","","76.3","79.6","3501","Male","Gender","_TOTINDA","41","41","","","","","",""
"2413052","2014","PA","Pennsylvania","Physical Activity","Exercise","During the past month, did you participate in any physical activities? (variable calculated from one or more BRFSS questions)","Yes","BRFSS","%","Crude Prevalence","75.5","","","74.0","77.0","4690","Female","Gender","_TOTINDA","41","41","","","","","",""
"2416600","2014","RI","Rhode Island","Physical Activity","Exercise","During the past month, did you participate in any physical activities? (variable calculated from one or more BRFSS questions)","Yes","BRFSS","%","Crude Prevalence","80.3","","","78.1","82.5","2037","Male","Gender","_TOTINDA","42","42","","","","","",""
"2416602","2014","RI","Rhode Island","Physical Activity","Exercise","During the past month, did you participate in any physical activities? (variable calculated from one or more BRFSS questions)","Yes","BRFSS","%","Crude Prevalence","74.9","","","73.0","76.8","2813","Female","Gender","_TOTINDA","42","42","","","","","",""
"2420539","2014","SC","South Carolina","Physical Activity","Exercise","During the past month, did you participate in any physical activities? (variable calculated from one or more BRFSS questions)","Yes","BRFSS","%","Crude Prevalence","77.4","","","75.8","79.0","3567","Male","Gender","_TOTINDA","43","43","","","","","",""
"2420541","2014","SC","South Carolina","Physical Activity","Exercise","During the past month, did you participate in any physical activities? (variable calculated from one or more BRFSS questions)","Yes","BRFSS","%","Crude Prevalence","72.2","","","70.6","73.7","4520","Female","Gender","_TOTINDA","43","43","","","","","",""
"2424191","2014","SD","South Dakota","Physical Activity","Exercise","During the past month, did you participate in any physical activities? (variable calculated from one or more BRFSS questions)","Yes","BRFSS","%","Crude Prevalence","80.5","","","78.1","82.8","2533","Male","Gender","_TOTINDA","44","44","","","","","",""
"2424193","2014","SD","South Dakota","Physical Activity","Exercise","During the past month, did you participate in any physical activities? (variable calculated from one or more BRFSS questions)","Yes","BRFSS","%","Crude Prevalence","77.2","","","74.7","79.6","3235","Female","Gender","_TOTINDA","44","44","","","","","",""
"2427774","2014","TN","Tennessee","Physical Activity","Exercise","During the past month, did you participate in any physical activities? (variable calculated from one or more BRFSS questions)","Yes","BRFSS","%","Crude Prevalence","76.9","","","74.4","79.5","1379","Male","Gender","_TOTINDA","45","45","","","","","",""
"2427776","2014","TN","Tennessee","Physical Activity","Exercise","During the past month, did you participate in any physical activities? (variable calculated from one or more BRFSS questions)","Yes","BRFSS","%","Crude Prevalence","69.7","","","67.5","72.0","2144","Female","Gender","_TOTINDA","45","45","","","","","",""
"2432203","2014","TX","Texas","Physical Activity","Exercise","During the past month, did you participate in any physical activities? (variable calculated from one or more BRFSS questions)","Yes","BRFSS","%","Crude Prevalence","75.0","","","73.2","76.8","4678","Male","Gender","_TOTINDA","46","46","","","","","",""
"2432205","2014","TX","Texas","Physical Activity","Exercise","During the past month, did you participate in any physical activities? (variable calculated from one or more BRFSS questions)","Yes","BRFSS","%","Crude Prevalence","70.0","","","68.3","71.7","6454","Female","Gender","_TOTINDA","46","46","","","","","",""
"2435243","2014","UT","Utah","Physical Activity","Exercise","During the past month, did you participate in any physical activities? (variable calculated from one or more BRFSS questions)","Yes","BRFSS","%","Crude Prevalence","84.5","","","83.5","85.6","5893","Male","Gender","_TOTINDA","47","47","","","","","",""
"2435245","2014","UT","Utah","Physical Activity","Exercise","During the past month, did you participate in any physical activities? (variable calculated from one or more BRFSS questions)","Yes","BRFSS","%","Crude Prevalence","81.9","","","80.9","83.0","6550","Female","Gender","_TOTINDA","47","47","","","","","",""
"2439135","2014","VT","Vermont","Physical Activity","Exercise","During the past month, did you participate in any physical activities? (variable calculated from one or more BRFSS questions)","Yes","BRFSS","%","Crude Prevalence","81.9","","","80.2","83.5","2359","Male","Gender","_TOTINDA","48","48","","","","","",""
"2439137","2014","VT","Vermont","Physical Activity","Exercise","During the past month, did you participate in any physical activities? (variable calculated from one or more BRFSS questions)","Yes","BRFSS","%","Crude Prevalence","80.2","","","78.7","81.7","2867","Female","Gender","_TOTINDA","48","48","","","","","",""
"2443295","2014","VA","Virginia","Physical Activity","Exercise","During the past month, did you participate in any physical activities? (variable calculated from one or more BRFSS questions)","Yes","BRFSS","%","Crude Prevalence","78.9","","","77.2","80.6","3132","Male","Gender","_TOTINDA","49","49","","","","","",""
"2443297","2014","VA","Virginia","Physical Activity","Exercise","During the past month, did you participate in any physical activities? (variable calculated from one or more BRFSS questions)","Yes","BRFSS","%","Crude Prevalence","74.2","","","72.6","75.8","3990","Female","Gender","_TOTINDA","49","49","","","","","",""
"2446173","2014","WA","Washington","Physical Activity","Exercise","During the past month, did you participate in any physical activities? (variable calculated from one or more BRFSS questions)","Yes","BRFSS","%","Crude Prevalence","82.3","","","80.6","83.9","3525","Male","Gender","_TOTINDA","50","50","","","","","",""
"2446175","2014","WA","Washington","Physical Activity","Exercise","During the past month, did you participate in any physical activities? (variable calculated from one or more BRFSS questions)","Yes","BRFSS","%","Crude Prevalence","81.6","","","80.1","83.0","4745","Female","Gender","_TOTINDA","50","50","","","","","",""
"2450196","2014","WV","West Virginia","Physical Activity","Exercise","During the past month, did you participate in any physical activities? (variable calculated from one or more BRFSS questions)","Yes","BRFSS","%","Crude Prevalence","74.9","","","72.9","76.9","1953","Male","Gender","_TOTINDA","51","51","","","","","",""
"2450198","2014","WV","West Virginia","Physical Activity","Exercise","During the past month, did you participate in any physical activities? (variable calculated from one or more BRFSS questions)","Yes","BRFSS","%","Crude Prevalence","67.8","","","66.0","69.7","2415","Female","Gender","_TOTINDA","51","51","","","","","",""
"2454339","2014","WI","Wisconsin","Physical Activity","Exercise","During the past month, did you participate in any physical activities? (variable calculated from one or more BRFSS questions)","Yes","BRFSS","%","Crude Prevalence","80.5","","","78.6","82.5","2503","Male","Gender","_TOTINDA","52","52","","","","","",""
"2454341","2014","WI","Wisconsin","Physical Activity","Exercise","During the past month, did you participate in any physical activities? (variable calculated from one or more BRFSS questions)","Yes","BRFSS","%","Crude Prevalence","77.1","","","75.0","79.2","2979","Female","Gender","_TOTINDA","52","52","","","","","",""
"2457381","2014","WY","Wyoming","Physical Activity","Exercise","During the past month, did you participate in any physical activities? (variable calculated from one or more BRFSS questions)","Yes","BRFSS","%","Crude Prevalence","78.4","","","75.9","80.8","1896","Male","Gender","_TOTINDA","53","53","","","","","",""
"2457383","2014","WY","Wyoming","Physical Activity","Exercise","During the past month, did you participate in any physical activities? (variable calculated from one or more BRFSS questions)","Yes","BRFSS","%","Crude Prevalence","77.5","","","75.2","79.8","2804","Female","Gender","_TOTINDA","53","53","","","","","",""
"2460632","2014","GU","Guam","Physical Activity","Exercise","During the past month, did you participate in any physical activities? (variable calculated from one or more BRFSS questions)","Yes","BRFSS","%","Crude Prevalence","75.7","","","72.2","79.3","858","Male","Gender","_TOTINDA","56","56","","","","","",""
"2460634","2014","GU","Guam","Physical Activity","Exercise","During the past month, did you participate in any physical activities? (variable calculated from one or more BRFSS questions)","Yes","BRFSS","%","Crude Prevalence","68.8","","","65.4","72.2","1004","Female","Gender","_TOTINDA","56","56","","","","","",""
"2464431","2014","PR","Puerto Rico","Physical Activity","Exercise","During the past month, did you participate in any physical activities? (variable calculated from one or more BRFSS questions)","Yes","BRFSS","%","Crude Prevalence","65.8","","","63.4","68.3","1419","Male","Gender","_TOTINDA","60","60","","","","","",""
"2464433","2014","PR","Puerto Rico","Physical Activity","Exercise","During the past month, did you participate in any physical activities? (variable calculated from one or more BRFSS questions)","Yes","BRFSS","%","Crude Prevalence","53.7","","","51.7","55.7","2052","Female","Gender","_TOTINDA","60","60","","","","","",""
"","","","","","","","","","","","","","","","","","","","","","","Datasource","","Behavioral Risk Factor Surveillance System","http://www.cdc.gov/brfss","BRFSS","CDC"
"","","","","","","","","","","","","","","","","","","","","","","MeasureDefinitions","%","Percent","","",""
"","","","","","","","","","","","","","","","","","","","","","","MeasureDefinitions","CI","95% Confidence Interval","","",""
"","","","","","","","","","","","","","","","","","","","","","","MeasureDefinitions","n","“Sample Size”. Translates to the number of adult respondents who answered this question, or were assigned to this category based on question responses for a calculated variable, or the number of states included for a median.","","",""
"","","","","","","","","","","","","","","","","","","","","","","MeasureDefinitions","N/A","Translates to no data available for a record.","","",""
"","","","","","","","","","","","","","","","","","","","","","","MeasureDefinitions","No Data","Translates to no data available for record.","","",""
"","","","","","","","","","","","","","","","","","","","","","","SuggestedCitation","","Centers for Disease Control and Prevention, National Center for Chronic Disease Prevention and Health Promotion, Division of Population Health. BRFSS Prevalence & Trends Data [online]. 2015.","https://www.cdc.gov/brfss/brfssprevalence/","",""
"","","","","","","","","","","","","","","","","","","","","","","RelatedLinks","","Prevalence Data and Data Analysis Tools","/brfss/data_tools.htm","",""
"","","","","","","","","","","","","","","","","","","","","","","RelatedLinks","","Behavioral Risk Factor Surveillance System (BRFSS)","/brfss/index.html","",""
"","","","","","","","","","","","","","","","","","","","","","","RelatedLinks","","Division of Population Health","/nccdphp/dph/index.html","",""
"","","","","","","","","","","","","","","","","","","","","","","RelatedLinks","","Survey Data & Documentation","/brfss/data_documentation/index.htm","",""
