﻿"ID","Year","LocationAbbr","LocationDesc","Class","Topic","Indicator","Response","DataSource","Data_Value_Unit","Data_Value_Type","Data_Value","Data_Value_Footnote_Symbol","Data_Value_Footnote","Low_Confidence_Limit","High_Confidence_Limit","Sample_Size","Stratification","StratificationType","IndicatorId","LocationOrder","ParentStateDisplayOrder","FootnoteType","FootNoteSymbol","FootnoteText","URL","DatasourceAbbr","Agency"
"2469212","2015","AL","Alabama","Physical Activity","Exercise","During the past month, did you participate in any physical activities? (variable calculated from one or more BRFSS questions)","Yes","BRFSS","%","Crude Prevalence","70.1","","","67.8","72.4","1972","Male","Gender","_TOTINDA","3","3","","","","","",""
"2469213","2015","AL","Alabama","Physical Activity","Exercise","During the past month, did you participate in any physical activities? (variable calculated from one or more BRFSS questions)","Yes","BRFSS","%","Crude Prevalence","66.3","","","64.3","68.2","2879","Female","Gender","_TOTINDA","3","3","","","","","",""
"2473576","2015","AK","Alaska","Physical Activity","Exercise","During the past month, did you participate in any physical activities? (variable calculated from one or more BRFSS questions)","Yes","BRFSS","%","Crude Prevalence","79.2","","","76.3","82.2","1206","Male","Gender","_TOTINDA","4","4","","","","","",""
"2473577","2015","AK","Alaska","Physical Activity","Exercise","During the past month, did you participate in any physical activities? (variable calculated from one or more BRFSS questions)","Yes","BRFSS","%","Crude Prevalence","76.8","","","73.0","80.5","1442","Female","Gender","_TOTINDA","4","4","","","","","",""
"2478245","2015","AZ","Arizona","Physical Activity","Exercise","During the past month, did you participate in any physical activities? (variable calculated from one or more BRFSS questions)","Yes","BRFSS","%","Crude Prevalence","75.9","","","73.7","78.2","2245","Male","Gender","_TOTINDA","5","5","","","","","",""
"2478246","2015","AZ","Arizona","Physical Activity","Exercise","During the past month, did you participate in any physical activities? (variable calculated from one or more BRFSS questions)","Yes","BRFSS","%","Crude Prevalence","74.7","","","72.7","76.7","3194","Female","Gender","_TOTINDA","5","5","","","","","",""
"2482321","2015","AR","Arkansas","Physical Activity","Exercise","During the past month, did you participate in any physical activities? (variable calculated from one or more BRFSS questions)","Yes","BRFSS","%","Crude Prevalence","69.7","","","66.2","73.3","1157","Male","Gender","_TOTINDA","6","6","","","","","",""
"2482322","2015","AR","Arkansas","Physical Activity","Exercise","During the past month, did you participate in any physical activities? (variable calculated from one or more BRFSS questions)","Yes","BRFSS","%","Crude Prevalence","62.1","","","59.1","65.1","1801","Female","Gender","_TOTINDA","6","6","","","","","",""
"2486492","2015","CA","California","Physical Activity","Exercise","During the past month, did you participate in any physical activities? (variable calculated from one or more BRFSS questions)","Yes","BRFSS","%","Crude Prevalence","80.4","","","79.1","81.8","4271","Male","Gender","_TOTINDA","7","7","","","","","",""
"2486493","2015","CA","California","Physical Activity","Exercise","During the past month, did you participate in any physical activities? (variable calculated from one or more BRFSS questions)","Yes","BRFSS","%","Crude Prevalence","79.7","","","78.3","81.0","4522","Female","Gender","_TOTINDA","7","7","","","","","",""
"2491247","2015","CO","Colorado","Physical Activity","Exercise","During the past month, did you participate in any physical activities? (variable calculated from one or more BRFSS questions)","Yes","BRFSS","%","Crude Prevalence","82.3","","","80.8","83.9","4218","Male","Gender","_TOTINDA","8","8","","","","","",""
"2491248","2015","CO","Colorado","Physical Activity","Exercise","During the past month, did you participate in any physical activities? (variable calculated from one or more BRFSS questions)","Yes","BRFSS","%","Crude Prevalence","82.0","","","80.6","83.4","5359","Female","Gender","_TOTINDA","8","8","","","","","",""
"2494823","2015","CT","Connecticut","Physical Activity","Exercise","During the past month, did you participate in any physical activities? (variable calculated from one or more BRFSS questions)","Yes","BRFSS","%","Crude Prevalence","78.5","","","76.8","80.2","3581","Male","Gender","_TOTINDA","9","9","","","","","",""
"2494824","2015","CT","Connecticut","Physical Activity","Exercise","During the past month, did you participate in any physical activities? (variable calculated from one or more BRFSS questions)","Yes","BRFSS","%","Crude Prevalence","74.7","","","73.1","76.4","4525","Female","Gender","_TOTINDA","9","9","","","","","",""
"2499755","2015","DE","Delaware","Physical Activity","Exercise","During the past month, did you participate in any physical activities? (variable calculated from one or more BRFSS questions)","Yes","BRFSS","%","Crude Prevalence","72.3","","","69.1","75.5","1162","Male","Gender","_TOTINDA","10","10","","","","","",""
"2499756","2015","DE","Delaware","Physical Activity","Exercise","During the past month, did you participate in any physical activities? (variable calculated from one or more BRFSS questions)","Yes","BRFSS","%","Crude Prevalence","69.1","","","66.2","72.0","1464","Female","Gender","_TOTINDA","10","10","","","","","",""
"2503700","2015","DC","District of Columbia","Physical Activity","Exercise","During the past month, did you participate in any physical activities? (variable calculated from one or more BRFSS questions)","Yes","BRFSS","%","Crude Prevalence","82.0","","","78.2","85.7","1145","Male","Gender","_TOTINDA","11","11","","","","","",""
"2503701","2015","DC","District of Columbia","Physical Activity","Exercise","During the past month, did you participate in any physical activities? (variable calculated from one or more BRFSS questions)","Yes","BRFSS","%","Crude Prevalence","79.3","","","75.9","82.6","1652","Female","Gender","_TOTINDA","11","11","","","","","",""
"2507963","2015","FL","Florida","Physical Activity","Exercise","During the past month, did you participate in any physical activities? (variable calculated from one or more BRFSS questions)","Yes","BRFSS","%","Crude Prevalence","74.6","","","72.5","76.6","2754","Male","Gender","_TOTINDA","12","12","","","","","",""
"2507964","2015","FL","Florida","Physical Activity","Exercise","During the past month, did you participate in any physical activities? (variable calculated from one or more BRFSS questions)","Yes","BRFSS","%","Crude Prevalence","73.1","","","71.3","74.8","3667","Female","Gender","_TOTINDA","12","12","","","","","",""
"2512721","2015","GA","Georgia","Physical Activity","Exercise","During the past month, did you participate in any physical activities? (variable calculated from one or more BRFSS questions)","Yes","BRFSS","%","Crude Prevalence","75.2","","","72.4","77.9","1250","Male","Gender","_TOTINDA","13","13","","","","","",""
"2512722","2015","GA","Georgia","Physical Activity","Exercise","During the past month, did you participate in any physical activities? (variable calculated from one or more BRFSS questions)","Yes","BRFSS","%","Crude Prevalence","70.4","","","67.9","72.9","1748","Female","Gender","_TOTINDA","13","13","","","","","",""
"2516907","2015","HI","Hawaii","Physical Activity","Exercise","During the past month, did you participate in any physical activities? (variable calculated from one or more BRFSS questions)","Yes","BRFSS","%","Crude Prevalence","80.6","","","78.8","82.5","2415","Male","Gender","_TOTINDA","14","14","","","","","",""
"2516908","2015","HI","Hawaii","Physical Activity","Exercise","During the past month, did you participate in any physical activities? (variable calculated from one or more BRFSS questions)","Yes","BRFSS","%","Crude Prevalence","74.5","","","72.3","76.6","2649","Female","Gender","_TOTINDA","14","14","","","","","",""
"2521338","2015","ID","Idaho","Physical Activity","Exercise","During the past month, did you participate in any physical activities? (variable calculated from one or more BRFSS questions)","Yes","BRFSS","%","Crude Prevalence","78.3","","","75.9","80.6","1745","Male","Gender","_TOTINDA","15","15","","","","","",""
"2521339","2015","ID","Idaho","Physical Activity","Exercise","During the past month, did you participate in any physical activities? (variable calculated from one or more BRFSS questions)","Yes","BRFSS","%","Crude Prevalence","79.4","","","77.3","81.5","2360","Female","Gender","_TOTINDA","15","15","","","","","",""
"2525666","2015","IL","Illinois","Physical Activity","Exercise","During the past month, did you participate in any physical activities? (variable calculated from one or more BRFSS questions)","Yes","BRFSS","%","Crude Prevalence","75.9","","","73.6","78.1","1623","Male","Gender","_TOTINDA","16","16","","","","","",""
"2525667","2015","IL","Illinois","Physical Activity","Exercise","During the past month, did you participate in any physical activities? (variable calculated from one or more BRFSS questions)","Yes","BRFSS","%","Crude Prevalence","74.5","","","72.4","76.6","2013","Female","Gender","_TOTINDA","16","16","","","","","",""
"2530358","2015","IN","Indiana","Physical Activity","Exercise","During the past month, did you participate in any physical activities? (variable calculated from one or more BRFSS questions)","Yes","BRFSS","%","Crude Prevalence","72.3","","","69.6","74.9","1716","Male","Gender","_TOTINDA","17","17","","","","","",""
"2530359","2015","IN","Indiana","Physical Activity","Exercise","During the past month, did you participate in any physical activities? (variable calculated from one or more BRFSS questions)","Yes","BRFSS","%","Crude Prevalence","69.0","","","66.6","71.4","2198","Female","Gender","_TOTINDA","17","17","","","","","",""
"2533599","2015","IA","Iowa","Physical Activity","Exercise","During the past month, did you participate in any physical activities? (variable calculated from one or more BRFSS questions)","Yes","BRFSS","%","Crude Prevalence","72.9","","","70.7","75.2","1776","Male","Gender","_TOTINDA","18","18","","","","","",""
"2533600","2015","IA","Iowa","Physical Activity","Exercise","During the past month, did you participate in any physical activities? (variable calculated from one or more BRFSS questions)","Yes","BRFSS","%","Crude Prevalence","74.4","","","72.4","76.4","2375","Female","Gender","_TOTINDA","18","18","","","","","",""
"2538514","2015","KS","Kansas","Physical Activity","Exercise","During the past month, did you participate in any physical activities? (variable calculated from one or more BRFSS questions)","Yes","BRFSS","%","Crude Prevalence","74.1","","","73.0","75.2","6765","Male","Gender","_TOTINDA","19","19","","","","","",""
"2538515","2015","KS","Kansas","Physical Activity","Exercise","During the past month, did you participate in any physical activities? (variable calculated from one or more BRFSS questions)","Yes","BRFSS","%","Crude Prevalence","72.9","","","71.9","73.9","8388","Female","Gender","_TOTINDA","19","19","","","","","",""
"2542540","2015","KY","Kentucky","Physical Activity","Exercise","During the past month, did you participate in any physical activities? (variable calculated from one or more BRFSS questions)","Yes","BRFSS","%","Crude Prevalence","68.0","","","65.4","70.7","2052","Male","Gender","_TOTINDA","20","20","","","","","",""
"2542541","2015","KY","Kentucky","Physical Activity","Exercise","During the past month, did you participate in any physical activities? (variable calculated from one or more BRFSS questions)","Yes","BRFSS","%","Crude Prevalence","67.0","","","64.9","69.1","3253","Female","Gender","_TOTINDA","20","20","","","","","",""
"2546582","2015","LA","Louisiana","Physical Activity","Exercise","During the past month, did you participate in any physical activities? (variable calculated from one or more BRFSS questions)","Yes","BRFSS","%","Crude Prevalence","71.0","","","68.2","73.8","1126","Male","Gender","_TOTINDA","21","21","","","","","",""
"2546583","2015","LA","Louisiana","Physical Activity","Exercise","During the past month, did you participate in any physical activities? (variable calculated from one or more BRFSS questions)","Yes","BRFSS","%","Crude Prevalence","65.3","","","62.9","67.7","1653","Female","Gender","_TOTINDA","21","21","","","","","",""
"2551674","2015","ME","Maine","Physical Activity","Exercise","During the past month, did you participate in any physical activities? (variable calculated from one or more BRFSS questions)","Yes","BRFSS","%","Crude Prevalence","74.2","","","72.2","76.3","2623","Male","Gender","_TOTINDA","22","22","","","","","",""
"2551675","2015","ME","Maine","Physical Activity","Exercise","During the past month, did you participate in any physical activities? (variable calculated from one or more BRFSS questions)","Yes","BRFSS","%","Crude Prevalence","76.1","","","74.5","77.8","3774","Female","Gender","_TOTINDA","22","22","","","","","",""
"2555525","2015","MD","Maryland","Physical Activity","Exercise","During the past month, did you participate in any physical activities? (variable calculated from one or more BRFSS questions)","Yes","BRFSS","%","Crude Prevalence","78.0","","","75.6","80.5","3400","Male","Gender","_TOTINDA","23","23","","","","","",""
"2555781","2015","MD","Maryland","Physical Activity","Exercise","During the past month, did you participate in any physical activities? (variable calculated from one or more BRFSS questions)","Yes","BRFSS","%","Crude Prevalence","74.0","","","71.8","76.2","4987","Female","Gender","_TOTINDA","23","23","","","","","",""
"2559576","2015","MA","Massachusetts","Physical Activity","Exercise","During the past month, did you participate in any physical activities? (variable calculated from one or more BRFSS questions)","Yes","BRFSS","%","Crude Prevalence","75.2","","","73.2","77.3","2725","Male","Gender","_TOTINDA","24","24","","","","","",""
"2559577","2015","MA","Massachusetts","Physical Activity","Exercise","During the past month, did you participate in any physical activities? (variable calculated from one or more BRFSS questions)","Yes","BRFSS","%","Crude Prevalence","72.0","","","70.1","73.9","3264","Female","Gender","_TOTINDA","24","24","","","","","",""
"2564767","2015","MI","Michigan","Physical Activity","Exercise","During the past month, did you participate in any physical activities? (variable calculated from one or more BRFSS questions)","Yes","BRFSS","%","Crude Prevalence","76.4","","","74.6","78.1","2809","Male","Gender","_TOTINDA","25","25","","","","","",""
"2564768","2015","MI","Michigan","Physical Activity","Exercise","During the past month, did you participate in any physical activities? (variable calculated from one or more BRFSS questions)","Yes","BRFSS","%","Crude Prevalence","72.8","","","71.1","74.4","3548","Female","Gender","_TOTINDA","25","25","","","","","",""
"2569353","2015","MN","Minnesota","Physical Activity","Exercise","During the past month, did you participate in any physical activities? (variable calculated from one or more BRFSS questions)","Yes","BRFSS","%","Crude Prevalence","77.7","","","76.5","79.0","5398","Male","Gender","_TOTINDA","26","26","","","","","",""
"2569354","2015","MN","Minnesota","Physical Activity","Exercise","During the past month, did you participate in any physical activities? (variable calculated from one or more BRFSS questions)","Yes","BRFSS","%","Crude Prevalence","78.7","","","77.6","79.9","6799","Female","Gender","_TOTINDA","26","26","","","","","",""
"2572611","2015","MS","Mississippi","Physical Activity","Exercise","During the past month, did you participate in any physical activities? (variable calculated from one or more BRFSS questions)","Yes","BRFSS","%","Crude Prevalence","65.9","","","63.0","68.7","1304","Male","Gender","_TOTINDA","27","27","","","","","",""
"2572612","2015","MS","Mississippi","Physical Activity","Exercise","During the past month, did you participate in any physical activities? (variable calculated from one or more BRFSS questions)","Yes","BRFSS","%","Crude Prevalence","60.7","","","58.4","63.1","2176","Female","Gender","_TOTINDA","27","27","","","","","",""
"2577829","2015","MO","Missouri","Physical Activity","Exercise","During the past month, did you participate in any physical activities? (variable calculated from one or more BRFSS questions)","Yes","BRFSS","%","Crude Prevalence","73.1","","","70.9","75.4","2025","Male","Gender","_TOTINDA","28","28","","","","","",""
"2577830","2015","MO","Missouri","Physical Activity","Exercise","During the past month, did you participate in any physical activities? (variable calculated from one or more BRFSS questions)","Yes","BRFSS","%","Crude Prevalence","72.8","","","70.9","74.8","2778","Female","Gender","_TOTINDA","28","28","","","","","",""
"2581551","2015","MT","Montana","Physical Activity","Exercise","During the past month, did you participate in any physical activities? (variable calculated from one or more BRFSS questions)","Yes","BRFSS","%","Crude Prevalence","77.5","","","75.2","79.7","1913","Male","Gender","_TOTINDA","29","29","","","","","",""
"2581552","2015","MT","Montana","Physical Activity","Exercise","During the past month, did you participate in any physical activities? (variable calculated from one or more BRFSS questions)","Yes","BRFSS","%","Crude Prevalence","77.6","","","75.5","79.7","2399","Female","Gender","_TOTINDA","29","29","","","","","",""
"2585931","2015","NE","Nebraska","Physical Activity","Exercise","During the past month, did you participate in any physical activities? (variable calculated from one or more BRFSS questions)","Yes","BRFSS","%","Crude Prevalence","74.7","","","73.1","76.3","4982","Male","Gender","_TOTINDA","30","30","","","","","",""
"2585932","2015","NE","Nebraska","Physical Activity","Exercise","During the past month, did you participate in any physical activities? (variable calculated from one or more BRFSS questions)","Yes","BRFSS","%","Crude Prevalence","74.6","","","73.2","76.0","6730","Female","Gender","_TOTINDA","30","30","","","","","",""
"2590851","2015","NV","Nevada","Physical Activity","Exercise","During the past month, did you participate in any physical activities? (variable calculated from one or more BRFSS questions)","Yes","BRFSS","%","Crude Prevalence","79.1","","","75.5","82.8","877","Male","Gender","_TOTINDA","31","31","","","","","",""
"2590852","2015","NV","Nevada","Physical Activity","Exercise","During the past month, did you participate in any physical activities? (variable calculated from one or more BRFSS questions)","Yes","BRFSS","%","Crude Prevalence","71.6","","","68.0","75.2","1193","Female","Gender","_TOTINDA","31","31","","","","","",""
"2594723","2015","NH","New Hampshire","Physical Activity","Exercise","During the past month, did you participate in any physical activities? (variable calculated from one or more BRFSS questions)","Yes","BRFSS","%","Crude Prevalence","77.7","","","75.5","80.0","2040","Male","Gender","_TOTINDA","32","32","","","","","",""
"2594724","2015","NH","New Hampshire","Physical Activity","Exercise","During the past month, did you participate in any physical activities? (variable calculated from one or more BRFSS questions)","Yes","BRFSS","%","Crude Prevalence","77.1","","","75.2","78.9","2827","Female","Gender","_TOTINDA","32","32","","","","","",""
"2598917","2015","NJ","New Jersey","Physical Activity","Exercise","During the past month, did you participate in any physical activities? (variable calculated from one or more BRFSS questions)","Yes","BRFSS","%","Crude Prevalence","75.2","","","73.1","77.2","3248","Male","Gender","_TOTINDA","33","33","","","","","",""
"2598918","2015","NJ","New Jersey","Physical Activity","Exercise","During the past month, did you participate in any physical activities? (variable calculated from one or more BRFSS questions)","Yes","BRFSS","%","Crude Prevalence","70.6","","","68.7","72.5","4349","Female","Gender","_TOTINDA","33","33","","","","","",""
"2603872","2015","NM","New Mexico","Physical Activity","Exercise","During the past month, did you participate in any physical activities? (variable calculated from one or more BRFSS questions)","Yes","BRFSS","%","Crude Prevalence","78.5","","","76.1","80.8","1985","Male","Gender","_TOTINDA","34","34","","","","","",""
"2603873","2015","NM","New Mexico","Physical Activity","Exercise","During the past month, did you participate in any physical activities? (variable calculated from one or more BRFSS questions)","Yes","BRFSS","%","Crude Prevalence","76.3","","","74.2","78.5","2633","Female","Gender","_TOTINDA","34","34","","","","","",""
"2607785","2015","NY","New York","Physical Activity","Exercise","During the past month, did you participate in any physical activities? (variable calculated from one or more BRFSS questions)","Yes","BRFSS","%","Crude Prevalence","73.2","","","71.5","75.0","3435","Male","Gender","_TOTINDA","35","35","","","","","",""
"2607786","2015","NY","New York","Physical Activity","Exercise","During the past month, did you participate in any physical activities? (variable calculated from one or more BRFSS questions)","Yes","BRFSS","%","Crude Prevalence","68.3","","","66.8","69.9","4409","Female","Gender","_TOTINDA","35","35","","","","","",""
"2611927","2015","NC","North Carolina","Physical Activity","Exercise","During the past month, did you participate in any physical activities? (variable calculated from one or more BRFSS questions)","Yes","BRFSS","%","Crude Prevalence","74.9","","","72.9","76.9","2005","Male","Gender","_TOTINDA","36","36","","","","","",""
"2611928","2015","NC","North Carolina","Physical Activity","Exercise","During the past month, did you participate in any physical activities? (variable calculated from one or more BRFSS questions)","Yes","BRFSS","%","Crude Prevalence","72.9","","","71.1","74.6","2602","Female","Gender","_TOTINDA","36","36","","","","","",""
"2616965","2015","ND","North Dakota","Physical Activity","Exercise","During the past month, did you participate in any physical activities? (variable calculated from one or more BRFSS questions)","Yes","BRFSS","%","Crude Prevalence","71.8","","","69.3","74.3","1466","Male","Gender","_TOTINDA","37","37","","","","","",""
"2616966","2015","ND","North Dakota","Physical Activity","Exercise","During the past month, did you participate in any physical activities? (variable calculated from one or more BRFSS questions)","Yes","BRFSS","%","Crude Prevalence","74.6","","","72.4","76.9","1862","Female","Gender","_TOTINDA","37","37","","","","","",""
"2620564","2015","OH","Ohio","Physical Activity","Exercise","During the past month, did you participate in any physical activities? (variable calculated from one or more BRFSS questions)","Yes","BRFSS","%","Crude Prevalence","74.1","","","72.0","76.2","3206","Male","Gender","_TOTINDA","38","38","","","","","",""
"2620565","2015","OH","Ohio","Physical Activity","Exercise","During the past month, did you participate in any physical activities? (variable calculated from one or more BRFSS questions)","Yes","BRFSS","%","Crude Prevalence","71.9","","","70.1","73.7","4476","Female","Gender","_TOTINDA","38","38","","","","","",""
"2625379","2015","OK","Oklahoma","Physical Activity","Exercise","During the past month, did you participate in any physical activities? (variable calculated from one or more BRFSS questions)","Yes","BRFSS","%","Crude Prevalence","66.7","","","64.1","69.3","1679","Male","Gender","_TOTINDA","39","39","","","","","",""
"2625380","2015","OK","Oklahoma","Physical Activity","Exercise","During the past month, did you participate in any physical activities? (variable calculated from one or more BRFSS questions)","Yes","BRFSS","%","Crude Prevalence","66.9","","","64.7","69.0","2556","Female","Gender","_TOTINDA","39","39","","","","","",""
"2629641","2015","OR","Oregon","Physical Activity","Exercise","During the past month, did you participate in any physical activities? (variable calculated from one or more BRFSS questions)","Yes","BRFSS","%","Crude Prevalence","80.8","","","78.6","83.0","1723","Male","Gender","_TOTINDA","40","40","","","","","",""
"2629642","2015","OR","Oregon","Physical Activity","Exercise","During the past month, did you participate in any physical activities? (variable calculated from one or more BRFSS questions)","Yes","BRFSS","%","Crude Prevalence","81.7","","","79.7","83.7","2220","Female","Gender","_TOTINDA","40","40","","","","","",""
"2633684","2015","PA","Pennsylvania","Physical Activity","Exercise","During the past month, did you participate in any physical activities? (variable calculated from one or more BRFSS questions)","Yes","BRFSS","%","Crude Prevalence","74.1","","","71.7","76.5","1733","Male","Gender","_TOTINDA","41","41","","","","","",""
"2633685","2015","PA","Pennsylvania","Physical Activity","Exercise","During the past month, did you participate in any physical activities? (variable calculated from one or more BRFSS questions)","Yes","BRFSS","%","Crude Prevalence","70.4","","","68.2","72.7","2093","Female","Gender","_TOTINDA","41","41","","","","","",""
"2638381","2015","RI","Rhode Island","Physical Activity","Exercise","During the past month, did you participate in any physical activities? (variable calculated from one or more BRFSS questions)","Yes","BRFSS","%","Crude Prevalence","73.7","","","71.0","76.4","1645","Male","Gender","_TOTINDA","42","42","","","","","",""
"2638382","2015","RI","Rhode Island","Physical Activity","Exercise","During the past month, did you participate in any physical activities? (variable calculated from one or more BRFSS questions)","Yes","BRFSS","%","Crude Prevalence","70.4","","","68.0","72.8","2319","Female","Gender","_TOTINDA","42","42","","","","","",""
"2642480","2015","SC","South Carolina","Physical Activity","Exercise","During the past month, did you participate in any physical activities? (variable calculated from one or more BRFSS questions)","Yes","BRFSS","%","Crude Prevalence","75.9","","","74.2","77.7","3369","Male","Gender","_TOTINDA","43","43","","","","","",""
"2642481","2015","SC","South Carolina","Physical Activity","Exercise","During the past month, did you participate in any physical activities? (variable calculated from one or more BRFSS questions)","Yes","BRFSS","%","Crude Prevalence","70.9","","","69.2","72.5","4428","Female","Gender","_TOTINDA","43","43","","","","","",""
"2646743","2015","SD","South Dakota","Physical Activity","Exercise","During the past month, did you participate in any physical activities? (variable calculated from one or more BRFSS questions)","Yes","BRFSS","%","Crude Prevalence","78.2","","","75.6","80.7","2155","Male","Gender","_TOTINDA","44","44","","","","","",""
"2646744","2015","SD","South Dakota","Physical Activity","Exercise","During the past month, did you participate in any physical activities? (variable calculated from one or more BRFSS questions)","Yes","BRFSS","%","Crude Prevalence","79.0","","","76.8","81.2","3108","Female","Gender","_TOTINDA","44","44","","","","","",""
"2651386","2015","TN","Tennessee","Physical Activity","Exercise","During the past month, did you participate in any physical activities? (variable calculated from one or more BRFSS questions)","Yes","BRFSS","%","Crude Prevalence","71.4","","","68.5","74.2","1494","Male","Gender","_TOTINDA","45","45","","","","","",""
"2651387","2015","TN","Tennessee","Physical Activity","Exercise","During the past month, did you participate in any physical activities? (variable calculated from one or more BRFSS questions)","Yes","BRFSS","%","Crude Prevalence","68.1","","","65.5","70.6","2185","Female","Gender","_TOTINDA","45","45","","","","","",""
"2655488","2015","TX","Texas","Physical Activity","Exercise","During the past month, did you participate in any physical activities? (variable calculated from one or more BRFSS questions)","Yes","BRFSS","%","Crude Prevalence","72.3","","","70.1","74.5","3694","Male","Gender","_TOTINDA","46","46","","","","","",""
"2655489","2015","TX","Texas","Physical Activity","Exercise","During the past month, did you participate in any physical activities? (variable calculated from one or more BRFSS questions)","Yes","BRFSS","%","Crude Prevalence","68.8","","","66.8","70.9","5213","Female","Gender","_TOTINDA","46","46","","","","","",""
"2659811","2015","UT","Utah","Physical Activity","Exercise","During the past month, did you participate in any physical activities? (variable calculated from one or more BRFSS questions)","Yes","BRFSS","%","Crude Prevalence","80.3","","","79.0","81.7","3965","Male","Gender","_TOTINDA","47","47","","","","","",""
"2659812","2015","UT","Utah","Physical Activity","Exercise","During the past month, did you participate in any physical activities? (variable calculated from one or more BRFSS questions)","Yes","BRFSS","%","Crude Prevalence","79.1","","","77.8","80.5","4416","Female","Gender","_TOTINDA","47","47","","","","","",""
"2663909","2015","VT","Vermont","Physical Activity","Exercise","During the past month, did you participate in any physical activities? (variable calculated from one or more BRFSS questions)","Yes","BRFSS","%","Crude Prevalence","77.8","","","75.7","79.9","2046","Male","Gender","_TOTINDA","48","48","","","","","",""
"2663910","2015","VT","Vermont","Physical Activity","Exercise","During the past month, did you participate in any physical activities? (variable calculated from one or more BRFSS questions)","Yes","BRFSS","%","Crude Prevalence","77.8","","","75.9","79.7","2683","Female","Gender","_TOTINDA","48","48","","","","","",""
"2668493","2015","VA","Virginia","Physical Activity","Exercise","During the past month, did you participate in any physical activities? (variable calculated from one or more BRFSS questions)","Yes","BRFSS","%","Crude Prevalence","75.6","","","73.7","77.6","2552","Male","Gender","_TOTINDA","49","49","","","","","",""
"2668494","2015","VA","Virginia","Physical Activity","Exercise","During the past month, did you participate in any physical activities? (variable calculated from one or more BRFSS questions)","Yes","BRFSS","%","Crude Prevalence","74.1","","","72.3","76.0","3487","Female","Gender","_TOTINDA","49","49","","","","","",""
"2672750","2015","WA","Washington","Physical Activity","Exercise","During the past month, did you participate in any physical activities? (variable calculated from one or more BRFSS questions)","Yes","BRFSS","%","Crude Prevalence","81.7","","","80.4","83.0","5349","Male","Gender","_TOTINDA","50","50","","","","","",""
"2672751","2015","WA","Washington","Physical Activity","Exercise","During the past month, did you participate in any physical activities? (variable calculated from one or more BRFSS questions)","Yes","BRFSS","%","Crude Prevalence","80.4","","","79.2","81.6","6815","Female","Gender","_TOTINDA","50","50","","","","","",""
"2677397","2015","WV","West Virginia","Physical Activity","Exercise","During the past month, did you participate in any physical activities? (variable calculated from one or more BRFSS questions)","Yes","BRFSS","%","Crude Prevalence","71.5","","","69.4","73.5","1838","Male","Gender","_TOTINDA","51","51","","","","","",""
"2677398","2015","WV","West Virginia","Physical Activity","Exercise","During the past month, did you participate in any physical activities? (variable calculated from one or more BRFSS questions)","Yes","BRFSS","%","Crude Prevalence","67.0","","","65.0","68.9","2105","Female","Gender","_TOTINDA","51","51","","","","","",""
"2681738","2015","WI","Wisconsin","Physical Activity","Exercise","During the past month, did you participate in any physical activities? (variable calculated from one or more BRFSS questions)","Yes","BRFSS","%","Crude Prevalence","78.1","","","75.9","80.4","1875","Male","Gender","_TOTINDA","52","52","","","","","",""
"2681739","2015","WI","Wisconsin","Physical Activity","Exercise","During the past month, did you participate in any physical activities? (variable calculated from one or more BRFSS questions)","Yes","BRFSS","%","Crude Prevalence","78.6","","","76.5","80.7","2369","Female","Gender","_TOTINDA","52","52","","","","","",""
"2685757","2015","WY","Wyoming","Physical Activity","Exercise","During the past month, did you participate in any physical activities? (variable calculated from one or more BRFSS questions)","Yes","BRFSS","%","Crude Prevalence","74.5","","","71.6","77.3","1508","Male","Gender","_TOTINDA","53","53","","","","","",""
"2685758","2015","WY","Wyoming","Physical Activity","Exercise","During the past month, did you participate in any physical activities? (variable calculated from one or more BRFSS questions)","Yes","BRFSS","%","Crude Prevalence","73.2","","","70.5","75.8","2126","Female","Gender","_TOTINDA","53","53","","","","","",""
"2689948","2015","GU","Guam","Physical Activity","Exercise","During the past month, did you participate in any physical activities? (variable calculated from one or more BRFSS questions)","Yes","BRFSS","%","Crude Prevalence","72.5","","","67.7","77.2","507","Male","Gender","_TOTINDA","56","56","","","","","",""
"2689949","2015","GU","Guam","Physical Activity","Exercise","During the past month, did you participate in any physical activities? (variable calculated from one or more BRFSS questions)","Yes","BRFSS","%","Crude Prevalence","65.2","","","60.3","70.2","537","Female","Gender","_TOTINDA","56","56","","","","","",""
"2694730","2015","PR","Puerto Rico","Physical Activity","Exercise","During the past month, did you participate in any physical activities? (variable calculated from one or more BRFSS questions)","Yes","BRFSS","%","Crude Prevalence","57.2","","","54.5","59.9","1097","Male","Gender","_TOTINDA","60","60","","","","","",""
"2694731","2015","PR","Puerto Rico","Physical Activity","Exercise","During the past month, did you participate in any physical activities? (variable calculated from one or more BRFSS questions)","Yes","BRFSS","%","Crude Prevalence","47.3","","","45.3","49.4","1563","Female","Gender","_TOTINDA","60","60","","","","","",""
"","","","","","","","","","","","","","","","","","","","","","","Datasource","","Behavioral Risk Factor Surveillance System","http://www.cdc.gov/brfss","BRFSS","CDC"
"","","","","","","","","","","","","","","","","","","","","","","MeasureDefinitions","%","Percent","","",""
"","","","","","","","","","","","","","","","","","","","","","","MeasureDefinitions","CI","95% Confidence Interval","","",""
"","","","","","","","","","","","","","","","","","","","","","","MeasureDefinitions","n","“Sample Size”. Translates to the number of adult respondents who answered this question, or were assigned to this category based on question responses for a calculated variable, or the number of states included for a median.","","",""
"","","","","","","","","","","","","","","","","","","","","","","MeasureDefinitions","N/A","Translates to no data available for a record.","","",""
"","","","","","","","","","","","","","","","","","","","","","","MeasureDefinitions","No Data","Translates to no data available for record.","","",""
"","","","","","","","","","","","","","","","","","","","","","","SuggestedCitation","","Centers for Disease Control and Prevention, National Center for Chronic Disease Prevention and Health Promotion, Division of Population Health. BRFSS Prevalence & Trends Data [online]. 2015.","https://www.cdc.gov/brfss/brfssprevalence/","",""
"","","","","","","","","","","","","","","","","","","","","","","RelatedLinks","","Prevalence Data and Data Analysis Tools","/brfss/data_tools.htm","",""
"","","","","","","","","","","","","","","","","","","","","","","RelatedLinks","","Behavioral Risk Factor Surveillance System (BRFSS)","/brfss/index.html","",""
"","","","","","","","","","","","","","","","","","","","","","","RelatedLinks","","Division of Population Health","/nccdphp/dph/index.html","",""
"","","","","","","","","","","","","","","","","","","","","","","RelatedLinks","","Survey Data & Documentation","/brfss/data_documentation/index.htm","",""
