﻿"ID","Year","LocationAbbr","LocationDesc","Class","Topic","Indicator","Response","DataSource","Data_Value_Unit","Data_Value_Type","Data_Value","Data_Value_Footnote_Symbol","Data_Value_Footnote","Low_Confidence_Limit","High_Confidence_Limit","Sample_Size","Stratification","StratificationType","IndicatorId","LocationOrder","ParentStateDisplayOrder","FootnoteType","FootNoteSymbol","FootnoteText","URL","DatasourceAbbr","Agency"
"2698597","2016","AL","Alabama","Physical Activity","Exercise","During the past month, did you participate in any physical activities? (variable calculated from one or more BRFSS questions)","Yes","BRFSS","%","Crude Prevalence","74.3","","","72.2","76.4","2041","Male","Gender","_TOTINDA","3","3","","","","","",""
"2698598","2016","AL","Alabama","Physical Activity","Exercise","During the past month, did you participate in any physical activities? (variable calculated from one or more BRFSS questions)","Yes","BRFSS","%","Crude Prevalence","67.1","","","65.2","69.0","2794","Female","Gender","_TOTINDA","3","3","","","","","",""
"2702763","2016","AK","Alaska","Physical Activity","Exercise","During the past month, did you participate in any physical activities? (variable calculated from one or more BRFSS questions)","Yes","BRFSS","%","Crude Prevalence","82.8","","","79.6","86.0","1094","Male","Gender","_TOTINDA","4","4","","","","","",""
"2702764","2016","AK","Alaska","Physical Activity","Exercise","During the past month, did you participate in any physical activities? (variable calculated from one or more BRFSS questions)","Yes","BRFSS","%","Crude Prevalence","78.8","","","74.6","83.1","1223","Female","Gender","_TOTINDA","4","4","","","","","",""
"2707439","2016","AZ","Arizona","Physical Activity","Exercise","During the past month, did you participate in any physical activities? (variable calculated from one or more BRFSS questions)","Yes","BRFSS","%","Crude Prevalence","79.3","","","77.4","81.3","3504","Male","Gender","_TOTINDA","5","5","","","","","",""
"2707440","2016","AZ","Arizona","Physical Activity","Exercise","During the past month, did you participate in any physical activities? (variable calculated from one or more BRFSS questions)","Yes","BRFSS","%","Crude Prevalence","74.6","","","72.7","76.5","4608","Female","Gender","_TOTINDA","5","5","","","","","",""
"2711880","2016","AR","Arkansas","Physical Activity","Exercise","During the past month, did you participate in any physical activities? (variable calculated from one or more BRFSS questions)","Yes","BRFSS","%","Crude Prevalence","70.6","","","67.2","73.9","1384","Male","Gender","_TOTINDA","6","6","","","","","",""
"2711881","2016","AR","Arkansas","Physical Activity","Exercise","During the past month, did you participate in any physical activities? (variable calculated from one or more BRFSS questions)","Yes","BRFSS","%","Crude Prevalence","64.6","","","61.6","67.6","2008","Female","Gender","_TOTINDA","6","6","","","","","",""
"2716351","2016","CA","California","Physical Activity","Exercise","During the past month, did you participate in any physical activities? (variable calculated from one or more BRFSS questions)","Yes","BRFSS","%","Crude Prevalence","81.5","","","80.1","82.8","4504","Male","Gender","_TOTINDA","7","7","","","","","",""
"2716352","2016","CA","California","Physical Activity","Exercise","During the past month, did you participate in any physical activities? (variable calculated from one or more BRFSS questions)","Yes","BRFSS","%","Crude Prevalence","77.7","","","76.3","79.1","4650","Female","Gender","_TOTINDA","7","7","","","","","",""
"2720199","2016","CO","Colorado","Physical Activity","Exercise","During the past month, did you participate in any physical activities? (variable calculated from one or more BRFSS questions)","Yes","BRFSS","%","Crude Prevalence","84.8","","","83.7","86.0","5749","Male","Gender","_TOTINDA","8","8","","","","","",""
"2720200","2016","CO","Colorado","Physical Activity","Exercise","During the past month, did you participate in any physical activities? (variable calculated from one or more BRFSS questions)","Yes","BRFSS","%","Crude Prevalence","83.5","","","82.4","84.6","6718","Female","Gender","_TOTINDA","8","8","","","","","",""
"2723690","2016","CT","Connecticut","Physical Activity","Exercise","During the past month, did you participate in any physical activities? (variable calculated from one or more BRFSS questions)","Yes","BRFSS","%","Crude Prevalence","80.4","","","78.9","82.0","3807","Male","Gender","_TOTINDA","9","9","","","","","",""
"2723691","2016","CT","Connecticut","Physical Activity","Exercise","During the past month, did you participate in any physical activities? (variable calculated from one or more BRFSS questions)","Yes","BRFSS","%","Crude Prevalence","77.2","","","75.7","78.7","4850","Female","Gender","_TOTINDA","9","9","","","","","",""
"2729045","2016","DE","Delaware","Physical Activity","Exercise","During the past month, did you participate in any physical activities? (variable calculated from one or more BRFSS questions)","Yes","BRFSS","%","Crude Prevalence","77.6","","","75.1","80.2","1355","Male","Gender","_TOTINDA","10","10","","","","","",""
"2729046","2016","DE","Delaware","Physical Activity","Exercise","During the past month, did you participate in any physical activities? (variable calculated from one or more BRFSS questions)","Yes","BRFSS","%","Crude Prevalence","69.5","","","66.8","72.1","1501","Female","Gender","_TOTINDA","10","10","","","","","",""
"2733292","2016","DC","District of Columbia","Physical Activity","Exercise","During the past month, did you participate in any physical activities? (variable calculated from one or more BRFSS questions)","Yes","BRFSS","%","Crude Prevalence","88.1","","","86.3","90.0","1359","Male","Gender","_TOTINDA","11","11","","","","","",""
"2733293","2016","DC","District of Columbia","Physical Activity","Exercise","During the past month, did you participate in any physical activities? (variable calculated from one or more BRFSS questions)","Yes","BRFSS","%","Crude Prevalence","80.0","","","77.9","82.2","1762","Female","Gender","_TOTINDA","11","11","","","","","",""
"2736610","2016","FL","Florida","Physical Activity","Exercise","During the past month, did you participate in any physical activities? (variable calculated from one or more BRFSS questions)","Yes","BRFSS","%","Crude Prevalence","72.9","","","71.5","74.3","10903","Male","Gender","_TOTINDA","12","12","","","","","",""
"2736611","2016","FL","Florida","Physical Activity","Exercise","During the past month, did you participate in any physical activities? (variable calculated from one or more BRFSS questions)","Yes","BRFSS","%","Crude Prevalence","67.7","","","66.3","69.1","13714","Female","Gender","_TOTINDA","12","12","","","","","",""
"2741331","2016","GA","Georgia","Physical Activity","Exercise","During the past month, did you participate in any physical activities? (variable calculated from one or more BRFSS questions)","Yes","BRFSS","%","Crude Prevalence","71.4","","","69.0","73.9","1553","Male","Gender","_TOTINDA","13","13","","","","","",""
"2741332","2016","GA","Georgia","Physical Activity","Exercise","During the past month, did you participate in any physical activities? (variable calculated from one or more BRFSS questions)","Yes","BRFSS","%","Crude Prevalence","69.8","","","67.7","72.0","2116","Female","Gender","_TOTINDA","13","13","","","","","",""
"2746010","2016","HI","Hawaii","Physical Activity","Exercise","During the past month, did you participate in any physical activities? (variable calculated from one or more BRFSS questions)","Yes","BRFSS","%","Crude Prevalence","80.5","","","78.7","82.3","3088","Male","Gender","_TOTINDA","14","14","","","","","",""
"2746011","2016","HI","Hawaii","Physical Activity","Exercise","During the past month, did you participate in any physical activities? (variable calculated from one or more BRFSS questions)","Yes","BRFSS","%","Crude Prevalence","77.9","","","76.0","79.8","3431","Female","Gender","_TOTINDA","14","14","","","","","",""
"2750282","2016","ID","Idaho","Physical Activity","Exercise","During the past month, did you participate in any physical activities? (variable calculated from one or more BRFSS questions)","Yes","BRFSS","%","Crude Prevalence","81.0","","","78.6","83.3","1732","Male","Gender","_TOTINDA","15","15","","","","","",""
"2750283","2016","ID","Idaho","Physical Activity","Exercise","During the past month, did you participate in any physical activities? (variable calculated from one or more BRFSS questions)","Yes","BRFSS","%","Crude Prevalence","78.6","","","76.6","80.7","2284","Female","Gender","_TOTINDA","15","15","","","","","",""
"2754354","2016","IL","Illinois","Physical Activity","Exercise","During the past month, did you participate in any physical activities? (variable calculated from one or more BRFSS questions)","Yes","BRFSS","%","Crude Prevalence","78.5","","","76.3","80.8","1648","Male","Gender","_TOTINDA","16","16","","","","","",""
"2754355","2016","IL","Illinois","Physical Activity","Exercise","During the past month, did you participate in any physical activities? (variable calculated from one or more BRFSS questions)","Yes","BRFSS","%","Crude Prevalence","73.8","","","71.7","75.9","1943","Female","Gender","_TOTINDA","16","16","","","","","",""
"2757717","2016","IN","Indiana","Physical Activity","Exercise","During the past month, did you participate in any physical activities? (variable calculated from one or more BRFSS questions)","Yes","BRFSS","%","Crude Prevalence","75.0","","","73.3","76.8","3361","Male","Gender","_TOTINDA","17","17","","","","","",""
"2757718","2016","IN","Indiana","Physical Activity","Exercise","During the past month, did you participate in any physical activities? (variable calculated from one or more BRFSS questions)","Yes","BRFSS","%","Crude Prevalence","71.5","","","69.8","73.1","4474","Female","Gender","_TOTINDA","17","17","","","","","",""
"2763099","2016","IA","Iowa","Physical Activity","Exercise","During the past month, did you participate in any physical activities? (variable calculated from one or more BRFSS questions)","Yes","BRFSS","%","Crude Prevalence","78.3","","","76.6","80.1","2457","Male","Gender","_TOTINDA","18","18","","","","","",""
"2763100","2016","IA","Iowa","Physical Activity","Exercise","During the past month, did you participate in any physical activities? (variable calculated from one or more BRFSS questions)","Yes","BRFSS","%","Crude Prevalence","76.4","","","74.7","78.1","2971","Female","Gender","_TOTINDA","18","18","","","","","",""
"2767095","2016","KS","Kansas","Physical Activity","Exercise","During the past month, did you participate in any physical activities? (variable calculated from one or more BRFSS questions)","Yes","BRFSS","%","Crude Prevalence","79.0","","","77.6","80.3","4179","Male","Gender","_TOTINDA","19","19","","","","","",""
"2767096","2016","KS","Kansas","Physical Activity","Exercise","During the past month, did you participate in any physical activities? (variable calculated from one or more BRFSS questions)","Yes","BRFSS","%","Crude Prevalence","74.1","","","72.7","75.5","4951","Female","Gender","_TOTINDA","19","19","","","","","",""
"2771134","2016","KY","Kentucky","Physical Activity","Exercise","During the past month, did you participate in any physical activities? (variable calculated from one or more BRFSS questions)","Yes","BRFSS","%","Crude Prevalence","72.2","","","70.1","74.3","3064","Male","Gender","_TOTINDA","20","20","","","","","",""
"2771135","2016","KY","Kentucky","Physical Activity","Exercise","During the past month, did you participate in any physical activities? (variable calculated from one or more BRFSS questions)","Yes","BRFSS","%","Crude Prevalence","68.3","","","66.5","70.1","4065","Female","Gender","_TOTINDA","20","20","","","","","",""
"2775374","2016","LA","Louisiana","Physical Activity","Exercise","During the past month, did you participate in any physical activities? (variable calculated from one or more BRFSS questions)","Yes","BRFSS","%","Crude Prevalence","74.2","","","71.3","77.1","1442","Male","Gender","_TOTINDA","21","21","","","","","",""
"2775375","2016","LA","Louisiana","Physical Activity","Exercise","During the past month, did you participate in any physical activities? (variable calculated from one or more BRFSS questions)","Yes","BRFSS","%","Crude Prevalence","67.7","","","65.1","70.4","2134","Female","Gender","_TOTINDA","21","21","","","","","",""
"2779468","2016","ME","Maine","Physical Activity","Exercise","During the past month, did you participate in any physical activities? (variable calculated from one or more BRFSS questions)","Yes","BRFSS","%","Crude Prevalence","81.4","","","79.7","83.0","3438","Male","Gender","_TOTINDA","22","22","","","","","",""
"2779469","2016","ME","Maine","Physical Activity","Exercise","During the past month, did you participate in any physical activities? (variable calculated from one or more BRFSS questions)","Yes","BRFSS","%","Crude Prevalence","77.6","","","75.9","79.2","4457","Female","Gender","_TOTINDA","22","22","","","","","",""
"2783804","2016","MD","Maryland","Physical Activity","Exercise","During the past month, did you participate in any physical activities? (variable calculated from one or more BRFSS questions)","Yes","BRFSS","%","Crude Prevalence","80.3","","","78.9","81.7","5993","Male","Gender","_TOTINDA","23","23","","","","","",""
"2783805","2016","MD","Maryland","Physical Activity","Exercise","During the past month, did you participate in any physical activities? (variable calculated from one or more BRFSS questions)","Yes","BRFSS","%","Crude Prevalence","73.7","","","72.4","75.0","7883","Female","Gender","_TOTINDA","23","23","","","","","",""
"2788310","2016","MA","Massachusetts","Physical Activity","Exercise","During the past month, did you participate in any physical activities? (variable calculated from one or more BRFSS questions)","Yes","BRFSS","%","Crude Prevalence","81.5","","","79.8","83.2","3226","Male","Gender","_TOTINDA","24","24","","","","","",""
"2788311","2016","MA","Massachusetts","Physical Activity","Exercise","During the past month, did you participate in any physical activities? (variable calculated from one or more BRFSS questions)","Yes","BRFSS","%","Crude Prevalence","78.7","","","76.9","80.5","3409","Female","Gender","_TOTINDA","24","24","","","","","",""
"2792381","2016","MI","Michigan","Physical Activity","Exercise","During the past month, did you participate in any physical activities? (variable calculated from one or more BRFSS questions)","Yes","BRFSS","%","Crude Prevalence","78.0","","","76.6","79.4","4235","Male","Gender","_TOTINDA","25","25","","","","","",""
"2792382","2016","MI","Michigan","Physical Activity","Exercise","During the past month, did you participate in any physical activities? (variable calculated from one or more BRFSS questions)","Yes","BRFSS","%","Crude Prevalence","74.3","","","73.0","75.7","4953","Female","Gender","_TOTINDA","25","25","","","","","",""
"2797099","2016","MN","Minnesota","Physical Activity","Exercise","During the past month, did you participate in any physical activities? (variable calculated from one or more BRFSS questions)","Yes","BRFSS","%","Crude Prevalence","82.5","","","81.5","83.5","6544","Male","Gender","_TOTINDA","26","26","","","","","",""
"2797100","2016","MN","Minnesota","Physical Activity","Exercise","During the past month, did you participate in any physical activities? (variable calculated from one or more BRFSS questions)","Yes","BRFSS","%","Crude Prevalence","81.6","","","80.6","82.6","7145","Female","Gender","_TOTINDA","26","26","","","","","",""
"2800843","2016","MS","Mississippi","Physical Activity","Exercise","During the past month, did you participate in any physical activities? (variable calculated from one or more BRFSS questions)","Yes","BRFSS","%","Crude Prevalence","73.9","","","71.4","76.4","1438","Male","Gender","_TOTINDA","27","27","","","","","",""
"2800844","2016","MS","Mississippi","Physical Activity","Exercise","During the past month, did you participate in any physical activities? (variable calculated from one or more BRFSS questions)","Yes","BRFSS","%","Crude Prevalence","65.8","","","63.5","68.1","1993","Female","Gender","_TOTINDA","27","27","","","","","",""
"2804768","2016","MO","Missouri","Physical Activity","Exercise","During the past month, did you participate in any physical activities? (variable calculated from one or more BRFSS questions)","Yes","BRFSS","%","Crude Prevalence","76.2","","","74.0","78.4","2218","Male","Gender","_TOTINDA","28","28","","","","","",""
"2804769","2016","MO","Missouri","Physical Activity","Exercise","During the past month, did you participate in any physical activities? (variable calculated from one or more BRFSS questions)","Yes","BRFSS","%","Crude Prevalence","74.1","","","72.0","76.2","2844","Female","Gender","_TOTINDA","28","28","","","","","",""
"2809363","2016","MT","Montana","Physical Activity","Exercise","During the past month, did you participate in any physical activities? (variable calculated from one or more BRFSS questions)","Yes","BRFSS","%","Crude Prevalence","80.7","","","78.7","82.7","2114","Male","Gender","_TOTINDA","29","29","","","","","",""
"2809364","2016","MT","Montana","Physical Activity","Exercise","During the past month, did you participate in any physical activities? (variable calculated from one or more BRFSS questions)","Yes","BRFSS","%","Crude Prevalence","79.5","","","77.5","81.6","2488","Female","Gender","_TOTINDA","29","29","","","","","",""
"2813850","2016","NE","Nebraska","Physical Activity","Exercise","During the past month, did you participate in any physical activities? (variable calculated from one or more BRFSS questions)","Yes","BRFSS","%","Crude Prevalence","79.3","","","77.8","80.8","5009","Male","Gender","_TOTINDA","30","30","","","","","",""
"2813851","2016","NE","Nebraska","Physical Activity","Exercise","During the past month, did you participate in any physical activities? (variable calculated from one or more BRFSS questions)","Yes","BRFSS","%","Crude Prevalence","75.9","","","74.5","77.3","6192","Female","Gender","_TOTINDA","30","30","","","","","",""
"2817621","2016","NV","Nevada","Physical Activity","Exercise","During the past month, did you participate in any physical activities? (variable calculated from one or more BRFSS questions)","Yes","BRFSS","%","Crude Prevalence","78.7","","","76.1","81.3","1540","Male","Gender","_TOTINDA","31","31","","","","","",""
"2817622","2016","NV","Nevada","Physical Activity","Exercise","During the past month, did you participate in any physical activities? (variable calculated from one or more BRFSS questions)","Yes","BRFSS","%","Crude Prevalence","72.0","","","69.2","74.7","1756","Female","Gender","_TOTINDA","31","31","","","","","",""
"2821796","2016","NH","New Hampshire","Physical Activity","Exercise","During the past month, did you participate in any physical activities? (variable calculated from one or more BRFSS questions)","Yes","BRFSS","%","Crude Prevalence","82.0","","","80.1","83.8","2270","Male","Gender","_TOTINDA","32","32","","","","","",""
"2821797","2016","NH","New Hampshire","Physical Activity","Exercise","During the past month, did you participate in any physical activities? (variable calculated from one or more BRFSS questions)","Yes","BRFSS","%","Crude Prevalence","79.4","","","77.5","81.3","2724","Female","Gender","_TOTINDA","32","32","","","","","",""
"2826227","2016","NJ","New Jersey","Physical Activity","Exercise","During the past month, did you participate in any physical activities? (variable calculated from one or more BRFSS questions)","Yes","BRFSS","%","Crude Prevalence","73.0","","","70.5","75.4","2412","Male","Gender","_TOTINDA","33","33","","","","","",""
"2826228","2016","NJ","New Jersey","Physical Activity","Exercise","During the past month, did you participate in any physical activities? (variable calculated from one or more BRFSS questions)","Yes","BRFSS","%","Crude Prevalence","67.7","","","65.5","69.9","2883","Female","Gender","_TOTINDA","33","33","","","","","",""
"2830845","2016","NM","New Mexico","Physical Activity","Exercise","During the past month, did you participate in any physical activities? (variable calculated from one or more BRFSS questions)","Yes","BRFSS","%","Crude Prevalence","83.0","","","81.0","84.9","2080","Male","Gender","_TOTINDA","34","34","","","","","",""
"2830846","2016","NM","New Mexico","Physical Activity","Exercise","During the past month, did you participate in any physical activities? (variable calculated from one or more BRFSS questions)","Yes","BRFSS","%","Crude Prevalence","76.6","","","74.5","78.8","2562","Female","Gender","_TOTINDA","34","34","","","","","",""
"2835119","2016","NY","New York","Physical Activity","Exercise","During the past month, did you participate in any physical activities? (variable calculated from one or more BRFSS questions)","Yes","BRFSS","%","Crude Prevalence","76.0","","","74.6","77.4","11431","Male","Gender","_TOTINDA","35","35","","","","","",""
"2835120","2016","NY","New York","Physical Activity","Exercise","During the past month, did you participate in any physical activities? (variable calculated from one or more BRFSS questions)","Yes","BRFSS","%","Crude Prevalence","71.5","","","70.1","72.9","13718","Female","Gender","_TOTINDA","35","35","","","","","",""
"2838919","2016","NC","North Carolina","Physical Activity","Exercise","During the past month, did you participate in any physical activities? (variable calculated from one or more BRFSS questions)","Yes","BRFSS","%","Crude Prevalence","78.8","","","77.0","80.6","2335","Male","Gender","_TOTINDA","36","36","","","","","",""
"2838920","2016","NC","North Carolina","Physical Activity","Exercise","During the past month, did you participate in any physical activities? (variable calculated from one or more BRFSS questions)","Yes","BRFSS","%","Crude Prevalence","74.8","","","73.0","76.6","2589","Female","Gender","_TOTINDA","36","36","","","","","",""
"2843166","2016","ND","North Dakota","Physical Activity","Exercise","During the past month, did you participate in any physical activities? (variable calculated from one or more BRFSS questions)","Yes","BRFSS","%","Crude Prevalence","78.6","","","76.7","80.4","2000","Male","Gender","_TOTINDA","37","37","","","","","",""
"2843167","2016","ND","North Dakota","Physical Activity","Exercise","During the past month, did you participate in any physical activities? (variable calculated from one or more BRFSS questions)","Yes","BRFSS","%","Crude Prevalence","77.0","","","75.0","79.1","2321","Female","Gender","_TOTINDA","37","37","","","","","",""
"2848191","2016","OH","Ohio","Physical Activity","Exercise","During the past month, did you participate in any physical activities? (variable calculated from one or more BRFSS questions)","Yes","BRFSS","%","Crude Prevalence","76.9","","","75.2","78.7","3759","Male","Gender","_TOTINDA","38","38","","","","","",""
"2848192","2016","OH","Ohio","Physical Activity","Exercise","During the past month, did you participate in any physical activities? (variable calculated from one or more BRFSS questions)","Yes","BRFSS","%","Crude Prevalence","71.4","","","69.8","73.1","4866","Female","Gender","_TOTINDA","38","38","","","","","",""
"2851694","2016","OK","Oklahoma","Physical Activity","Exercise","During the past month, did you participate in any physical activities? (variable calculated from one or more BRFSS questions)","Yes","BRFSS","%","Crude Prevalence","74.4","","","72.3","76.5","2010","Male","Gender","_TOTINDA","39","39","","","","","",""
"2851695","2016","OK","Oklahoma","Physical Activity","Exercise","During the past month, did you participate in any physical activities? (variable calculated from one or more BRFSS questions)","Yes","BRFSS","%","Crude Prevalence","68.8","","","66.9","70.7","2741","Female","Gender","_TOTINDA","39","39","","","","","",""
"2856052","2016","OR","Oregon","Physical Activity","Exercise","During the past month, did you participate in any physical activities? (variable calculated from one or more BRFSS questions)","Yes","BRFSS","%","Crude Prevalence","82.9","","","81.1","84.8","2026","Male","Gender","_TOTINDA","40","40","","","","","",""
"2856053","2016","OR","Oregon","Physical Activity","Exercise","During the past month, did you participate in any physical activities? (variable calculated from one or more BRFSS questions)","Yes","BRFSS","%","Crude Prevalence","82.6","","","80.9","84.2","2489","Female","Gender","_TOTINDA","40","40","","","","","",""
"2859920","2016","PA","Pennsylvania","Physical Activity","Exercise","During the past month, did you participate in any physical activities? (variable calculated from one or more BRFSS questions)","Yes","BRFSS","%","Crude Prevalence","79.0","","","77.2","80.9","2522","Male","Gender","_TOTINDA","41","41","","","","","",""
"2860193","2016","PA","Pennsylvania","Physical Activity","Exercise","During the past month, did you participate in any physical activities? (variable calculated from one or more BRFSS questions)","Yes","BRFSS","%","Crude Prevalence","75.3","","","73.5","77.2","2741","Female","Gender","_TOTINDA","41","41","","","","","",""
"2864873","2016","RI","Rhode Island","Physical Activity","Exercise","During the past month, did you participate in any physical activities? (variable calculated from one or more BRFSS questions)","Yes","BRFSS","%","Crude Prevalence","79.7","","","77.5","82.0","1754","Male","Gender","_TOTINDA","42","42","","","","","",""
"2864874","2016","RI","Rhode Island","Physical Activity","Exercise","During the past month, did you participate in any physical activities? (variable calculated from one or more BRFSS questions)","Yes","BRFSS","%","Crude Prevalence","71.9","","","69.7","74.2","2290","Female","Gender","_TOTINDA","42","42","","","","","",""
"2869348","2016","SC","South Carolina","Physical Activity","Exercise","During the past month, did you participate in any physical activities? (variable calculated from one or more BRFSS questions)","Yes","BRFSS","%","Crude Prevalence","75.7","","","74.0","77.4","3430","Male","Gender","_TOTINDA","43","43","","","","","",""
"2869349","2016","SC","South Carolina","Physical Activity","Exercise","During the past month, did you participate in any physical activities? (variable calculated from one or more BRFSS questions)","Yes","BRFSS","%","Crude Prevalence","70.8","","","69.2","72.3","4478","Female","Gender","_TOTINDA","43","43","","","","","",""
"2872859","2016","SD","South Dakota","Physical Activity","Exercise","During the past month, did you participate in any physical activities? (variable calculated from one or more BRFSS questions)","Yes","BRFSS","%","Crude Prevalence","81.1","","","78.4","83.7","2021","Male","Gender","_TOTINDA","44","44","","","","","",""
"2872860","2016","SD","South Dakota","Physical Activity","Exercise","During the past month, did you participate in any physical activities? (variable calculated from one or more BRFSS questions)","Yes","BRFSS","%","Crude Prevalence","81.1","","","78.8","83.4","2585","Female","Gender","_TOTINDA","44","44","","","","","",""
"2877162","2016","TN","Tennessee","Physical Activity","Exercise","During the past month, did you participate in any physical activities? (variable calculated from one or more BRFSS questions)","Yes","BRFSS","%","Crude Prevalence","76.1","","","73.7","78.4","1938","Male","Gender","_TOTINDA","45","45","","","","","",""
"2877163","2016","TN","Tennessee","Physical Activity","Exercise","During the past month, did you participate in any physical activities? (variable calculated from one or more BRFSS questions)","Yes","BRFSS","%","Crude Prevalence","67.4","","","65.1","69.7","2344","Female","Gender","_TOTINDA","45","45","","","","","",""
"2881686","2016","TX","Texas","Physical Activity","Exercise","During the past month, did you participate in any physical activities? (variable calculated from one or more BRFSS questions)","Yes","BRFSS","%","Crude Prevalence","78.2","","","76.0","80.3","3648","Male","Gender","_TOTINDA","46","46","","","","","",""
"2881687","2016","TX","Texas","Physical Activity","Exercise","During the past month, did you participate in any physical activities? (variable calculated from one or more BRFSS questions)","Yes","BRFSS","%","Crude Prevalence","71.6","","","69.5","73.7","4670","Female","Gender","_TOTINDA","46","46","","","","","",""
"2886188","2016","UT","Utah","Physical Activity","Exercise","During the past month, did you participate in any physical activities? (variable calculated from one or more BRFSS questions)","Yes","BRFSS","%","Crude Prevalence","85.3","","","83.9","86.6","4262","Male","Gender","_TOTINDA","47","47","","","","","",""
"2886189","2016","UT","Utah","Physical Activity","Exercise","During the past month, did you participate in any physical activities? (variable calculated from one or more BRFSS questions)","Yes","BRFSS","%","Crude Prevalence","83.4","","","82.1","84.7","4735","Female","Gender","_TOTINDA","47","47","","","","","",""
"2890024","2016","VT","Vermont","Physical Activity","Exercise","During the past month, did you participate in any physical activities? (variable calculated from one or more BRFSS questions)","Yes","BRFSS","%","Crude Prevalence","80.0","","","78.0","82.1","2317","Male","Gender","_TOTINDA","48","48","","","","","",""
"2890025","2016","VT","Vermont","Physical Activity","Exercise","During the past month, did you participate in any physical activities? (variable calculated from one or more BRFSS questions)","Yes","BRFSS","%","Crude Prevalence","80.9","","","79.2","82.6","2875","Female","Gender","_TOTINDA","48","48","","","","","",""
"2893641","2016","VA","Virginia","Physical Activity","Exercise","During the past month, did you participate in any physical activities? (variable calculated from one or more BRFSS questions)","Yes","BRFSS","%","Crude Prevalence","78.6","","","77.0","80.3","3074","Male","Gender","_TOTINDA","49","49","","","","","",""
"2893642","2016","VA","Virginia","Physical Activity","Exercise","During the past month, did you participate in any physical activities? (variable calculated from one or more BRFSS questions)","Yes","BRFSS","%","Crude Prevalence","74.8","","","73.2","76.4","3744","Female","Gender","_TOTINDA","49","49","","","","","",""
"2899056","2016","WA","Washington","Physical Activity","Exercise","During the past month, did you participate in any physical activities? (variable calculated from one or more BRFSS questions)","Yes","BRFSS","%","Crude Prevalence","84.1","","","82.9","85.2","5401","Male","Gender","_TOTINDA","50","50","","","","","",""
"2899057","2016","WA","Washington","Physical Activity","Exercise","During the past month, did you participate in any physical activities? (variable calculated from one or more BRFSS questions)","Yes","BRFSS","%","Crude Prevalence","80.7","","","79.5","81.9","6303","Female","Gender","_TOTINDA","50","50","","","","","",""
"2902891","2016","WV","West Virginia","Physical Activity","Exercise","During the past month, did you participate in any physical activities? (variable calculated from one or more BRFSS questions)","Yes","BRFSS","%","Crude Prevalence","74.9","","","73.0","76.7","2375","Male","Gender","_TOTINDA","51","51","","","","","",""
"2902892","2016","WV","West Virginia","Physical Activity","Exercise","During the past month, did you participate in any physical activities? (variable calculated from one or more BRFSS questions)","Yes","BRFSS","%","Crude Prevalence","68.2","","","66.6","69.9","2722","Female","Gender","_TOTINDA","51","51","","","","","",""
"2907444","2016","WI","Wisconsin","Physical Activity","Exercise","During the past month, did you participate in any physical activities? (variable calculated from one or more BRFSS questions)","Yes","BRFSS","%","Crude Prevalence","81.8","","","79.7","83.9","1918","Male","Gender","_TOTINDA","52","52","","","","","",""
"2907445","2016","WI","Wisconsin","Physical Activity","Exercise","During the past month, did you participate in any physical activities? (variable calculated from one or more BRFSS questions)","Yes","BRFSS","%","Crude Prevalence","78.3","","","76.3","80.4","2215","Female","Gender","_TOTINDA","52","52","","","","","",""
"2911306","2016","WY","Wyoming","Physical Activity","Exercise","During the past month, did you participate in any physical activities? (variable calculated from one or more BRFSS questions)","Yes","BRFSS","%","Crude Prevalence","78.1","","","75.5","80.8","1460","Male","Gender","_TOTINDA","53","53","","","","","",""
"2911307","2016","WY","Wyoming","Physical Activity","Exercise","During the past month, did you participate in any physical activities? (variable calculated from one or more BRFSS questions)","Yes","BRFSS","%","Crude Prevalence","75.5","","","72.9","78.2","1847","Female","Gender","_TOTINDA","53","53","","","","","",""
"2915956","2016","GU","Guam","Physical Activity","Exercise","During the past month, did you participate in any physical activities? (variable calculated from one or more BRFSS questions)","Yes","BRFSS","%","Crude Prevalence","75.1","","","70.3","79.9","539","Male","Gender","_TOTINDA","56","56","","","","","",""
"2915957","2016","GU","Guam","Physical Activity","Exercise","During the past month, did you participate in any physical activities? (variable calculated from one or more BRFSS questions)","Yes","BRFSS","%","Crude Prevalence","65.5","","","60.5","70.4","611","Female","Gender","_TOTINDA","56","56","","","","","",""
"2919459","2016","PR","Puerto Rico","Physical Activity","Exercise","During the past month, did you participate in any physical activities? (variable calculated from one or more BRFSS questions)","Yes","BRFSS","%","Crude Prevalence","65.5","","","62.7","68.3","1405","Male","Gender","_TOTINDA","60","60","","","","","",""
"2919460","2016","PR","Puerto Rico","Physical Activity","Exercise","During the past month, did you participate in any physical activities? (variable calculated from one or more BRFSS questions)","Yes","BRFSS","%","Crude Prevalence","51.9","","","49.7","54.2","1910","Female","Gender","_TOTINDA","60","60","","","","","",""
"2924324","2016","VI","Virgin Islands","Physical Activity","Exercise","During the past month, did you participate in any physical activities? (variable calculated from one or more BRFSS questions)","Yes","BRFSS","%","Crude Prevalence","76.5","","","70.5","82.6","377","Male","Gender","_TOTINDA","62","62","","","","","",""
"2924325","2016","VI","Virgin Islands","Physical Activity","Exercise","During the past month, did you participate in any physical activities? (variable calculated from one or more BRFSS questions)","Yes","BRFSS","%","Crude Prevalence","71.7","","","66.7","76.6","580","Female","Gender","_TOTINDA","62","62","","","","","",""
"","","","","","","","","","","","","","","","","","","","","","","Datasource","","Behavioral Risk Factor Surveillance System","http://www.cdc.gov/brfss","BRFSS","CDC"
"","","","","","","","","","","","","","","","","","","","","","","MeasureDefinitions","%","Percent","","",""
"","","","","","","","","","","","","","","","","","","","","","","MeasureDefinitions","CI","95% Confidence Interval","","",""
"","","","","","","","","","","","","","","","","","","","","","","MeasureDefinitions","n","“Sample Size”. Translates to the number of adult respondents who answered this question, or were assigned to this category based on question responses for a calculated variable, or the number of states included for a median.","","",""
"","","","","","","","","","","","","","","","","","","","","","","MeasureDefinitions","N/A","Translates to no data available for a record.","","",""
"","","","","","","","","","","","","","","","","","","","","","","MeasureDefinitions","No Data","Translates to no data available for record.","","",""
"","","","","","","","","","","","","","","","","","","","","","","SuggestedCitation","","Centers for Disease Control and Prevention, National Center for Chronic Disease Prevention and Health Promotion, Division of Population Health. BRFSS Prevalence & Trends Data [online]. 2015.","https://www.cdc.gov/brfss/brfssprevalence/","",""
"","","","","","","","","","","","","","","","","","","","","","","RelatedLinks","","Prevalence Data and Data Analysis Tools","/brfss/data_tools.htm","",""
"","","","","","","","","","","","","","","","","","","","","","","RelatedLinks","","Behavioral Risk Factor Surveillance System (BRFSS)","/brfss/index.html","",""
"","","","","","","","","","","","","","","","","","","","","","","RelatedLinks","","Division of Population Health","/nccdphp/dph/index.html","",""
"","","","","","","","","","","","","","","","","","","","","","","RelatedLinks","","Survey Data & Documentation","/brfss/data_documentation/index.htm","",""
