﻿"ID","Year","LocationAbbr","LocationDesc","Class","Topic","Indicator","Response","DataSource","Data_Value_Unit","Data_Value_Type","Data_Value","Data_Value_Footnote_Symbol","Data_Value_Footnote","Low_Confidence_Limit","High_Confidence_Limit","Sample_Size","Stratification","StratificationType","IndicatorId","LocationOrder","ParentStateDisplayOrder","FootnoteType","FootNoteSymbol","FootnoteText","URL","DatasourceAbbr","Agency"
"2929007","2017","AL","Alabama","Physical Activity","Exercise","During the past month, did you participate in any physical activities? (variable calculated from one or more BRFSS questions)","Yes","BRFSS","%","Crude Prevalence","72.2","","","69.9","74.4","1750","Male","Gender","_TOTINDA","3","3","","","","","",""
"2929008","2017","AL","Alabama","Physical Activity","Exercise","During the past month, did you participate in any physical activities? (variable calculated from one or more BRFSS questions)","Yes","BRFSS","%","Crude Prevalence","64.2","","","62.1","66.3","2291","Female","Gender","_TOTINDA","3","3","","","","","",""
"2933177","2017","AK","Alaska","Physical Activity","Exercise","During the past month, did you participate in any physical activities? (variable calculated from one or more BRFSS questions)","Yes","BRFSS","%","Crude Prevalence","78.9","","","75.6","82.3","1100","Male","Gender","_TOTINDA","4","4","","","","","",""
"2933178","2017","AK","Alaska","Physical Activity","Exercise","During the past month, did you participate in any physical activities? (variable calculated from one or more BRFSS questions)","Yes","BRFSS","%","Crude Prevalence","79.8","","","76.6","83.0","1197","Female","Gender","_TOTINDA","4","4","","","","","",""
"2938437","2017","AZ","Arizona","Physical Activity","Exercise","During the past month, did you participate in any physical activities? (variable calculated from one or more BRFSS questions)","Yes","BRFSS","%","Crude Prevalence","76.5","","","75.1","77.9","4839","Male","Gender","_TOTINDA","5","5","","","","","",""
"2938438","2017","AZ","Arizona","Physical Activity","Exercise","During the past month, did you participate in any physical activities? (variable calculated from one or more BRFSS questions)","Yes","BRFSS","%","Crude Prevalence","73.5","","","72.2","74.8","5690","Female","Gender","_TOTINDA","5","5","","","","","",""
"2942127","2017","AR","Arkansas","Physical Activity","Exercise","During the past month, did you participate in any physical activities? (variable calculated from one or more BRFSS questions)","Yes","BRFSS","%","Crude Prevalence","71.0","","","67.4","74.6","1181","Male","Gender","_TOTINDA","6","6","","","","","",""
"2942128","2017","AR","Arkansas","Physical Activity","Exercise","During the past month, did you participate in any physical activities? (variable calculated from one or more BRFSS questions)","Yes","BRFSS","%","Crude Prevalence","64.1","","","60.9","67.2","1924","Female","Gender","_TOTINDA","6","6","","","","","",""
"2946914","2017","CA","California","Physical Activity","Exercise","During the past month, did you participate in any physical activities? (variable calculated from one or more BRFSS questions)","Yes","BRFSS","%","Crude Prevalence","81.1","","","79.5","82.7","3283","Male","Gender","_TOTINDA","7","7","","","","","",""
"2946915","2017","CA","California","Physical Activity","Exercise","During the past month, did you participate in any physical activities? (variable calculated from one or more BRFSS questions)","Yes","BRFSS","%","Crude Prevalence","78.9","","","77.2","80.7","3374","Female","Gender","_TOTINDA","7","7","","","","","",""
"2951186","2017","CO","Colorado","Physical Activity","Exercise","During the past month, did you participate in any physical activities? (variable calculated from one or more BRFSS questions)","Yes","BRFSS","%","Crude Prevalence","81.8","","","80.3","83.3","3317","Male","Gender","_TOTINDA","8","8","","","","","",""
"2951187","2017","CO","Colorado","Physical Activity","Exercise","During the past month, did you participate in any physical activities? (variable calculated from one or more BRFSS questions)","Yes","BRFSS","%","Crude Prevalence","79.4","","","77.9","80.9","3720","Female","Gender","_TOTINDA","8","8","","","","","",""
"2955522","2017","CT","Connecticut","Physical Activity","Exercise","During the past month, did you participate in any physical activities? (variable calculated from one or more BRFSS questions)","Yes","BRFSS","%","Crude Prevalence","77.6","","","75.8","79.4","3309","Male","Gender","_TOTINDA","9","9","","","","","",""
"2955523","2017","CT","Connecticut","Physical Activity","Exercise","During the past month, did you participate in any physical activities? (variable calculated from one or more BRFSS questions)","Yes","BRFSS","%","Crude Prevalence","74.5","","","72.8","76.2","4118","Female","Gender","_TOTINDA","9","9","","","","","",""
"2959783","2017","DE","Delaware","Physical Activity","Exercise","During the past month, did you participate in any physical activities? (variable calculated from one or more BRFSS questions)","Yes","BRFSS","%","Crude Prevalence","72.0","","","69.0","75.1","1220","Male","Gender","_TOTINDA","10","10","","","","","",""
"2959784","2017","DE","Delaware","Physical Activity","Exercise","During the past month, did you participate in any physical activities? (variable calculated from one or more BRFSS questions)","Yes","BRFSS","%","Crude Prevalence","66.4","","","63.5","69.2","1368","Female","Gender","_TOTINDA","10","10","","","","","",""
"2963749","2017","DC","District of Columbia","Physical Activity","Exercise","During the past month, did you participate in any physical activities? (variable calculated from one or more BRFSS questions)","Yes","BRFSS","%","Crude Prevalence","77.9","","","75.2","80.6","1197","Male","Gender","_TOTINDA","11","11","","","","","",""
"2963750","2017","DC","District of Columbia","Physical Activity","Exercise","During the past month, did you participate in any physical activities? (variable calculated from one or more BRFSS questions)","Yes","BRFSS","%","Crude Prevalence","73.9","","","71.1","76.6","1572","Female","Gender","_TOTINDA","11","11","","","","","",""
"2968482","2017","FL","Florida","Physical Activity","Exercise","During the past month, did you participate in any physical activities? (variable calculated from one or more BRFSS questions)","Yes","BRFSS","%","Crude Prevalence","73.1","","","71.0","75.2","6230","Male","Gender","_TOTINDA","12","12","","","","","",""
"2968483","2017","FL","Florida","Physical Activity","Exercise","During the past month, did you participate in any physical activities? (variable calculated from one or more BRFSS questions)","Yes","BRFSS","%","Crude Prevalence","68.7","","","66.7","70.7","7548","Female","Gender","_TOTINDA","12","12","","","","","",""
"2973420","2017","GA","Georgia","Physical Activity","Exercise","During the past month, did you participate in any physical activities? (variable calculated from one or more BRFSS questions)","Yes","BRFSS","%","Crude Prevalence","71.1","","","68.8","73.4","1679","Male","Gender","_TOTINDA","13","13","","","","","",""
"2973421","2017","GA","Georgia","Physical Activity","Exercise","During the past month, did you participate in any physical activities? (variable calculated from one or more BRFSS questions)","Yes","BRFSS","%","Crude Prevalence","67.1","","","64.9","69.2","1992","Female","Gender","_TOTINDA","13","13","","","","","",""
"2977519","2017","HI","Hawaii","Physical Activity","Exercise","During the past month, did you participate in any physical activities? (variable calculated from one or more BRFSS questions)","Yes","BRFSS","%","Crude Prevalence","81.2","","","79.3","83.1","2768","Male","Gender","_TOTINDA","14","14","","","","","",""
"2977520","2017","HI","Hawaii","Physical Activity","Exercise","During the past month, did you participate in any physical activities? (variable calculated from one or more BRFSS questions)","Yes","BRFSS","%","Crude Prevalence","71.7","","","69.5","73.9","2853","Female","Gender","_TOTINDA","14","14","","","","","",""
"2982373","2017","ID","Idaho","Physical Activity","Exercise","During the past month, did you participate in any physical activities? (variable calculated from one or more BRFSS questions)","Yes","BRFSS","%","Crude Prevalence","74.0","","","71.4","76.5","1533","Male","Gender","_TOTINDA","15","15","","","","","",""
"2982374","2017","ID","Idaho","Physical Activity","Exercise","During the past month, did you participate in any physical activities? (variable calculated from one or more BRFSS questions)","Yes","BRFSS","%","Crude Prevalence","77.6","","","75.4","79.8","1880","Female","Gender","_TOTINDA","15","15","","","","","",""
"2986808","2017","IL","Illinois","Physical Activity","Exercise","During the past month, did you participate in any physical activities? (variable calculated from one or more BRFSS questions)","Yes","BRFSS","%","Crude Prevalence","77.8","","","75.7","79.9","1777","Male","Gender","_TOTINDA","16","16","","","","","",""
"2986809","2017","IL","Illinois","Physical Activity","Exercise","During the past month, did you participate in any physical activities? (variable calculated from one or more BRFSS questions)","Yes","BRFSS","%","Crude Prevalence","74.2","","","72.1","76.3","2115","Female","Gender","_TOTINDA","16","16","","","","","",""
"2990924","2017","IN","Indiana","Physical Activity","Exercise","During the past month, did you participate in any physical activities? (variable calculated from one or more BRFSS questions)","Yes","BRFSS","%","Crude Prevalence","72.2","","","70.6","73.7","3920","Male","Gender","_TOTINDA","17","17","","","","","",""
"2990925","2017","IN","Indiana","Physical Activity","Exercise","During the past month, did you participate in any physical activities? (variable calculated from one or more BRFSS questions)","Yes","BRFSS","%","Crude Prevalence","68.4","","","67.0","69.9","4871","Female","Gender","_TOTINDA","17","17","","","","","",""
"2995150","2017","IA","Iowa","Physical Activity","Exercise","During the past month, did you participate in any physical activities? (variable calculated from one or more BRFSS questions)","Yes","BRFSS","%","Crude Prevalence","74.6","","","72.9","76.3","2500","Male","Gender","_TOTINDA","18","18","","","","","",""
"2995151","2017","IA","Iowa","Physical Activity","Exercise","During the past month, did you participate in any physical activities? (variable calculated from one or more BRFSS questions)","Yes","BRFSS","%","Crude Prevalence","75.5","","","73.8","77.1","2810","Female","Gender","_TOTINDA","18","18","","","","","",""
"3000142","2017","KS","Kansas","Physical Activity","Exercise","During the past month, did you participate in any physical activities? (variable calculated from one or more BRFSS questions)","Yes","BRFSS","%","Crude Prevalence","72.9","","","71.8","74.1","6701","Male","Gender","_TOTINDA","19","19","","","","","",""
"3000143","2017","KS","Kansas","Physical Activity","Exercise","During the past month, did you participate in any physical activities? (variable calculated from one or more BRFSS questions)","Yes","BRFSS","%","Crude Prevalence","71.3","","","70.2","72.4","7479","Female","Gender","_TOTINDA","19","19","","","","","",""
"3003820","2017","KY","Kentucky","Physical Activity","Exercise","During the past month, did you participate in any physical activities? (variable calculated from one or more BRFSS questions)","Yes","BRFSS","%","Crude Prevalence","68.9","","","66.5","71.3","2293","Male","Gender","_TOTINDA","20","20","","","","","",""
"3003821","2017","KY","Kentucky","Physical Activity","Exercise","During the past month, did you participate in any physical activities? (variable calculated from one or more BRFSS questions)","Yes","BRFSS","%","Crude Prevalence","62.4","","","60.0","64.8","2831","Female","Gender","_TOTINDA","20","20","","","","","",""
"3008877","2017","LA","Louisiana","Physical Activity","Exercise","During the past month, did you participate in any physical activities? (variable calculated from one or more BRFSS questions)","Yes","BRFSS","%","Crude Prevalence","69.8","","","67.1","72.6","1273","Male","Gender","_TOTINDA","21","21","","","","","",""
"3008878","2017","LA","Louisiana","Physical Activity","Exercise","During the past month, did you participate in any physical activities? (variable calculated from one or more BRFSS questions)","Yes","BRFSS","%","Crude Prevalence","66.5","","","64.1","69.0","1628","Female","Gender","_TOTINDA","21","21","","","","","",""
"3013151","2017","ME","Maine","Physical Activity","Exercise","During the past month, did you participate in any physical activities? (variable calculated from one or more BRFSS questions)","Yes","BRFSS","%","Crude Prevalence","73.4","","","71.1","75.6","2913","Male","Gender","_TOTINDA","22","22","","","","","",""
"3013152","2017","ME","Maine","Physical Activity","Exercise","During the past month, did you participate in any physical activities? (variable calculated from one or more BRFSS questions)","Yes","BRFSS","%","Crude Prevalence","76.3","","","74.5","78.0","3959","Female","Gender","_TOTINDA","22","22","","","","","",""
"3017513","2017","MD","Maryland","Physical Activity","Exercise","During the past month, did you participate in any physical activities? (variable calculated from one or more BRFSS questions)","Yes","BRFSS","%","Crude Prevalence","76.8","","","74.9","78.6","3843","Male","Gender","_TOTINDA","23","23","","","","","",""
"3017514","2017","MD","Maryland","Physical Activity","Exercise","During the past month, did you participate in any physical activities? (variable calculated from one or more BRFSS questions)","Yes","BRFSS","%","Crude Prevalence","72.2","","","70.4","73.9","5210","Female","Gender","_TOTINDA","23","23","","","","","",""
"3022103","2017","MA","Massachusetts","Physical Activity","Exercise","During the past month, did you participate in any physical activities? (variable calculated from one or more BRFSS questions)","Yes","BRFSS","%","Crude Prevalence","76.9","","","74.5","79.4","2258","Male","Gender","_TOTINDA","24","24","","","","","",""
"3022104","2017","MA","Massachusetts","Physical Activity","Exercise","During the past month, did you participate in any physical activities? (variable calculated from one or more BRFSS questions)","Yes","BRFSS","%","Crude Prevalence","73.6","","","71.1","76.1","2700","Female","Gender","_TOTINDA","24","24","","","","","",""
"3026207","2017","MI","Michigan","Physical Activity","Exercise","During the past month, did you participate in any physical activities? (variable calculated from one or more BRFSS questions)","Yes","BRFSS","%","Crude Prevalence","74.7","","","73.0","76.3","3480","Male","Gender","_TOTINDA","25","25","","","","","",""
"3026208","2017","MI","Michigan","Physical Activity","Exercise","During the past month, did you participate in any physical activities? (variable calculated from one or more BRFSS questions)","Yes","BRFSS","%","Crude Prevalence","71.0","","","69.5","72.6","4164","Female","Gender","_TOTINDA","25","25","","","","","",""
"3030891","2017","MN","Minnesota","Physical Activity","Exercise","During the past month, did you participate in any physical activities? (variable calculated from one or more BRFSS questions)","Yes","BRFSS","%","Crude Prevalence","75.2","","","74.0","76.5","5616","Male","Gender","_TOTINDA","26","26","","","","","",""
"3030892","2017","MN","Minnesota","Physical Activity","Exercise","During the past month, did you participate in any physical activities? (variable calculated from one or more BRFSS questions)","Yes","BRFSS","%","Crude Prevalence","75.5","","","74.3","76.7","6203","Female","Gender","_TOTINDA","26","26","","","","","",""
"3035012","2017","MS","Mississippi","Physical Activity","Exercise","During the past month, did you participate in any physical activities? (variable calculated from one or more BRFSS questions)","Yes","BRFSS","%","Crude Prevalence","70.7","","","67.7","73.6","1260","Male","Gender","_TOTINDA","27","27","","","","","",""
"3035013","2017","MS","Mississippi","Physical Activity","Exercise","During the past month, did you participate in any physical activities? (variable calculated from one or more BRFSS questions)","Yes","BRFSS","%","Crude Prevalence","63.4","","","60.6","66.2","1769","Female","Gender","_TOTINDA","27","27","","","","","",""
"3040149","2017","MO","Missouri","Physical Activity","Exercise","During the past month, did you participate in any physical activities? (variable calculated from one or more BRFSS questions)","Yes","BRFSS","%","Crude Prevalence","71.6","","","69.4","73.8","2161","Male","Gender","_TOTINDA","28","28","","","","","",""
"3040150","2017","MO","Missouri","Physical Activity","Exercise","During the past month, did you participate in any physical activities? (variable calculated from one or more BRFSS questions)","Yes","BRFSS","%","Crude Prevalence","70.2","","","68.2","72.1","2800","Female","Gender","_TOTINDA","28","28","","","","","",""
"3043895","2017","MT","Montana","Physical Activity","Exercise","During the past month, did you participate in any physical activities? (variable calculated from one or more BRFSS questions)","Yes","BRFSS","%","Crude Prevalence","73.4","","","71.1","75.6","1870","Male","Gender","_TOTINDA","29","29","","","","","",""
"3043896","2017","MT","Montana","Physical Activity","Exercise","During the past month, did you participate in any physical activities? (variable calculated from one or more BRFSS questions)","Yes","BRFSS","%","Crude Prevalence","76.7","","","74.6","78.7","2193","Female","Gender","_TOTINDA","29","29","","","","","",""
"3048778","2017","NE","Nebraska","Physical Activity","Exercise","During the past month, did you participate in any physical activities? (variable calculated from one or more BRFSS questions)","Yes","BRFSS","%","Crude Prevalence","74.3","","","72.7","75.9","4546","Male","Gender","_TOTINDA","30","30","","","","","",""
"3048779","2017","NE","Nebraska","Physical Activity","Exercise","During the past month, did you participate in any physical activities? (variable calculated from one or more BRFSS questions)","Yes","BRFSS","%","Crude Prevalence","75.0","","","73.5","76.5","5669","Female","Gender","_TOTINDA","30","30","","","","","",""
"3052608","2017","NV","Nevada","Physical Activity","Exercise","During the past month, did you participate in any physical activities? (variable calculated from one or more BRFSS questions)","Yes","BRFSS","%","Crude Prevalence","70.3","","","66.9","73.7","1186","Male","Gender","_TOTINDA","31","31","","","","","",""
"3052609","2017","NV","Nevada","Physical Activity","Exercise","During the past month, did you participate in any physical activities? (variable calculated from one or more BRFSS questions)","Yes","BRFSS","%","Crude Prevalence","73.7","","","70.6","76.8","1471","Female","Gender","_TOTINDA","31","31","","","","","",""
"3057567","2017","NH","New Hampshire","Physical Activity","Exercise","During the past month, did you participate in any physical activities? (variable calculated from one or more BRFSS questions)","Yes","BRFSS","%","Crude Prevalence","77.7","","","75.2","80.1","1721","Male","Gender","_TOTINDA","32","32","","","","","",""
"3057568","2017","NH","New Hampshire","Physical Activity","Exercise","During the past month, did you participate in any physical activities? (variable calculated from one or more BRFSS questions)","Yes","BRFSS","%","Crude Prevalence","74.7","","","72.4","77.0","2265","Female","Gender","_TOTINDA","32","32","","","","","",""
"3061656","2017","NJ","New Jersey","Physical Activity","Exercise","During the past month, did you participate in any physical activities? (variable calculated from one or more BRFSS questions)","Yes","BRFSS","%","Crude Prevalence","73.6","","","71.5","75.8","3342","Male","Gender","_TOTINDA","33","33","","","","","",""
"3061657","2017","NJ","New Jersey","Physical Activity","Exercise","During the past month, did you participate in any physical activities? (variable calculated from one or more BRFSS questions)","Yes","BRFSS","%","Crude Prevalence","68.5","","","66.5","70.5","4292","Female","Gender","_TOTINDA","33","33","","","","","",""
"3066405","2017","NM","New Mexico","Physical Activity","Exercise","During the past month, did you participate in any physical activities? (variable calculated from one or more BRFSS questions)","Yes","BRFSS","%","Crude Prevalence","77.8","","","75.5","80.0","2031","Male","Gender","_TOTINDA","34","34","","","","","",""
"3066406","2017","NM","New Mexico","Physical Activity","Exercise","During the past month, did you participate in any physical activities? (variable calculated from one or more BRFSS questions)","Yes","BRFSS","%","Crude Prevalence","73.3","","","71.1","75.5","2393","Female","Gender","_TOTINDA","34","34","","","","","",""
"3071133","2017","NY","New York","Physical Activity","Exercise","During the past month, did you participate in any physical activities? (variable calculated from one or more BRFSS questions)","Yes","BRFSS","%","Crude Prevalence","75.7","","","74.0","77.3","3822","Male","Gender","_TOTINDA","35","35","","","","","",""
"3071134","2017","NY","New York","Physical Activity","Exercise","During the past month, did you participate in any physical activities? (variable calculated from one or more BRFSS questions)","Yes","BRFSS","%","Crude Prevalence","70.3","","","68.6","72.0","4237","Female","Gender","_TOTINDA","35","35","","","","","",""
"3075015","2017","NC","North Carolina","Physical Activity","Exercise","During the past month, did you participate in any physical activities? (variable calculated from one or more BRFSS questions)","Yes","BRFSS","%","Crude Prevalence","74.9","","","72.4","77.3","1528","Male","Gender","_TOTINDA","36","36","","","","","",""
"3075016","2017","NC","North Carolina","Physical Activity","Exercise","During the past month, did you participate in any physical activities? (variable calculated from one or more BRFSS questions)","Yes","BRFSS","%","Crude Prevalence","74.1","","","71.8","76.4","1837","Female","Gender","_TOTINDA","36","36","","","","","",""
"3080138","2017","ND","North Dakota","Physical Activity","Exercise","During the past month, did you participate in any physical activities? (variable calculated from one or more BRFSS questions)","Yes","BRFSS","%","Crude Prevalence","72.6","","","70.6","74.6","2167","Male","Gender","_TOTINDA","37","37","","","","","",""
"3080139","2017","ND","North Dakota","Physical Activity","Exercise","During the past month, did you participate in any physical activities? (variable calculated from one or more BRFSS questions)","Yes","BRFSS","%","Crude Prevalence","72.2","","","70.1","74.3","2465","Female","Gender","_TOTINDA","37","37","","","","","",""
"3084253","2017","OH","Ohio","Physical Activity","Exercise","During the past month, did you participate in any physical activities? (variable calculated from one or more BRFSS questions)","Yes","BRFSS","%","Crude Prevalence","71.9","","","70.0","73.7","3380","Male","Gender","_TOTINDA","38","38","","","","","",""
"3084254","2017","OH","Ohio","Physical Activity","Exercise","During the past month, did you participate in any physical activities? (variable calculated from one or more BRFSS questions)","Yes","BRFSS","%","Crude Prevalence","69.0","","","67.3","70.7","4416","Female","Gender","_TOTINDA","38","38","","","","","",""
"3088684","2017","OK","Oklahoma","Physical Activity","Exercise","During the past month, did you participate in any physical activities? (variable calculated from one or more BRFSS questions)","Yes","BRFSS","%","Crude Prevalence","70.3","","","68.0","72.5","1719","Male","Gender","_TOTINDA","39","39","","","","","",""
"3088685","2017","OK","Oklahoma","Physical Activity","Exercise","During the past month, did you participate in any physical activities? (variable calculated from one or more BRFSS questions)","Yes","BRFSS","%","Crude Prevalence","65.2","","","63.1","67.3","2316","Female","Gender","_TOTINDA","39","39","","","","","",""
"3092917","2017","OR","Oregon","Physical Activity","Exercise","During the past month, did you participate in any physical activities? (variable calculated from one or more BRFSS questions)","Yes","BRFSS","%","Crude Prevalence","79.7","","","77.6","81.7","1723","Male","Gender","_TOTINDA","40","40","","","","","",""
"3092918","2017","OR","Oregon","Physical Activity","Exercise","During the past month, did you participate in any physical activities? (variable calculated from one or more BRFSS questions)","Yes","BRFSS","%","Crude Prevalence","77.6","","","75.5","79.6","2178","Female","Gender","_TOTINDA","40","40","","","","","",""
"3097155","2017","PA","Pennsylvania","Physical Activity","Exercise","During the past month, did you participate in any physical activities? (variable calculated from one or more BRFSS questions)","Yes","BRFSS","%","Crude Prevalence","76.2","","","74.0","78.4","2235","Male","Gender","_TOTINDA","41","41","","","","","",""
"3097156","2017","PA","Pennsylvania","Physical Activity","Exercise","During the past month, did you participate in any physical activities? (variable calculated from one or more BRFSS questions)","Yes","BRFSS","%","Crude Prevalence","74.1","","","72.1","76.1","2403","Female","Gender","_TOTINDA","41","41","","","","","",""
"3102322","2017","RI","Rhode Island","Physical Activity","Exercise","During the past month, did you participate in any physical activities? (variable calculated from one or more BRFSS questions)","Yes","BRFSS","%","Crude Prevalence","76.9","","","74.3","79.5","1684","Male","Gender","_TOTINDA","42","42","","","","","",""
"3102323","2017","RI","Rhode Island","Physical Activity","Exercise","During the past month, did you participate in any physical activities? (variable calculated from one or more BRFSS questions)","Yes","BRFSS","%","Crude Prevalence","70.9","","","68.5","73.3","2115","Female","Gender","_TOTINDA","42","42","","","","","",""
"3106365","2017","SC","South Carolina","Physical Activity","Exercise","During the past month, did you participate in any physical activities? (variable calculated from one or more BRFSS questions)","Yes","BRFSS","%","Crude Prevalence","73.9","","","72.1","75.7","3175","Male","Gender","_TOTINDA","43","43","","","","","",""
"3106366","2017","SC","South Carolina","Physical Activity","Exercise","During the past month, did you participate in any physical activities? (variable calculated from one or more BRFSS questions)","Yes","BRFSS","%","Crude Prevalence","69.5","","","67.9","71.1","4212","Female","Gender","_TOTINDA","43","43","","","","","",""
"3110924","2017","SD","South Dakota","Physical Activity","Exercise","During the past month, did you participate in any physical activities? (variable calculated from one or more BRFSS questions)","Yes","BRFSS","%","Crude Prevalence","72.2","","","69.2","75.2","2087","Male","Gender","_TOTINDA","44","44","","","","","",""
"3110925","2017","SD","South Dakota","Physical Activity","Exercise","During the past month, did you participate in any physical activities? (variable calculated from one or more BRFSS questions)","Yes","BRFSS","%","Crude Prevalence","78.1","","","75.6","80.5","2805","Female","Gender","_TOTINDA","44","44","","","","","",""
"3115411","2017","TN","Tennessee","Physical Activity","Exercise","During the past month, did you participate in any physical activities? (variable calculated from one or more BRFSS questions)","Yes","BRFSS","%","Crude Prevalence","71.5","","","68.9","74.2","1662","Male","Gender","_TOTINDA","45","45","","","","","",""
"3115412","2017","TN","Tennessee","Physical Activity","Exercise","During the past month, did you participate in any physical activities? (variable calculated from one or more BRFSS questions)","Yes","BRFSS","%","Crude Prevalence","67.5","","","65.2","69.8","1936","Female","Gender","_TOTINDA","45","45","","","","","",""
"3119887","2017","TX","Texas","Physical Activity","Exercise","During the past month, did you participate in any physical activities? (variable calculated from one or more BRFSS questions)","Yes","BRFSS","%","Crude Prevalence","69.8","","","67.1","72.5","3251","Male","Gender","_TOTINDA","46","46","","","","","",""
"3119888","2017","TX","Texas","Physical Activity","Exercise","During the past month, did you participate in any physical activities? (variable calculated from one or more BRFSS questions)","Yes","BRFSS","%","Crude Prevalence","66.1","","","63.5","68.8","4332","Female","Gender","_TOTINDA","46","46","","","","","",""
"3123901","2017","UT","Utah","Physical Activity","Exercise","During the past month, did you participate in any physical activities? (variable calculated from one or more BRFSS questions)","Yes","BRFSS","%","Crude Prevalence","78.8","","","77.3","80.3","3677","Male","Gender","_TOTINDA","47","47","","","","","",""
"3123902","2017","UT","Utah","Physical Activity","Exercise","During the past month, did you participate in any physical activities? (variable calculated from one or more BRFSS questions)","Yes","BRFSS","%","Crude Prevalence","79.1","","","77.6","80.5","3987","Female","Gender","_TOTINDA","47","47","","","","","",""
"3128238","2017","VT","Vermont","Physical Activity","Exercise","During the past month, did you participate in any physical activities? (variable calculated from one or more BRFSS questions)","Yes","BRFSS","%","Crude Prevalence","78.4","","","76.3","80.5","2103","Male","Gender","_TOTINDA","48","48","","","","","",""
"3128239","2017","VT","Vermont","Physical Activity","Exercise","During the past month, did you participate in any physical activities? (variable calculated from one or more BRFSS questions)","Yes","BRFSS","%","Crude Prevalence","78.4","","","76.4","80.5","2590","Female","Gender","_TOTINDA","48","48","","","","","",""
"3133424","2017","VA","Virginia","Physical Activity","Exercise","During the past month, did you participate in any physical activities? (variable calculated from one or more BRFSS questions)","Yes","BRFSS","%","Crude Prevalence","75.3","","","73.4","77.3","3015","Male","Gender","_TOTINDA","49","49","","","","","",""
"3133425","2017","VA","Virginia","Physical Activity","Exercise","During the past month, did you participate in any physical activities? (variable calculated from one or more BRFSS questions)","Yes","BRFSS","%","Crude Prevalence","72.8","","","71.0","74.7","3659","Female","Gender","_TOTINDA","49","49","","","","","",""
"3137464","2017","WA","Washington","Physical Activity","Exercise","During the past month, did you participate in any physical activities? (variable calculated from one or more BRFSS questions)","Yes","BRFSS","%","Crude Prevalence","81.8","","","80.5","83.0","4594","Male","Gender","_TOTINDA","50","50","","","","","",""
"3137465","2017","WA","Washington","Physical Activity","Exercise","During the past month, did you participate in any physical activities? (variable calculated from one or more BRFSS questions)","Yes","BRFSS","%","Crude Prevalence","79.8","","","78.4","81.1","5352","Female","Gender","_TOTINDA","50","50","","","","","",""
"3141474","2017","WV","West Virginia","Physical Activity","Exercise","During the past month, did you participate in any physical activities? (variable calculated from one or more BRFSS questions)","Yes","BRFSS","%","Crude Prevalence","69.6","","","67.2","71.9","1581","Male","Gender","_TOTINDA","51","51","","","","","",""
"3141475","2017","WV","West Virginia","Physical Activity","Exercise","During the past month, did you participate in any physical activities? (variable calculated from one or more BRFSS questions)","Yes","BRFSS","%","Crude Prevalence","67.3","","","65.3","69.4","1979","Female","Gender","_TOTINDA","51","51","","","","","",""
"3146398","2017","WI","Wisconsin","Physical Activity","Exercise","During the past month, did you participate in any physical activities? (variable calculated from one or more BRFSS questions)","Yes","BRFSS","%","Crude Prevalence","78.1","","","75.8","80.4","1857","Male","Gender","_TOTINDA","52","52","","","","","",""
"3146399","2017","WI","Wisconsin","Physical Activity","Exercise","During the past month, did you participate in any physical activities? (variable calculated from one or more BRFSS questions)","Yes","BRFSS","%","Crude Prevalence","77.2","","","75.0","79.5","2218","Female","Gender","_TOTINDA","52","52","","","","","",""
"3150920","2017","WY","Wyoming","Physical Activity","Exercise","During the past month, did you participate in any physical activities? (variable calculated from one or more BRFSS questions)","Yes","BRFSS","%","Crude Prevalence","72.0","","","69.5","74.5","1408","Male","Gender","_TOTINDA","53","53","","","","","",""
"3150921","2017","WY","Wyoming","Physical Activity","Exercise","During the past month, did you participate in any physical activities? (variable calculated from one or more BRFSS questions)","Yes","BRFSS","%","Crude Prevalence","76.8","","","74.6","78.9","1710","Female","Gender","_TOTINDA","53","53","","","","","",""
"3155283","2017","GU","Guam","Physical Activity","Exercise","During the past month, did you participate in any physical activities? (variable calculated from one or more BRFSS questions)","Yes","BRFSS","%","Crude Prevalence","70.2","","","65.6","74.8","474","Male","Gender","_TOTINDA","56","56","","","","","",""
"3155284","2017","GU","Guam","Physical Activity","Exercise","During the past month, did you participate in any physical activities? (variable calculated from one or more BRFSS questions)","Yes","BRFSS","%","Crude Prevalence","62.9","","","58.1","67.8","474","Female","Gender","_TOTINDA","56","56","","","","","",""
"3159091","2017","PR","Puerto Rico","Physical Activity","Exercise","During the past month, did you participate in any physical activities? (variable calculated from one or more BRFSS questions)","Yes","BRFSS","%","Crude Prevalence","51.7","","","48.5","54.9","926","Male","Gender","_TOTINDA","60","60","","","","","",""
"3159092","2017","PR","Puerto Rico","Physical Activity","Exercise","During the past month, did you participate in any physical activities? (variable calculated from one or more BRFSS questions)","Yes","BRFSS","%","Crude Prevalence","41.0","","","38.6","43.4","1126","Female","Gender","_TOTINDA","60","60","","","","","",""
"","","","","","","","","","","","","","","","","","","","","","","Datasource","","Behavioral Risk Factor Surveillance System","http://www.cdc.gov/brfss","BRFSS","CDC"
"","","","","","","","","","","","","","","","","","","","","","","MeasureDefinitions","%","Percent","","",""
"","","","","","","","","","","","","","","","","","","","","","","MeasureDefinitions","CI","95% Confidence Interval","","",""
"","","","","","","","","","","","","","","","","","","","","","","MeasureDefinitions","n","“Sample Size”. Translates to the number of adult respondents who answered this question, or were assigned to this category based on question responses for a calculated variable, or the number of states included for a median.","","",""
"","","","","","","","","","","","","","","","","","","","","","","MeasureDefinitions","N/A","Translates to no data available for a record.","","",""
"","","","","","","","","","","","","","","","","","","","","","","MeasureDefinitions","No Data","Translates to no data available for record.","","",""
"","","","","","","","","","","","","","","","","","","","","","","SuggestedCitation","","Centers for Disease Control and Prevention, National Center for Chronic Disease Prevention and Health Promotion, Division of Population Health. BRFSS Prevalence & Trends Data [online]. 2015.","https://www.cdc.gov/brfss/brfssprevalence/","",""
"","","","","","","","","","","","","","","","","","","","","","","RelatedLinks","","Prevalence Data and Data Analysis Tools","/brfss/data_tools.htm","",""
"","","","","","","","","","","","","","","","","","","","","","","RelatedLinks","","Behavioral Risk Factor Surveillance System (BRFSS)","/brfss/index.html","",""
"","","","","","","","","","","","","","","","","","","","","","","RelatedLinks","","Division of Population Health","/nccdphp/dph/index.html","",""
"","","","","","","","","","","","","","","","","","","","","","","RelatedLinks","","Survey Data & Documentation","/brfss/data_documentation/index.htm","",""
