﻿"ID","Year","LocationAbbr","LocationDesc","Class","Topic","Indicator","Response","DataSource","Data_Value_Unit","Data_Value_Type","Data_Value","Data_Value_Footnote_Symbol","Data_Value_Footnote","Low_Confidence_Limit","High_Confidence_Limit","Sample_Size","Stratification","StratificationType","IndicatorId","LocationOrder","ParentStateDisplayOrder","FootnoteType","FootNoteSymbol","FootnoteText","URL","DatasourceAbbr","Agency"
"3163887","2018","AL","Alabama","Physical Activity","Exercise","During the past month, did you participate in any physical activities? (variable calculated from one or more BRFSS questions)","Yes","BRFSS","%","Crude Prevalence","72.8","","","70.5","75.1","1980","Male","Gender","_TOTINDA","3","3","","","","","",""
"3163888","2018","AL","Alabama","Physical Activity","Exercise","During the past month, did you participate in any physical activities? (variable calculated from one or more BRFSS questions)","Yes","BRFSS","%","Crude Prevalence","66.1","","","64.1","68.2","2517","Female","Gender","_TOTINDA","3","3","","","","","",""
"3167902","2018","AK","Alaska","Physical Activity","Exercise","During the past month, did you participate in any physical activities? (variable calculated from one or more BRFSS questions)","Yes","BRFSS","%","Crude Prevalence","82.6","","","79.8","85.5","1121","Male","Gender","_TOTINDA","4","4","","","","","",""
"3167903","2018","AK","Alaska","Physical Activity","Exercise","During the past month, did you participate in any physical activities? (variable calculated from one or more BRFSS questions)","Yes","BRFSS","%","Crude Prevalence","77.9","","","74.6","81.2","1060","Female","Gender","_TOTINDA","4","4","","","","","",""
"3171636","2018","AZ","Arizona","Physical Activity","Exercise","During the past month, did you participate in any physical activities? (variable calculated from one or more BRFSS questions)","Yes","BRFSS","%","Crude Prevalence","81.8","","","79.8","83.8","2950","Male","Gender","_TOTINDA","5","5","","","","","",""
"3171637","2018","AZ","Arizona","Physical Activity","Exercise","During the past month, did you participate in any physical activities? (variable calculated from one or more BRFSS questions)","Yes","BRFSS","%","Crude Prevalence","74.1","","","71.8","76.4","3263","Female","Gender","_TOTINDA","5","5","","","","","",""
"3176101","2018","AR","Arkansas","Physical Activity","Exercise","During the past month, did you participate in any physical activities? (variable calculated from one or more BRFSS questions)","Yes","BRFSS","%","Crude Prevalence","71.6","","","68.8","74.3","1328","Male","Gender","_TOTINDA","6","6","","","","","",""
"3176102","2018","AR","Arkansas","Physical Activity","Exercise","During the past month, did you participate in any physical activities? (variable calculated from one or more BRFSS questions)","Yes","BRFSS","%","Crude Prevalence","66.7","","","64.3","69.0","2096","Female","Gender","_TOTINDA","6","6","","","","","",""
"3180381","2018","CA","California","Physical Activity","Exercise","During the past month, did you participate in any physical activities? (variable calculated from one or more BRFSS questions)","Yes","BRFSS","%","Crude Prevalence","80.6","","","79.2","81.9","4935","Male","Gender","_TOTINDA","7","7","","","","","",""
"3180382","2018","CA","California","Physical Activity","Exercise","During the past month, did you participate in any physical activities? (variable calculated from one or more BRFSS questions)","Yes","BRFSS","%","Crude Prevalence","77.5","","","76.1","79.0","4541","Female","Gender","_TOTINDA","7","7","","","","","",""
"3183958","2018","CO","Colorado","Physical Activity","Exercise","During the past month, did you participate in any physical activities? (variable calculated from one or more BRFSS questions)","Yes","BRFSS","%","Crude Prevalence","84.5","","","83.3","85.8","3611","Male","Gender","_TOTINDA","8","8","","","","","",""
"3183959","2018","CO","Colorado","Physical Activity","Exercise","During the past month, did you participate in any physical activities? (variable calculated from one or more BRFSS questions)","Yes","BRFSS","%","Crude Prevalence","82.7","","","81.4","84.0","3742","Female","Gender","_TOTINDA","8","8","","","","","",""
"3188961","2018","CT","Connecticut","Physical Activity","Exercise","During the past month, did you participate in any physical activities? (variable calculated from one or more BRFSS questions)","Yes","BRFSS","%","Crude Prevalence","80.0","","","78.4","81.6","3819","Male","Gender","_TOTINDA","9","9","","","","","",""
"3188962","2018","CT","Connecticut","Physical Activity","Exercise","During the past month, did you participate in any physical activities? (variable calculated from one or more BRFSS questions)","Yes","BRFSS","%","Crude Prevalence","75.4","","","73.8","77.1","4574","Female","Gender","_TOTINDA","9","9","","","","","",""
"3192986","2018","DE","Delaware","Physical Activity","Exercise","During the past month, did you participate in any physical activities? (variable calculated from one or more BRFSS questions)","Yes","BRFSS","%","Crude Prevalence","76.8","","","74.5","79.0","1716","Male","Gender","_TOTINDA","10","10","","","","","",""
"3192987","2018","DE","Delaware","Physical Activity","Exercise","During the past month, did you participate in any physical activities? (variable calculated from one or more BRFSS questions)","Yes","BRFSS","%","Crude Prevalence","70.0","","","67.8","72.2","1962","Female","Gender","_TOTINDA","10","10","","","","","",""
"3197281","2018","DC","District of Columbia","Physical Activity","Exercise","During the past month, did you participate in any physical activities? (variable calculated from one or more BRFSS questions)","Yes","BRFSS","%","Crude Prevalence","84.1","","","81.9","86.2","1651","Male","Gender","_TOTINDA","11","11","","","","","",""
"3197282","2018","DC","District of Columbia","Physical Activity","Exercise","During the past month, did you participate in any physical activities? (variable calculated from one or more BRFSS questions)","Yes","BRFSS","%","Crude Prevalence","77.2","","","74.8","79.7","1867","Female","Gender","_TOTINDA","11","11","","","","","",""
"3200766","2018","FL","Florida","Physical Activity","Exercise","During the past month, did you participate in any physical activities? (variable calculated from one or more BRFSS questions)","Yes","BRFSS","%","Crude Prevalence","76.0","","","73.9","78.1","4970","Male","Gender","_TOTINDA","12","12","","","","","",""
"3200767","2018","FL","Florida","Physical Activity","Exercise","During the past month, did you participate in any physical activities? (variable calculated from one or more BRFSS questions)","Yes","BRFSS","%","Crude Prevalence","70.6","","","68.6","72.6","5752","Female","Gender","_TOTINDA","12","12","","","","","",""
"3204871","2018","GA","Georgia","Physical Activity","Exercise","During the past month, did you participate in any physical activities? (variable calculated from one or more BRFSS questions)","Yes","BRFSS","%","Crude Prevalence","77.1","","","75.5","78.7","3167","Male","Gender","_TOTINDA","13","13","","","","","",""
"3204872","2018","GA","Georgia","Physical Activity","Exercise","During the past month, did you participate in any physical activities? (variable calculated from one or more BRFSS questions)","Yes","BRFSS","%","Crude Prevalence","70.7","","","69.1","72.3","3635","Female","Gender","_TOTINDA","13","13","","","","","",""
"3209429","2018","HI","Hawaii","Physical Activity","Exercise","During the past month, did you participate in any physical activities? (variable calculated from one or more BRFSS questions)","Yes","BRFSS","%","Crude Prevalence","83.8","","","82.3","85.4","3215","Male","Gender","_TOTINDA","14","14","","","","","",""
"3209430","2018","HI","Hawaii","Physical Activity","Exercise","During the past month, did you participate in any physical activities? (variable calculated from one or more BRFSS questions)","Yes","BRFSS","%","Crude Prevalence","76.5","","","74.5","78.5","3212","Female","Gender","_TOTINDA","14","14","","","","","",""
"3213077","2018","ID","Idaho","Physical Activity","Exercise","During the past month, did you participate in any physical activities? (variable calculated from one or more BRFSS questions)","Yes","BRFSS","%","Crude Prevalence","81.1","","","78.7","83.5","1462","Male","Gender","_TOTINDA","15","15","","","","","",""
"3213078","2018","ID","Idaho","Physical Activity","Exercise","During the past month, did you participate in any physical activities? (variable calculated from one or more BRFSS questions)","Yes","BRFSS","%","Crude Prevalence","78.0","","","75.2","80.8","1448","Female","Gender","_TOTINDA","15","15","","","","","",""
"3217100","2018","IL","Illinois","Physical Activity","Exercise","During the past month, did you participate in any physical activities? (variable calculated from one or more BRFSS questions)","Yes","BRFSS","%","Crude Prevalence","78.0","","","76.0","79.9","1973","Male","Gender","_TOTINDA","16","16","","","","","",""
"3217101","2018","IL","Illinois","Physical Activity","Exercise","During the past month, did you participate in any physical activities? (variable calculated from one or more BRFSS questions)","Yes","BRFSS","%","Crude Prevalence","73.1","","","71.0","75.1","2016","Female","Gender","_TOTINDA","16","16","","","","","",""
"3220896","2018","IN","Indiana","Physical Activity","Exercise","During the past month, did you participate in any physical activities? (variable calculated from one or more BRFSS questions)","Yes","BRFSS","%","Crude Prevalence","75.8","","","73.9","77.7","2388","Male","Gender","_TOTINDA","17","17","","","","","",""
"3220897","2018","IN","Indiana","Physical Activity","Exercise","During the past month, did you participate in any physical activities? (variable calculated from one or more BRFSS questions)","Yes","BRFSS","%","Crude Prevalence","69.7","","","67.9","71.4","2885","Female","Gender","_TOTINDA","17","17","","","","","",""
"3224720","2018","IA","Iowa","Physical Activity","Exercise","During the past month, did you participate in any physical activities? (variable calculated from one or more BRFSS questions)","Yes","BRFSS","%","Crude Prevalence","77.6","","","76.2","79.0","3338","Male","Gender","_TOTINDA","18","18","","","","","",""
"3224721","2018","IA","Iowa","Physical Activity","Exercise","During the past month, did you participate in any physical activities? (variable calculated from one or more BRFSS questions)","Yes","BRFSS","%","Crude Prevalence","76.5","","","75.1","78.0","3596","Female","Gender","_TOTINDA","18","18","","","","","",""
"3229464","2018","KS","Kansas","Physical Activity","Exercise","During the past month, did you participate in any physical activities? (variable calculated from one or more BRFSS questions)","Yes","BRFSS","%","Crude Prevalence","79.7","","","78.4","81.1","3906","Male","Gender","_TOTINDA","19","19","","","","","",""
"3229465","2018","KS","Kansas","Physical Activity","Exercise","During the past month, did you participate in any physical activities? (variable calculated from one or more BRFSS questions)","Yes","BRFSS","%","Crude Prevalence","75.3","","","73.8","76.7","4309","Female","Gender","_TOTINDA","19","19","","","","","",""
"3234033","2018","KY","Kentucky","Physical Activity","Exercise","During the past month, did you participate in any physical activities? (variable calculated from one or more BRFSS questions)","Yes","BRFSS","%","Crude Prevalence","69.7","","","67.3","72.1","2494","Male","Gender","_TOTINDA","20","20","","","","","",""
"3234034","2018","KY","Kentucky","Physical Activity","Exercise","During the past month, did you participate in any physical activities? (variable calculated from one or more BRFSS questions)","Yes","BRFSS","%","Crude Prevalence","65.5","","","63.3","67.7","3060","Female","Gender","_TOTINDA","20","20","","","","","",""
"3237496","2018","LA","Louisiana","Physical Activity","Exercise","During the past month, did you participate in any physical activities? (variable calculated from one or more BRFSS questions)","Yes","BRFSS","%","Crude Prevalence","72.6","","","69.9","75.3","1671","Male","Gender","_TOTINDA","21","21","","","","","",""
"3237497","2018","LA","Louisiana","Physical Activity","Exercise","During the past month, did you participate in any physical activities? (variable calculated from one or more BRFSS questions)","Yes","BRFSS","%","Crude Prevalence","66.0","","","63.6","68.4","1926","Female","Gender","_TOTINDA","21","21","","","","","",""
"3242400","2018","ME","Maine","Physical Activity","Exercise","During the past month, did you participate in any physical activities? (variable calculated from one or more BRFSS questions)","Yes","BRFSS","%","Crude Prevalence","76.7","","","74.7","78.7","3511","Male","Gender","_TOTINDA","22","22","","","","","",""
"3242401","2018","ME","Maine","Physical Activity","Exercise","During the past month, did you participate in any physical activities? (variable calculated from one or more BRFSS questions)","Yes","BRFSS","%","Crude Prevalence","78.2","","","76.6","79.8","4802","Female","Gender","_TOTINDA","22","22","","","","","",""
"3245776","2018","MD","Maryland","Physical Activity","Exercise","During the past month, did you participate in any physical activities? (variable calculated from one or more BRFSS questions)","Yes","BRFSS","%","Crude Prevalence","79.5","","","78.0","80.9","5861","Male","Gender","_TOTINDA","23","23","","","","","",""
"3245777","2018","MD","Maryland","Physical Activity","Exercise","During the past month, did you participate in any physical activities? (variable calculated from one or more BRFSS questions)","Yes","BRFSS","%","Crude Prevalence","74.8","","","73.5","76.2","7408","Female","Gender","_TOTINDA","23","23","","","","","",""
"3249704","2018","MA","Massachusetts","Physical Activity","Exercise","During the past month, did you participate in any physical activities? (variable calculated from one or more BRFSS questions)","Yes","BRFSS","%","Crude Prevalence","79.7","","","77.9","81.6","2486","Male","Gender","_TOTINDA","24","24","","","","","",""
"3249705","2018","MA","Massachusetts","Physical Activity","Exercise","During the past month, did you participate in any physical activities? (variable calculated from one or more BRFSS questions)","Yes","BRFSS","%","Crude Prevalence","75.6","","","73.6","77.6","2727","Female","Gender","_TOTINDA","24","24","","","","","",""
"3253698","2018","MI","Michigan","Physical Activity","Exercise","During the past month, did you participate in any physical activities? (variable calculated from one or more BRFSS questions)","Yes","BRFSS","%","Crude Prevalence","78.5","","","77.0","80.0","3826","Male","Gender","_TOTINDA","25","25","","","","","",""
"3253699","2018","MI","Michigan","Physical Activity","Exercise","During the past month, did you participate in any physical activities? (variable calculated from one or more BRFSS questions)","Yes","BRFSS","%","Crude Prevalence","74.0","","","72.5","75.4","4062","Female","Gender","_TOTINDA","25","25","","","","","",""
"3257626","2018","MN","Minnesota","Physical Activity","Exercise","During the past month, did you participate in any physical activities? (variable calculated from one or more BRFSS questions)","Yes","BRFSS","%","Crude Prevalence","80.3","","","79.2","81.3","6667","Male","Gender","_TOTINDA","26","26","","","","","",""
"3257627","2018","MN","Minnesota","Physical Activity","Exercise","During the past month, did you participate in any physical activities? (variable calculated from one or more BRFSS questions)","Yes","BRFSS","%","Crude Prevalence","78.7","","","77.6","79.8","6782","Female","Gender","_TOTINDA","26","26","","","","","",""
"3262368","2018","MS","Mississippi","Physical Activity","Exercise","During the past month, did you participate in any physical activities? (variable calculated from one or more BRFSS questions)","Yes","BRFSS","%","Crude Prevalence","73.1","","","70.8","75.4","1667","Male","Gender","_TOTINDA","27","27","","","","","",""
"3262369","2018","MS","Mississippi","Physical Activity","Exercise","During the past month, did you participate in any physical activities? (variable calculated from one or more BRFSS questions)","Yes","BRFSS","%","Crude Prevalence","63.4","","","61.2","65.5","2159","Female","Gender","_TOTINDA","27","27","","","","","",""
"3266239","2018","MO","Missouri","Physical Activity","Exercise","During the past month, did you participate in any physical activities? (variable calculated from one or more BRFSS questions)","Yes","BRFSS","%","Crude Prevalence","76.4","","","74.2","78.6","1945","Male","Gender","_TOTINDA","28","28","","","","","",""
"3266240","2018","MO","Missouri","Physical Activity","Exercise","During the past month, did you participate in any physical activities? (variable calculated from one or more BRFSS questions)","Yes","BRFSS","%","Crude Prevalence","71.5","","","69.4","73.7","2386","Female","Gender","_TOTINDA","28","28","","","","","",""
"3270707","2018","MT","Montana","Physical Activity","Exercise","During the past month, did you participate in any physical activities? (variable calculated from one or more BRFSS questions)","Yes","BRFSS","%","Crude Prevalence","79.5","","","77.4","81.5","1842","Male","Gender","_TOTINDA","29","29","","","","","",""
"3270708","2018","MT","Montana","Physical Activity","Exercise","During the past month, did you participate in any physical activities? (variable calculated from one or more BRFSS questions)","Yes","BRFSS","%","Crude Prevalence","75.1","","","72.8","77.3","2008","Female","Gender","_TOTINDA","29","29","","","","","",""
"3274471","2018","NE","Nebraska","Physical Activity","Exercise","During the past month, did you participate in any physical activities? (variable calculated from one or more BRFSS questions)","Yes","BRFSS","%","Crude Prevalence","76.8","","","75.3","78.3","4812","Male","Gender","_TOTINDA","30","30","","","","","",""
"3274472","2018","NE","Nebraska","Physical Activity","Exercise","During the past month, did you participate in any physical activities? (variable calculated from one or more BRFSS questions)","Yes","BRFSS","%","Crude Prevalence","75.7","","","74.2","77.1","5887","Female","Gender","_TOTINDA","30","30","","","","","",""
"3279102","2018","NV","Nevada","Physical Activity","Exercise","During the past month, did you participate in any physical activities? (variable calculated from one or more BRFSS questions)","Yes","BRFSS","%","Crude Prevalence","77.4","","","74.3","80.5","1203","Male","Gender","_TOTINDA","31","31","","","","","",""
"3279103","2018","NV","Nevada","Physical Activity","Exercise","During the past month, did you participate in any physical activities? (variable calculated from one or more BRFSS questions)","Yes","BRFSS","%","Crude Prevalence","72.7","","","69.5","75.8","1266","Female","Gender","_TOTINDA","31","31","","","","","",""
"3283279","2018","NH","New Hampshire","Physical Activity","Exercise","During the past month, did you participate in any physical activities? (variable calculated from one or more BRFSS questions)","Yes","BRFSS","%","Crude Prevalence","79.9","","","77.7","82.1","2022","Male","Gender","_TOTINDA","32","32","","","","","",""
"3283280","2018","NH","New Hampshire","Physical Activity","Exercise","During the past month, did you participate in any physical activities? (variable calculated from one or more BRFSS questions)","Yes","BRFSS","%","Crude Prevalence","77.1","","","75.0","79.2","2379","Female","Gender","_TOTINDA","32","32","","","","","",""
"3286823","2018","NJ","New Jersey","Physical Activity","Exercise","During the past month, did you participate in any physical activities? (variable calculated from one or more BRFSS questions)","Yes","BRFSS","%","Crude Prevalence","73.9","","","70.3","77.6","1118","Male","Gender","_TOTINDA","33","33","","","","","",""
"3286824","2018","NJ","New Jersey","Physical Activity","Exercise","During the past month, did you participate in any physical activities? (variable calculated from one or more BRFSS questions)","Yes","BRFSS","%","Crude Prevalence","69.2","","","65.4","73.0","1131","Female","Gender","_TOTINDA","33","33","","","","","",""
"3291283","2018","NM","New Mexico","Physical Activity","Exercise","During the past month, did you participate in any physical activities? (variable calculated from one or more BRFSS questions)","Yes","BRFSS","%","Crude Prevalence","80.9","","","78.9","82.9","2526","Male","Gender","_TOTINDA","34","34","","","","","",""
"3291284","2018","NM","New Mexico","Physical Activity","Exercise","During the past month, did you participate in any physical activities? (variable calculated from one or more BRFSS questions)","Yes","BRFSS","%","Crude Prevalence","74.9","","","73.0","76.9","2656","Female","Gender","_TOTINDA","34","34","","","","","",""
"3295049","2018","NY","New York","Physical Activity","Exercise","During the past month, did you participate in any physical activities? (variable calculated from one or more BRFSS questions)","Yes","BRFSS","%","Crude Prevalence","78.7","","","77.6","79.9","12767","Male","Gender","_TOTINDA","35","35","","","","","",""
"3295050","2018","NY","New York","Physical Activity","Exercise","During the past month, did you participate in any physical activities? (variable calculated from one or more BRFSS questions)","Yes","BRFSS","%","Crude Prevalence","73.8","","","72.6","75.0","13692","Female","Gender","_TOTINDA","35","35","","","","","",""
"3298780","2018","NC","North Carolina","Physical Activity","Exercise","During the past month, did you participate in any physical activities? (variable calculated from one or more BRFSS questions)","Yes","BRFSS","%","Crude Prevalence","79.6","","","77.5","81.7","1719","Male","Gender","_TOTINDA","36","36","","","","","",""
"3299080","2018","NC","North Carolina","Physical Activity","Exercise","During the past month, did you participate in any physical activities? (variable calculated from one or more BRFSS questions)","Yes","BRFSS","%","Crude Prevalence","72.9","","","70.6","75.1","1826","Female","Gender","_TOTINDA","36","36","","","","","",""
"3303328","2018","ND","North Dakota","Physical Activity","Exercise","During the past month, did you participate in any physical activities? (variable calculated from one or more BRFSS questions)","Yes","BRFSS","%","Crude Prevalence","77.3","","","75.2","79.3","2007","Male","Gender","_TOTINDA","37","37","","","","","",""
"3303329","2018","ND","North Dakota","Physical Activity","Exercise","During the past month, did you participate in any physical activities? (variable calculated from one or more BRFSS questions)","Yes","BRFSS","%","Crude Prevalence","78.3","","","76.1","80.5","2213","Female","Gender","_TOTINDA","37","37","","","","","",""
"3307424","2018","OH","Ohio","Physical Activity","Exercise","During the past month, did you participate in any physical activities? (variable calculated from one or more BRFSS questions)","Yes","BRFSS","%","Crude Prevalence","77.8","","","76.2","79.4","3971","Male","Gender","_TOTINDA","38","38","","","","","",""
"3307425","2018","OH","Ohio","Physical Activity","Exercise","During the past month, did you participate in any physical activities? (variable calculated from one or more BRFSS questions)","Yes","BRFSS","%","Crude Prevalence","71.5","","","69.9","73.1","5062","Female","Gender","_TOTINDA","38","38","","","","","",""
"3311523","2018","OK","Oklahoma","Physical Activity","Exercise","During the past month, did you participate in any physical activities? (variable calculated from one or more BRFSS questions)","Yes","BRFSS","%","Crude Prevalence","74.8","","","72.5","77.1","1622","Male","Gender","_TOTINDA","39","39","","","","","",""
"3311524","2018","OK","Oklahoma","Physical Activity","Exercise","During the past month, did you participate in any physical activities? (variable calculated from one or more BRFSS questions)","Yes","BRFSS","%","Crude Prevalence","70.9","","","68.8","72.9","2103","Female","Gender","_TOTINDA","39","39","","","","","",""
"3316095","2018","OR","Oregon","Physical Activity","Exercise","During the past month, did you participate in any physical activities? (variable calculated from one or more BRFSS questions)","Yes","BRFSS","%","Crude Prevalence","82.3","","","80.4","84.1","2286","Male","Gender","_TOTINDA","40","40","","","","","",""
"3316096","2018","OR","Oregon","Physical Activity","Exercise","During the past month, did you participate in any physical activities? (variable calculated from one or more BRFSS questions)","Yes","BRFSS","%","Crude Prevalence","79.2","","","77.4","81.1","2539","Female","Gender","_TOTINDA","40","40","","","","","",""
"3320409","2018","PA","Pennsylvania","Physical Activity","Exercise","During the past month, did you participate in any physical activities? (variable calculated from one or more BRFSS questions)","Yes","BRFSS","%","Crude Prevalence","79.1","","","77.1","81.1","2434","Male","Gender","_TOTINDA","41","41","","","","","",""
"3320410","2018","PA","Pennsylvania","Physical Activity","Exercise","During the past month, did you participate in any physical activities? (variable calculated from one or more BRFSS questions)","Yes","BRFSS","%","Crude Prevalence","73.1","","","71.0","75.3","2366","Female","Gender","_TOTINDA","41","41","","","","","",""
"3324183","2018","RI","Rhode Island","Physical Activity","Exercise","During the past month, did you participate in any physical activities? (variable calculated from one or more BRFSS questions)","Yes","BRFSS","%","Crude Prevalence","78.0","","","75.7","80.2","1913","Male","Gender","_TOTINDA","42","42","","","","","",""
"3324184","2018","RI","Rhode Island","Physical Activity","Exercise","During the past month, did you participate in any physical activities? (variable calculated from one or more BRFSS questions)","Yes","BRFSS","%","Crude Prevalence","71.6","","","69.3","74.0","2269","Female","Gender","_TOTINDA","42","42","","","","","",""
"3328000","2018","SC","South Carolina","Physical Activity","Exercise","During the past month, did you participate in any physical activities? (variable calculated from one or more BRFSS questions)","Yes","BRFSS","%","Crude Prevalence","76.9","","","75.2","78.7","3249","Male","Gender","_TOTINDA","43","43","","","","","",""
"3328001","2018","SC","South Carolina","Physical Activity","Exercise","During the past month, did you participate in any physical activities? (variable calculated from one or more BRFSS questions)","Yes","BRFSS","%","Crude Prevalence","69.9","","","68.3","71.6","4408","Female","Gender","_TOTINDA","43","43","","","","","",""
"3332015","2018","SD","South Dakota","Physical Activity","Exercise","During the past month, did you participate in any physical activities? (variable calculated from one or more BRFSS questions)","Yes","BRFSS","%","Crude Prevalence","75.3","","","72.6","78.0","2360","Male","Gender","_TOTINDA","44","44","","","","","",""
"3332016","2018","SD","South Dakota","Physical Activity","Exercise","During the past month, did you participate in any physical activities? (variable calculated from one or more BRFSS questions)","Yes","BRFSS","%","Crude Prevalence","76.7","","","74.2","79.3","2853","Female","Gender","_TOTINDA","44","44","","","","","",""
"3335593","2018","TN","Tennessee","Physical Activity","Exercise","During the past month, did you participate in any physical activities? (variable calculated from one or more BRFSS questions)","Yes","BRFSS","%","Crude Prevalence","72.6","","","70.1","75.0","1680","Male","Gender","_TOTINDA","45","45","","","","","",""
"3335594","2018","TN","Tennessee","Physical Activity","Exercise","During the past month, did you participate in any physical activities? (variable calculated from one or more BRFSS questions)","Yes","BRFSS","%","Crude Prevalence","65.9","","","63.4","68.5","1830","Female","Gender","_TOTINDA","45","45","","","","","",""
"3340220","2018","TX","Texas","Physical Activity","Exercise","During the past month, did you participate in any physical activities? (variable calculated from one or more BRFSS questions)","Yes","BRFSS","%","Crude Prevalence","77.8","","","75.2","80.3","3845","Male","Gender","_TOTINDA","46","46","","","","","",""
"3340221","2018","TX","Texas","Physical Activity","Exercise","During the past month, did you participate in any physical activities? (variable calculated from one or more BRFSS questions)","Yes","BRFSS","%","Crude Prevalence","71.1","","","68.6","73.7","4336","Female","Gender","_TOTINDA","46","46","","","","","",""
"3343931","2018","UT","Utah","Physical Activity","Exercise","During the past month, did you participate in any physical activities? (variable calculated from one or more BRFSS questions)","Yes","BRFSS","%","Crude Prevalence","84.2","","","83.0","85.5","4422","Male","Gender","_TOTINDA","47","47","","","","","",""
"3343932","2018","UT","Utah","Physical Activity","Exercise","During the past month, did you participate in any physical activities? (variable calculated from one or more BRFSS questions)","Yes","BRFSS","%","Crude Prevalence","80.8","","","79.5","82.2","4254","Female","Gender","_TOTINDA","47","47","","","","","",""
"3348151","2018","VT","Vermont","Physical Activity","Exercise","During the past month, did you participate in any physical activities? (variable calculated from one or more BRFSS questions)","Yes","BRFSS","%","Crude Prevalence","81.7","","","79.8","83.7","2348","Male","Gender","_TOTINDA","48","48","","","","","",""
"3348152","2018","VT","Vermont","Physical Activity","Exercise","During the past month, did you participate in any physical activities? (variable calculated from one or more BRFSS questions)","Yes","BRFSS","%","Crude Prevalence","80.4","","","78.7","82.2","2858","Female","Gender","_TOTINDA","48","48","","","","","",""
"3352513","2018","VA","Virginia","Physical Activity","Exercise","During the past month, did you participate in any physical activities? (variable calculated from one or more BRFSS questions)","Yes","BRFSS","%","Crude Prevalence","80.1","","","78.6","81.6","3624","Male","Gender","_TOTINDA","49","49","","","","","",""
"3352514","2018","VA","Virginia","Physical Activity","Exercise","During the past month, did you participate in any physical activities? (variable calculated from one or more BRFSS questions)","Yes","BRFSS","%","Crude Prevalence","76.1","","","74.6","77.6","4169","Female","Gender","_TOTINDA","49","49","","","","","",""
"3356527","2018","WA","Washington","Physical Activity","Exercise","During the past month, did you participate in any physical activities? (variable calculated from one or more BRFSS questions)","Yes","BRFSS","%","Crude Prevalence","82.9","","","81.6","84.2","5006","Male","Gender","_TOTINDA","50","50","","","","","",""
"3356528","2018","WA","Washington","Physical Activity","Exercise","During the past month, did you participate in any physical activities? (variable calculated from one or more BRFSS questions)","Yes","BRFSS","%","Crude Prevalence","82.0","","","80.7","83.2","5703","Female","Gender","_TOTINDA","50","50","","","","","",""
"3360868","2018","WV","West Virginia","Physical Activity","Exercise","During the past month, did you participate in any physical activities? (variable calculated from one or more BRFSS questions)","Yes","BRFSS","%","Crude Prevalence","74.7","","","72.5","77.0","1571","Male","Gender","_TOTINDA","51","51","","","","","",""
"3360869","2018","WV","West Virginia","Physical Activity","Exercise","During the past month, did you participate in any physical activities? (variable calculated from one or more BRFSS questions)","Yes","BRFSS","%","Crude Prevalence","69.0","","","66.9","71.1","1866","Female","Gender","_TOTINDA","51","51","","","","","",""
"3365260","2018","WI","Wisconsin","Physical Activity","Exercise","During the past month, did you participate in any physical activities? (variable calculated from one or more BRFSS questions)","Yes","BRFSS","%","Crude Prevalence","80.1","","","77.9","82.2","1877","Male","Gender","_TOTINDA","52","52","","","","","",""
"3365261","2018","WI","Wisconsin","Physical Activity","Exercise","During the past month, did you participate in any physical activities? (variable calculated from one or more BRFSS questions)","Yes","BRFSS","%","Crude Prevalence","76.5","","","74.2","78.7","2011","Female","Gender","_TOTINDA","52","52","","","","","",""
"3368736","2018","WY","Wyoming","Physical Activity","Exercise","During the past month, did you participate in any physical activities? (variable calculated from one or more BRFSS questions)","Yes","BRFSS","%","Crude Prevalence","78.9","","","76.8","81.0","1534","Male","Gender","_TOTINDA","53","53","","","","","",""
"3368737","2018","WY","Wyoming","Physical Activity","Exercise","During the past month, did you participate in any physical activities? (variable calculated from one or more BRFSS questions)","Yes","BRFSS","%","Crude Prevalence","77.7","","","75.6","79.8","1853","Female","Gender","_TOTINDA","53","53","","","","","",""
"3373072","2018","GU","Guam","Physical Activity","Exercise","During the past month, did you participate in any physical activities? (variable calculated from one or more BRFSS questions)","Yes","BRFSS","%","Crude Prevalence","72.3","","","67.3","77.4","558","Male","Gender","_TOTINDA","56","56","","","","","",""
"3373073","2018","GU","Guam","Physical Activity","Exercise","During the past month, did you participate in any physical activities? (variable calculated from one or more BRFSS questions)","Yes","BRFSS","%","Crude Prevalence","67.6","","","63.0","72.2","640","Female","Gender","_TOTINDA","56","56","","","","","",""
"3376920","2018","PR","Puerto Rico","Physical Activity","Exercise","During the past month, did you participate in any physical activities? (variable calculated from one or more BRFSS questions)","Yes","BRFSS","%","Crude Prevalence","60.5","","","57.7","63.2","1122","Male","Gender","_TOTINDA","60","60","","","","","",""
"3376921","2018","PR","Puerto Rico","Physical Activity","Exercise","During the past month, did you participate in any physical activities? (variable calculated from one or more BRFSS questions)","Yes","BRFSS","%","Crude Prevalence","45.9","","","43.6","48.1","1411","Female","Gender","_TOTINDA","60","60","","","","","",""
"","","","","","","","","","","","","","","","","","","","","","","Datasource","","Behavioral Risk Factor Surveillance System","http://www.cdc.gov/brfss","BRFSS","CDC"
"","","","","","","","","","","","","","","","","","","","","","","MeasureDefinitions","%","Percent","","",""
"","","","","","","","","","","","","","","","","","","","","","","MeasureDefinitions","CI","95% Confidence Interval","","",""
"","","","","","","","","","","","","","","","","","","","","","","MeasureDefinitions","n","“Sample Size”. Translates to the number of adult respondents who answered this question, or were assigned to this category based on question responses for a calculated variable, or the number of states included for a median.","","",""
"","","","","","","","","","","","","","","","","","","","","","","MeasureDefinitions","N/A","Translates to no data available for a record.","","",""
"","","","","","","","","","","","","","","","","","","","","","","MeasureDefinitions","No Data","Translates to no data available for record.","","",""
"","","","","","","","","","","","","","","","","","","","","","","SuggestedCitation","","Centers for Disease Control and Prevention, National Center for Chronic Disease Prevention and Health Promotion, Division of Population Health. BRFSS Prevalence & Trends Data [online]. 2015.","https://www.cdc.gov/brfss/brfssprevalence/","",""
"","","","","","","","","","","","","","","","","","","","","","","RelatedLinks","","Prevalence Data and Data Analysis Tools","/brfss/data_tools.htm","",""
"","","","","","","","","","","","","","","","","","","","","","","RelatedLinks","","Behavioral Risk Factor Surveillance System (BRFSS)","/brfss/index.html","",""
"","","","","","","","","","","","","","","","","","","","","","","RelatedLinks","","Division of Population Health","/nccdphp/dph/index.html","",""
"","","","","","","","","","","","","","","","","","","","","","","RelatedLinks","","Survey Data & Documentation","/brfss/data_documentation/index.htm","",""
