Id,Predicted
0,45
1,46
2,47
3,48
4,49
5,50
6,51
7,52
8,53
9,54
10,55
11,56
12,57
13,58
14,59
15,60
16,61
17,62
18,63
19,64
20,65
21,66
22,67
23,68
24,69
25,70
26,71
27,72
28,73
29,74
30,75
31,76
32,77
33,78
34,79
35,80
36,81
37,82
38,83
39,84
40,85
41,86
42,87
43,88
44,89
45,90
46,91
47,92
48,93
49,94
50,95
51,96
52,97
53,98
54,99
55,100
56,101
57,102
58,103
59,104
60,105
61,106
62,107
63,108
64,109
65,110
66,111
67,112
68,113
69,114
70,115
71,116
72,117
73,118
74,119
75,120
76,121
77,122
78,123
79,124
80,125
81,126
82,127
83,128
84,129
85,130
86,131
87,132
88,133
89,134
90,135
91,136
92,137
93,138
94,139
95,140
96,141
97,142
98,143
99,144
100,145
101,146
102,147
103,148
104,149
105,150
106,151
107,152
108,153
109,154
110,155
111,156
112,157
113,158
114,159
115,160
116,161
117,162
118,163
119,164
120,165
121,166
122,167
123,168
124,169
125,170
126,171
127,172
128,173
129,174
130,175
131,176
132,177
133,178
134,179
135,180
136,181
137,182
138,183
139,184
140,185
141,186
142,187
143,188
144,189
145,190
146,191
147,192
148,193
149,194
150,195
151,196
152,197
153,198
154,199
155,200
156,201
157,202
158,203
159,204
160,205
161,206
162,207
163,208
164,209
165,210
166,211
167,212
168,213
169,214
170,215
171,216
172,217
173,218
174,219
175,220
176,221
177,222
178,223
179,224
180,225
181,226
182,227
183,228
184,229
185,230
186,231
187,232
188,233
189,234
190,235
191,236
192,237
193,238
194,239
195,240
196,241
197,242
198,243
199,244
200,245
201,246
202,247
203,248
204,249
205,250
206,251
207,252
208,253
209,254
210,255
211,256
212,257
213,258
214,259
215,260
216,261
217,262
218,263
219,264
220,265
221,266
222,267
223,268
224,269
225,270
226,271
227,272
228,273
229,274
230,275
231,276
232,277
233,278
234,279
235,280
236,281
237,282
238,283
239,284
240,285
241,286
242,287
243,288
244,289
245,290
246,291
247,292
248,293
249,294
250,295
251,296
252,297
253,298
254,299
255,300
256,301
257,302
258,303
259,304
260,305
261,306
262,307
263,308
264,309
265,310
266,311
267,312
268,313
269,314
270,315
271,316
272,317
273,318
274,319
275,320
276,321
277,322
278,323
279,324
280,325
281,326
282,327
283,328
284,329
285,330
286,331
287,332
288,333
289,334
290,335
291,336
292,337
293,338
294,339
295,340
296,341
297,342
298,343
299,344
300,345
301,346
302,347
303,348
304,349
305,350
306,351
307,352
308,353
309,354
310,355
311,356
312,357
313,358
314,359
315,360
316,361
317,362
318,363
319,364
320,365
321,366
322,367
323,368
324,369
325,370
326,371
327,372
328,373
329,374
330,375
331,376
332,377
333,378
334,379
335,380
336,381
337,382
338,383
339,384
340,385
341,386
342,387
343,388
344,389
345,390
346,391
347,392
348,393
349,394
350,395
351,396
352,397
353,398
354,399
355,400
356,401
357,402
358,403
359,404
360,405
361,406
362,407
363,408
364,409
365,410
366,411
367,412
368,413
369,414
370,415
371,416
372,417
373,418
374,419
375,420
376,421
377,422
378,423
379,424
380,425
381,426
382,427
383,428
384,429
385,430
386,431
387,432
388,433
389,434
390,435
391,436
392,437
393,438
394,439
395,440
396,441
397,442
398,443
399,444
400,445
401,446
402,447
403,448
404,449
405,450
406,451
407,452
408,453
409,454
410,455
411,456
412,457
413,458
414,459
415,460
416,461
417,462
418,463
419,464
420,465
421,466
422,467
423,468
424,469
425,470
426,471
427,472
428,473
429,474
430,475
431,476
432,477
433,478
434,479
435,480
436,481
437,482
438,483
439,484
440,485
441,486
442,487
443,488
444,489
445,490
446,491
447,492
448,493
449,494
450,495
451,496
452,497
453,498
454,499
455,500
456,501
457,502
458,503
459,504
460,505
461,506
462,507
463,508
464,509
465,510
466,511
467,512
468,513
469,514
470,515
471,516
472,517
473,518
474,519
475,520
476,521
477,522
478,523
479,524
480,525
481,526
482,527
483,528
484,529
485,530
486,531
487,532
488,533
489,534
490,535
491,536
492,537
493,538
494,539
495,540
496,541
497,542
498,543
499,544
500,545
501,546
502,547
503,548
504,549
505,550
506,551
507,552
508,553
509,554
510,555
511,556
512,557
513,558
514,559
515,560
516,561
517,562
518,563
519,564
520,565
521,566
522,567
523,568
524,569
525,570
526,571
527,572
528,573
529,574
530,575
531,576
532,577
533,578
534,579
535,580
536,581
537,582
538,583
539,584
540,585
541,586
542,587
543,588
544,589
545,590
546,591
547,592
548,593
549,594
550,595
551,596
552,597
553,598
554,599
555,600
556,601
557,602
558,603
559,604
560,605
561,606
562,607
563,608
564,609
565,610
566,611
567,612
568,613
569,614
570,615
571,616
572,617
573,618
574,619
575,620
576,621
577,622
578,623
579,624
580,625
581,626
582,627
583,628
584,629
585,630
586,631
587,632
588,633
589,634
590,635
591,636
592,637
593,638
594,639
595,640
596,641
597,642
598,643
599,644
600,645
601,646
602,647
603,648
604,649
605,650
606,651
607,652
608,653
609,654
610,655
611,656
612,657
613,658
614,659
615,660
616,661
617,662
618,663
619,664
620,665
621,666
622,667
623,668
624,669
625,670
626,671
627,672
628,673
629,674
630,675
631,676
632,677
633,678
634,679
635,680
636,681
637,682
638,683
639,684
640,685
641,686
642,687
643,688
644,689
645,690
646,691
647,692
648,693
649,694
650,695
651,696
652,697
653,698
654,699
655,700
656,701
657,702
658,703
659,704
660,705
661,706
662,707
663,708
664,709
665,710
666,711
667,712
668,713
669,714
670,715
671,716
672,717
673,718
674,719
675,720
676,721
677,722
678,723
679,724
680,725
681,726
682,727
683,728
684,729
685,730
686,731
687,732
688,733
689,734
690,735
691,736
692,737
693,738
694,739
695,740
696,741
697,742
698,743
699,744
700,745
701,746
702,747
703,748
704,749
705,750
706,751
707,752
708,753
709,754
710,755
711,756
712,757
713,758
714,759
715,760
716,761
717,762
718,763
719,764
720,765
721,766
722,767
723,768
724,769
725,770
726,771
727,772
728,773
729,774
730,775
731,776
732,777
733,778
734,779
735,780
736,781
737,782
738,783
739,784
740,785
741,786
742,787
743,788
744,789
745,790
746,791
747,792
748,793
749,794
750,795
751,796
752,797
753,798
754,799
755,800
756,801
757,802
758,803
759,804
760,805
761,806
762,807
763,808
764,809
765,810
766,811
767,812
768,813
769,814
770,815
771,816
772,817
773,818
774,819
775,820
776,821
777,822
778,823
779,824
780,825
781,826
782,827
783,828
784,829
785,830
786,831
787,832
788,833
789,834
790,835
791,836
792,837
793,838
794,839
795,840
796,841
797,842
798,843
799,844
800,845
801,846
802,847
803,848
804,849
805,850
806,851
807,852
808,853
809,854
810,855
811,856
812,857
813,858
814,859
815,860
816,861
817,862
818,863
819,864
820,865
821,866
822,867
823,868
824,869
825,870
826,871
827,872
828,873
829,874
830,875
831,876
832,877
833,878
834,879
835,880
836,881
837,882
838,883
839,884
840,885
841,886
842,887
843,888
844,889
845,890
846,891
847,892
848,893
849,894
850,895
851,896
852,897
853,898
854,899
855,900
856,901
857,902
858,903
859,904
860,905
861,906
862,907
863,908
864,909
865,910
866,911
867,912
868,913
869,914
870,915
871,916
872,917
873,918
874,919
875,920
876,921
877,922
878,923
879,924
880,925
881,926
882,927
883,928
884,929
885,930
886,931
887,932
888,933
889,934
890,935
891,936
892,937
893,938
894,939
895,940
896,941
897,942
898,943
899,944
900,945
901,946
902,947
903,948
904,949
905,950
906,951
907,952
908,953
909,954
910,955
911,956
912,957
913,958
914,959
915,960
916,961
917,962
918,963
919,964
920,965
921,966
922,967
923,968
924,969
925,970
926,971
927,972
928,973
929,974
930,975
931,976
932,977
933,978
934,979
935,980
936,981
937,982
938,983
939,984
940,985
941,986
942,987
943,988
944,989
945,990
946,991
947,992
948,993
949,994
950,995
951,996
952,997
953,998
954,999
955,1000
956,1001
957,1002
958,1003
959,1004
960,1005
961,1006
962,1007
963,1008
964,1009
965,1010
966,1011
967,1012
968,1013
969,1014
970,1015
971,1016
972,1017
973,1018
974,45
975,45
976,45
977,45
978,45
979,45
980,45
981,45
982,45
983,45
984,45
985,45
986,45
987,45
988,45
989,45
990,45
991,45
992,45
993,45
994,45
995,45
996,45
997,45
998,45
999,45
1000,45
1001,45
1002,45
1003,45
1004,45
1005,45
1006,45
1007,45
1008,45
1009,45
1010,45
1011,45
1012,45
1013,45
1014,45
1015,45
1016,45
1017,45
1018,45
1019,45
1020,45
1021,45
1022,45
1023,45
1024,45
1025,45
1026,45
1027,45
1028,45
1029,45
1030,45
1031,45
1032,45
1033,45
1034,45
1035,45
1036,45
1037,45
1038,45
1039,45
1040,45
1041,45
1042,45
1043,45
1044,45
1045,45
1046,45
1047,45
1048,45
1049,45
1050,45
1051,45
1052,45
1053,45
1054,45
1055,45
1056,45
1057,45
1058,45
1059,45
1060,45
1061,45
1062,45
1063,45
1064,45
1065,45
1066,45
1067,45
1068,45
1069,45
1070,45
1071,45
1072,45
1073,45
1074,45
1075,45
1076,45
1077,45
1078,45
1079,45
1080,45
1081,45
1082,45
1083,45
1084,45
1085,45
1086,45
1087,45
1088,45
1089,45
1090,45
1091,45
1092,45
1093,45
1094,45
1095,45
1096,45
1097,45
1098,45
1099,45
1100,45
1101,45
1102,45
1103,45
1104,45
1105,45
1106,45
1107,45
1108,45
1109,45
1110,45
1111,45
1112,45
1113,45
1114,45
1115,45
1116,45
1117,45
1118,45
1119,45
1120,45
1121,45
1122,45
1123,45
1124,45
1125,45
1126,45
1127,45
1128,45
1129,45
1130,45
1131,45
1132,45
1133,45
1134,45
1135,45
1136,45
1137,45
1138,45
1139,45
1140,45
1141,45
1142,45
1143,45
1144,45
1145,45
1146,45
1147,45
1148,45
1149,45
1150,45
1151,45
1152,45
1153,45
1154,45
1155,45
1156,45
1157,45
1158,45
1159,45
1160,45
1161,45
1162,45
1163,45
1164,45
1165,45
1166,45
1167,45
1168,45
1169,45
1170,45
1171,45
1172,45
1173,45
1174,45
1175,45
1176,45
1177,45
1178,45
1179,45
1180,45
1181,45
1182,45
1183,45
1184,45
1185,45
1186,45
1187,45
1188,45
1189,45
1190,45
1191,45
1192,45
1193,45
1194,45
1195,45
1196,45
1197,45
1198,45
1199,45
1200,45
1201,45
1202,45
1203,45
1204,45
1205,45
1206,45
1207,45
1208,45
1209,45
1210,45
1211,45
1212,45
1213,45
1214,45
1215,45
1216,45
1217,45
1218,45
1219,45
1220,45
1221,45
1222,45
1223,45
1224,45
1225,45
1226,45
1227,45
1228,45
1229,45
1230,45
1231,45
1232,45
1233,45
1234,45
1235,45
1236,45
1237,45
1238,45
1239,45
1240,45
1241,45
1242,45
1243,45
1244,45
1245,45
1246,45
1247,45
1248,45
1249,45
1250,45
1251,45
1252,45
1253,45
1254,45
1255,45
1256,45
1257,45
1258,45
1259,45
1260,45
1261,45
1262,45
1263,45
1264,45
1265,45
1266,45
1267,45
1268,45
1269,45
1270,45
1271,45
1272,45
1273,45
1274,45
1275,45
1276,45
1277,45
1278,45
1279,45
1280,45
1281,45
1282,45
1283,45
1284,45
1285,45
1286,45
1287,45
1288,45
1289,45
1290,45
1291,45
1292,45
1293,45
1294,45
1295,45
1296,45
1297,45
1298,45
1299,45
1300,45
1301,45
1302,45
1303,45
1304,45
1305,45
1306,45
1307,45
1308,45
1309,45
1310,45
1311,45
1312,45
1313,45
1314,45
1315,45
1316,45
1317,45
1318,45
1319,45
1320,45
1321,45
1322,45
1323,45
1324,45
1325,45
1326,45
1327,45
1328,45
1329,45
1330,45
1331,45
1332,45
1333,45
1334,45
1335,45
1336,45
1337,45
1338,45
1339,45
1340,45
1341,45
1342,45
1343,45
1344,45
1345,45
1346,45
1347,45
1348,45
1349,45
1350,45
1351,45
1352,45
1353,45
1354,45
1355,45
1356,45
1357,45
1358,45
1359,45
1360,45
1361,45
1362,45
1363,45
1364,45
1365,45
1366,45
1367,45
1368,45
1369,45
1370,45
1371,45
1372,45
1373,45
1374,45
1375,45
1376,45
1377,45
1378,45
1379,45
1380,45
1381,45
1382,45
1383,45
1384,45
1385,45
1386,45
1387,45
1388,45
1389,45
1390,45
1391,45
1392,45
1393,45
1394,45
1395,45
1396,45
1397,45
1398,45
1399,45
1400,45
1401,45
1402,45
1403,45
1404,45
1405,45
1406,45
1407,45
1408,45
1409,45
1410,45
1411,45
1412,45
1413,45
1414,45
1415,45
1416,45
1417,45
1418,45
1419,45
1420,45
1421,45
1422,45
1423,45
1424,45
1425,45
1426,45
1427,45
1428,45
1429,45
1430,45
1431,45
1432,45
1433,45
1434,45
1435,45
1436,45
1437,45
1438,45
1439,45
1440,45
1441,45
1442,45
1443,45
1444,45
1445,45
1446,45
1447,45
1448,45
1449,45
1450,45
1451,45
1452,45
1453,45
1454,45
1455,45
1456,45
1457,45
1458,45
1459,45
1460,45
1461,45
1462,45
1463,45
1464,45
1465,45
1466,45
1467,45
1468,45
1469,45
1470,45
1471,45
1472,45
1473,45
1474,45
1475,45
1476,45
1477,45
1478,45
1479,45
1480,45
1481,45
1482,45
1483,45
1484,45
1485,45
1486,45
1487,45
1488,45
1489,45
1490,45
1491,45
1492,45
1493,45
1494,45
1495,45
1496,45
1497,45
1498,45
1499,45
1500,45
1501,45
1502,45
1503,45
1504,45
1505,45
1506,45
1507,45
1508,45
1509,45
1510,45
1511,45
1512,45
1513,45
1514,45
1515,45
1516,45
1517,45
1518,45
1519,45
1520,45
1521,45
1522,45
1523,45
1524,45
1525,45
1526,45
1527,45
1528,45
1529,45
1530,45
1531,45
1532,45
1533,45
1534,45
1535,45
1536,45
1537,45
1538,45
1539,45
1540,45
1541,45
1542,45
1543,45
1544,45
1545,45
1546,45
1547,45
1548,45
1549,45
1550,45
1551,45
1552,45
1553,45
1554,45
1555,45
1556,45
1557,45
1558,45
1559,45
1560,45
1561,45
1562,45
1563,45
1564,45
1565,45
1566,45
1567,45
1568,45
1569,45
1570,45
1571,45
1572,45
1573,45
1574,45
1575,45
1576,45
1577,45
1578,45
1579,45
1580,45
1581,45
1582,45
1583,45
1584,45
1585,45
1586,45
1587,45
1588,45
1589,45
1590,45
1591,45
1592,45
1593,45
1594,45
1595,45
1596,45
1597,45
1598,45
1599,45
1600,45
1601,45
1602,45
1603,45
1604,45
1605,45
1606,45
1607,45
1608,45
1609,45
1610,45
1611,45
1612,45
1613,45
1614,45
1615,45
1616,45
1617,45
1618,45
1619,45
1620,45
1621,45
1622,45
1623,45
1624,45
1625,45
1626,45
1627,45
1628,45
1629,45
1630,45
1631,45
1632,45
1633,45
1634,45
1635,45
1636,45
1637,45
1638,45
1639,45
1640,45
1641,45
1642,45
1643,45
1644,45
1645,45
1646,45
1647,45
1648,45
1649,45
1650,45
1651,45
1652,45
1653,45
1654,45
1655,45
1656,45
1657,45
1658,45
1659,45
1660,45
1661,45
1662,45
1663,45
1664,45
1665,45
1666,45
1667,45
1668,45
1669,45
1670,45
1671,45
1672,45
1673,45
1674,45
1675,45
1676,45
1677,45
1678,45
1679,45
1680,45
1681,45
1682,45
1683,45
1684,45
1685,45
1686,45
1687,45
1688,45
1689,45
1690,45
1691,45
1692,45
1693,45
1694,45
1695,45
1696,45
1697,45
1698,45
1699,45
1700,45
1701,45
1702,45
1703,45
1704,45
1705,45
1706,45
1707,45
1708,45
1709,45
1710,45
1711,45
1712,45
1713,45
1714,45
1715,45
1716,45
1717,45
1718,45
1719,45
1720,45
1721,45
1722,45
1723,45
1724,45
1725,45
1726,45
1727,45
1728,45
1729,45
1730,45
1731,45
1732,45
1733,45
1734,45
1735,45
1736,45
1737,45
1738,45
1739,45
1740,45
1741,45
1742,45
1743,45
1744,45
1745,45
1746,45
1747,45
1748,45
1749,45
1750,45
1751,45
1752,45
1753,45
1754,45
1755,45
1756,45
1757,45
1758,45
1759,45
1760,45
1761,45
1762,45
1763,45
1764,45
1765,45
1766,45
1767,45
1768,45
1769,45
1770,45
1771,45
1772,45
1773,45
1774,45
1775,45
1776,45
1777,45
1778,45
1779,45
1780,45
1781,45
1782,45
1783,45
1784,45
1785,45
1786,45
1787,45
1788,45
1789,45
1790,45
1791,45
1792,45
1793,45
1794,45
1795,45
1796,45
1797,45
1798,45
1799,45
1800,45
1801,45
1802,45
1803,45
1804,45
1805,45
1806,45
1807,45
1808,45
1809,45
1810,45
1811,45
1812,45
1813,45
1814,45
1815,45
1816,45
1817,45
1818,45
1819,45
1820,45
1821,45
1822,45
1823,45
1824,45
1825,45
1826,45
1827,45
1828,45
1829,45
1830,45
1831,45
1832,45
1833,45
1834,45
1835,45
1836,45
1837,45
1838,45
1839,45
1840,45
1841,45
1842,45
1843,45
1844,45
1845,45
1846,45
1847,45
1848,45
1849,45
1850,45
1851,45
1852,45
1853,45
1854,45
1855,45
1856,45
1857,45
1858,45
1859,45
1860,45
1861,45
1862,45
1863,45
1864,45
1865,45
1866,45
1867,45
1868,45
1869,45
1870,45
1871,45
1872,45
1873,45
1874,45
1875,45
1876,45
1877,45
1878,45
1879,45
1880,45
1881,45
1882,45
1883,45
1884,45
1885,45
1886,45
1887,45
1888,45
1889,45
1890,45
1891,45
1892,45
1893,45
1894,45
1895,45
1896,45
1897,45
1898,45
1899,45
1900,45
1901,45
1902,45
1903,45
1904,45
1905,45
1906,45
1907,45
1908,45
1909,45
1910,45
1911,45
1912,45
1913,45
1914,45
1915,45
1916,45
1917,45
1918,45
1919,45
1920,45
1921,45
1922,45
1923,45
1924,45
1925,45
1926,45
1927,45
1928,45
1929,45
1930,45
1931,45
1932,45
1933,45
1934,45
1935,45
1936,45
1937,45
1938,45
1939,45
1940,45
1941,45
1942,45
1943,45
1944,45
1945,45
1946,45
1947,45
1948,45
1949,45
1950,45
1951,45
1952,45
1953,45
1954,45
1955,45
1956,45
1957,45
1958,45
1959,45
1960,45
1961,45
1962,45
1963,45
1964,45
1965,45
1966,45
1967,45
1968,45
1969,45
1970,45
1971,45
1972,45
1973,45
1974,45
1975,45
1976,45
1977,45
1978,45
1979,45
1980,45
1981,45
1982,45
1983,45
1984,45
1985,45
1986,45
1987,45
1988,45
1989,45
1990,45
1991,45
1992,45
1993,45
1994,45
1995,45
1996,45
1997,45
1998,45
1999,45
2000,45
2001,45
2002,45
2003,45
2004,45
2005,45
2006,45
2007,45
2008,45
2009,45
2010,45
2011,45
2012,45
2013,45
2014,45
2015,45
2016,45
2017,45
2018,45
2019,45
2020,45
2021,45
2022,45
2023,45
2024,45
2025,45
2026,45
2027,45
2028,45
2029,45
2030,45
2031,45
2032,45
2033,45
2034,45
2035,45
2036,45
2037,45
2038,45
2039,45
2040,45
2041,45
2042,45
2043,45
2044,45
2045,45
2046,45
2047,45
2048,45
2049,45
2050,45
2051,45
2052,45
2053,45
2054,45
2055,45
2056,45
2057,45
2058,45
2059,45
2060,45
2061,45
2062,45
2063,45
2064,45
2065,45
2066,45
2067,45
2068,45
2069,45
2070,45
2071,45
2072,45
2073,45
2074,45
2075,45
2076,45
2077,45
2078,45
2079,45
2080,45
2081,45
2082,45
2083,45
2084,45
2085,45
2086,45
2087,45
2088,45
2089,45
2090,45
2091,45
2092,45
2093,45
2094,45
2095,45
2096,45
2097,45
2098,45
2099,45
2100,45
2101,45
2102,45
2103,45
2104,45
2105,45
2106,45
2107,45
2108,45
2109,45
2110,45
2111,45
2112,45
2113,45
2114,45
2115,45
2116,45
2117,45
2118,45
2119,45
2120,45
2121,45
2122,45
2123,45
2124,45
2125,45
2126,45
2127,45
2128,45
2129,45
2130,45
2131,45
2132,45
2133,45
2134,45
2135,45
2136,45
2137,45
2138,45
2139,45
2140,45
2141,45
2142,45
2143,45
2144,45
2145,45
2146,45
2147,45
2148,45
2149,45
2150,45
2151,45
2152,45
2153,45
2154,45
2155,45
2156,45
2157,45
2158,45
2159,45
2160,45
2161,45
2162,45
2163,45
2164,45
2165,45
2166,45
2167,45
2168,45
2169,45
2170,45
2171,45
2172,45
2173,45
2174,45
2175,45
2176,45
2177,45
2178,45
2179,45
2180,45
2181,45
2182,45
2183,45
2184,45
2185,45
2186,45
2187,45
2188,45
2189,45
2190,45
2191,45
2192,45
2193,45
2194,45
2195,45
2196,45
2197,45
2198,45
2199,45
2200,45
2201,45
2202,45
2203,45
2204,45
2205,45
2206,45
2207,45
2208,45
2209,45
2210,45
2211,45
2212,45
2213,45
2214,45
2215,45
2216,45
2217,45
2218,45
2219,45
2220,45
2221,45
2222,45
2223,45
2224,45
2225,45
2226,45
2227,45
2228,45
2229,45
2230,45
2231,45
2232,45
2233,45
2234,45
2235,45
2236,45
2237,45
2238,45
2239,45
2240,45
2241,45
2242,45
2243,45
2244,45
2245,45
2246,45
2247,45
2248,45
2249,45
2250,45
2251,45
2252,45
2253,45
2254,45
2255,45
2256,45
2257,45
2258,45
2259,45
2260,45
2261,45
2262,45
2263,45
2264,45
2265,45
2266,45
2267,45
2268,45
2269,45
2270,45
2271,45
2272,45
2273,45
2274,45
2275,45
2276,45
2277,45
2278,45
2279,45
2280,45
2281,45
2282,45
2283,45
2284,45
2285,45
2286,45
2287,45
2288,45
2289,45
2290,45
2291,45
2292,45
2293,45
2294,45
2295,45
2296,45
2297,45
2298,45
2299,45
2300,45
2301,45
2302,45
2303,45
2304,45
2305,45
2306,45
2307,45
2308,45
2309,45
2310,45
2311,45
2312,45
2313,45
2314,45
2315,45
2316,45
2317,45
2318,45
2319,45
2320,45
2321,45
2322,45
2323,45
2324,45
2325,45
2326,45
2327,45
2328,45
2329,45
2330,45
2331,45
2332,45
2333,45
2334,45
2335,45
2336,45
2337,45
2338,45
2339,45
2340,45
2341,45
2342,45
2343,45
2344,45
2345,45
2346,45
2347,45
2348,45
2349,45
2350,45
2351,45
2352,45
2353,45
2354,45
2355,45
2356,45
2357,45
2358,45
2359,45
2360,45
2361,45
2362,45
2363,45
2364,45
2365,45
2366,45
2367,45
2368,45
2369,45
2370,45
2371,45
2372,45
2373,45
2374,45
2375,45
2376,45
2377,45
2378,45
2379,45
2380,45
2381,45
2382,45
2383,45
2384,45
2385,45
2386,45
2387,45
2388,45
2389,45
2390,45
2391,45
2392,45
2393,45
2394,45
2395,45
2396,45
2397,45
2398,45
2399,45
2400,45
2401,45
2402,45
2403,45
2404,45
2405,45
2406,45
2407,45
2408,45
2409,45
2410,45
2411,45
2412,45
2413,45
2414,45
2415,45
2416,45
2417,45
2418,45
2419,45
2420,45
2421,45
2422,45
2423,45
2424,45
2425,45
2426,45
2427,45
2428,45
2429,45
2430,45
2431,45
2432,45
2433,45
2434,45
2435,45
2436,45
2437,45
2438,45
2439,45
2440,45
2441,45
2442,45
2443,45
2444,45
2445,45
2446,45
2447,45
2448,45
2449,45
2450,45
2451,45
2452,45
2453,45
2454,45
2455,45
2456,45
2457,45
2458,45
2459,45
2460,45
2461,45
2462,45
2463,45
2464,45
2465,45
2466,45
2467,45
2468,45
2469,45
2470,45
2471,45
2472,45
2473,45
2474,45
2475,45
2476,45
2477,45
2478,45
2479,45
2480,45
2481,45
2482,45
2483,45
2484,45
2485,45
2486,45
2487,45
2488,45
2489,45
2490,45
2491,45
2492,45
2493,45
2494,45
2495,45
2496,45
2497,45
2498,45
2499,45
2500,45
2501,45
2502,45
2503,45
2504,45
2505,45
2506,45
2507,45
2508,45
2509,45
2510,45
2511,45
2512,45
2513,45
2514,45
2515,45
2516,45
2517,45
2518,45
2519,45
2520,45
2521,45
2522,45
2523,45
2524,45
2525,45
2526,45
2527,45
2528,45
2529,45
2530,45
2531,45
2532,45
2533,45
2534,45
2535,45
2536,45
2537,45
2538,45
2539,45
2540,45
2541,45
2542,45
2543,45
2544,45
2545,45
2546,45
2547,45
2548,45
2549,45
2550,45
2551,45
2552,45
2553,45
2554,45
2555,45
2556,45
2557,45
2558,45
2559,45
2560,45
2561,45
2562,45
2563,45
2564,45
2565,45
2566,45
2567,45
2568,45
2569,45
2570,45
2571,45
2572,45
2573,45
2574,45
2575,45
2576,45
2577,45
2578,45
2579,45
2580,45
2581,45
2582,45
2583,45
2584,45
2585,45
2586,45
2587,45
2588,45
2589,45
2590,45
2591,45
2592,45
2593,45
2594,45
2595,45
2596,45
2597,45
2598,45
2599,45
2600,45
2601,45
2602,45
2603,45
2604,45
2605,45
2606,45
2607,45
2608,45
2609,45
2610,45
2611,45
2612,45
2613,45
2614,45
2615,45
2616,45
2617,45
2618,45
2619,45
2620,45
2621,45
2622,45
2623,45
2624,45
2625,45
2626,45
2627,45
2628,45
2629,45
2630,45
2631,45
2632,45
2633,45
2634,45
2635,45
2636,45
2637,45
2638,45
2639,45
2640,45
2641,45
2642,45
2643,45
2644,45
2645,45
2646,45
2647,45
2648,45
2649,45
2650,45
2651,45
2652,45
2653,45
2654,45
2655,45
2656,45
2657,45
2658,45
2659,45
2660,45
2661,45
2662,45
2663,45
2664,45
2665,45
2666,45
2667,45
2668,45
2669,45
2670,45
2671,45
2672,45
2673,45
2674,45
2675,45
2676,45
2677,45
2678,45
2679,45
2680,45
2681,45
2682,45
2683,45
2684,45
2685,45
2686,45
2687,45
2688,45
2689,45
2690,45
2691,45
2692,45
2693,45
2694,45
2695,45
2696,45
2697,45
2698,45
2699,45
2700,45
2701,45
2702,45
2703,45
2704,45
2705,45
2706,45
2707,45
2708,45
2709,45
2710,45
2711,45
2712,45
2713,45
2714,45
2715,45
2716,45
2717,45
2718,45
2719,45
2720,45
2721,45
2722,45
2723,45
2724,45
2725,45
2726,45
2727,45
2728,45
2729,45
2730,45
2731,45
2732,45
2733,45
2734,45
2735,45
2736,45
2737,45
2738,45
2739,45
2740,45
2741,45
2742,45
2743,45
2744,45
2745,45
2746,45
2747,45
2748,45
2749,45
2750,45
2751,45
2752,45
2753,45
2754,45
2755,45
2756,45
2757,45
2758,45
2759,45
2760,45
2761,45
2762,45
2763,45
2764,45
2765,45
2766,45
2767,45
2768,45
2769,45
2770,45
2771,45
2772,45
2773,45
2774,45
2775,45
2776,45
2777,45
2778,45
2779,45
2780,45
2781,45
2782,45
2783,45
2784,45
2785,45
2786,45
2787,45
2788,45
2789,45
2790,45
2791,45
2792,45
2793,45
2794,45
2795,45
2796,45
2797,45
2798,45
2799,45
2800,45
2801,45
2802,45
2803,45
2804,45
2805,45
2806,45
2807,45
2808,45
2809,45
2810,45
2811,45
2812,45
2813,45
2814,45
2815,45
2816,45
2817,45
2818,45
2819,45
2820,45
2821,45
2822,45
2823,45
2824,45
2825,45
2826,45
2827,45
2828,45
2829,45
2830,45
2831,45
2832,45
2833,45
2834,45
2835,45
2836,45
2837,45
2838,45
2839,45
2840,45
2841,45
2842,45
2843,45
2844,45
2845,45
2846,45
2847,45
2848,45
2849,45
2850,45
2851,45
2852,45
2853,45
2854,45
2855,45
2856,45
2857,45
2858,45
2859,45
2860,45
2861,45
2862,45
2863,45
2864,45
2865,45
2866,45
2867,45
2868,45
2869,45
2870,45
2871,45
2872,45
2873,45
2874,45
2875,45
2876,45
2877,45
2878,45
2879,45
2880,45
2881,45
2882,45
2883,45
2884,45
2885,45
2886,45
2887,45
2888,45
2889,45
2890,45
2891,45
2892,45
2893,45
2894,45
2895,45
2896,45
2897,45
2898,45
2899,45
2900,45
2901,45
2902,45
2903,45
2904,45
2905,45
2906,45
2907,45
2908,45
2909,45
2910,45
2911,45
2912,45
2913,45
2914,45
2915,45
2916,45
2917,45
2918,45
2919,45
2920,45
2921,45
2922,45
2923,45
2924,45
2925,45
2926,45
2927,45
2928,45
2929,45
2930,45
2931,45
2932,45
2933,45
2934,45
2935,45
2936,45
2937,45
2938,45
2939,45
2940,45
2941,45
2942,45
2943,45
2944,45
2945,45
2946,45
2947,45
2948,45
2949,45
2950,45
2951,45
2952,45
2953,45
2954,45
2955,45
2956,45
2957,45
2958,45
2959,45
2960,45
2961,45
2962,45
2963,45
2964,45
2965,45
2966,45
2967,45
2968,45
2969,45
2970,45
2971,45
2972,45
2973,45
2974,45
2975,45
2976,45
2977,45
2978,45
2979,45
2980,45
2981,45
2982,45
2983,45
2984,45
2985,45
2986,45
2987,45
2988,45
2989,45
2990,45
2991,45
2992,45
2993,45
2994,45
2995,45
2996,45
2997,45
2998,45
2999,45
3000,45
3001,45
3002,45
3003,45
3004,45
3005,45
3006,45
3007,45
3008,45
3009,45
3010,45
3011,45
3012,45
3013,45
3014,45
3015,45
3016,45
3017,45
3018,45
3019,45
3020,45
3021,45
3022,45
3023,45
3024,45
3025,45
3026,45
3027,45
3028,45
3029,45
3030,45
3031,45
3032,45
3033,45
3034,45
3035,45
3036,45
3037,45
3038,45
3039,45
3040,45
3041,45
3042,45
3043,45
3044,45
3045,45
3046,45
3047,45
3048,45
3049,45
3050,45
3051,45
3052,45
3053,45
3054,45
3055,45
3056,45
3057,45
3058,45
3059,45
3060,45
3061,45
3062,45
3063,45
3064,45
3065,45
3066,45
3067,45
3068,45
3069,45
3070,45
3071,45
3072,45
3073,45
3074,45
3075,45
3076,45
3077,45
3078,45
3079,45
3080,45
3081,45
3082,45
3083,45
3084,45
3085,45
3086,45
3087,45
3088,45
3089,45
3090,45
3091,45
3092,45
3093,45
3094,45
3095,45
3096,45
3097,45
3098,45
3099,45
3100,45
3101,45
3102,45
3103,45
3104,45
3105,45
3106,45
3107,45
3108,45
3109,45
3110,45
3111,45
3112,45
3113,45
3114,45
3115,45
3116,45
3117,45
3118,45
3119,45
3120,45
3121,45
3122,45
3123,45
3124,45
3125,45
3126,45
3127,45
3128,45
3129,45
3130,45
3131,45
3132,45
3133,45
3134,45
3135,45
3136,45
3137,45
3138,45
3139,45
3140,45
3141,45
3142,45
3143,45
3144,45
3145,45
3146,45
3147,45
3148,45
3149,45
3150,45
3151,45
3152,45
3153,45
3154,45
3155,45
3156,45
3157,45
3158,45
3159,45
3160,45
3161,45
3162,45
3163,45
3164,45
3165,45
3166,45
3167,45
3168,45
3169,45
3170,45
3171,45
3172,45
3173,45
3174,45
3175,45
3176,45
3177,45
3178,45
3179,45
3180,45
3181,45
3182,45
3183,45
3184,45
3185,45
3186,45
3187,45
3188,45
3189,45
3190,45
3191,45
3192,45
3193,45
3194,45
3195,45
3196,45
3197,45
3198,45
3199,45
3200,45
3201,45
3202,45
3203,45
3204,45
3205,45
3206,45
3207,45
3208,45
3209,45
3210,45
3211,45
3212,45
3213,45
3214,45
3215,45
3216,45
3217,45
3218,45
3219,45
3220,45
3221,45
3222,45
3223,45
3224,45
3225,45
3226,45
3227,45
3228,45
3229,45
3230,45
3231,45
3232,45
3233,45
3234,45
3235,45
3236,45
3237,45
3238,45
3239,45
3240,45
3241,45
3242,45
3243,45
3244,45
3245,45
3246,45
3247,45
3248,45
3249,45
3250,45
3251,45
3252,45
3253,45
3254,45
3255,45
3256,45
3257,45
3258,45
3259,45
3260,45
3261,45
3262,45
3263,45
3264,45
3265,45
3266,45
3267,45
3268,45
3269,45
3270,45
3271,45
3272,45
3273,45
3274,45
3275,45
3276,45
3277,45
3278,45
3279,45
3280,45
3281,45
3282,45
3283,45
3284,45
3285,45
3286,45
3287,45
3288,45
3289,45
3290,45
3291,45
3292,45
3293,45
3294,45
3295,45
3296,45
3297,45
3298,45
3299,45
3300,45
3301,45
3302,45
3303,45
3304,45
3305,45
3306,45
3307,45
3308,45
3309,45
3310,45
3311,45
3312,45
3313,45
3314,45
3315,45
3316,45
3317,45
3318,45
3319,45
3320,45
3321,45
3322,45
3323,45
3324,45
3325,45
3326,45
3327,45
3328,45
3329,45
3330,45
3331,45
3332,45
3333,45
3334,45
3335,45
3336,45
3337,45
3338,45
3339,45
3340,45
3341,45
3342,45
3343,45
3344,45
3345,45
3346,45
3347,45
3348,45
3349,45
3350,45
3351,45
3352,45
3353,45
3354,45
3355,45
3356,45
3357,45
3358,45
3359,45
3360,45
3361,45
3362,45
3363,45
3364,45
3365,45
3366,45
3367,45
3368,45
3369,45
3370,45
3371,45
3372,45
3373,45
3374,45
3375,45
3376,45
3377,45
3378,45
3379,45
3380,45
3381,45
3382,45
3383,45
3384,45
3385,45
3386,45
3387,45
3388,45
3389,45
3390,45
3391,45
3392,45
3393,45
3394,45
3395,45
3396,45
3397,45
3398,45
3399,45
3400,45
3401,45
3402,45
3403,45
3404,45
3405,45
3406,45
3407,45
3408,45
3409,45
3410,45
3411,45
3412,45
3413,45
3414,45
3415,45
3416,45
3417,45
3418,45
3419,45
3420,45
3421,45
3422,45
3423,45
3424,45
3425,45
3426,45
3427,45
3428,45
3429,45
3430,45
3431,45
3432,45
3433,45
3434,45
3435,45
3436,45
3437,45
3438,45
3439,45
3440,45
3441,45
3442,45
3443,45
3444,45
3445,45
3446,45
3447,45
3448,45
3449,45
3450,45
3451,45
3452,45
3453,45
3454,45
3455,45
3456,45
3457,45
3458,45
3459,45
3460,45
3461,45
3462,45
3463,45
3464,45
3465,45
3466,45
3467,45
3468,45
3469,45
3470,45
3471,45
3472,45
3473,45
3474,45
3475,45
3476,45
3477,45
3478,45
3479,45
3480,45
3481,45
3482,45
3483,45
3484,45
3485,45
3486,45
3487,45
3488,45
3489,45
3490,45
3491,45
3492,45
3493,45
3494,45
3495,45
3496,45
3497,45
3498,45
3499,45
3500,45
3501,45
3502,45
3503,45
3504,45
3505,45
3506,45
3507,45
3508,45
3509,45
3510,45
3511,45
3512,45
3513,45
3514,45
3515,45
3516,45
3517,45
3518,45
3519,45
3520,45
3521,45
3522,45
3523,45
3524,45
3525,45
3526,45
3527,45
3528,45
3529,45
3530,45
3531,45
3532,45
3533,45
3534,45
3535,45
3536,45
3537,45
3538,45
3539,45
3540,45
3541,45
3542,45
3543,45
3544,45
3545,45
3546,45
3547,45
3548,45
3549,45
3550,45
3551,45
3552,45
3553,45
3554,45
3555,45
3556,45
3557,45
3558,45
3559,45
3560,45
3561,45
3562,45
3563,45
3564,45
3565,45
3566,45
3567,45
3568,45
3569,45
3570,45
3571,45
3572,45
3573,45
3574,45
3575,45
3576,45
3577,45
3578,45
3579,45
3580,45
3581,45
3582,45
3583,45
3584,45
3585,45
3586,45
3587,45
3588,45
3589,45
3590,45
3591,45
3592,45
3593,45
3594,45
3595,45
3596,45
3597,45
3598,45
3599,45
3600,45
3601,45
3602,45
3603,45
3604,45
3605,45
3606,45
3607,45
3608,45
3609,45
3610,45
3611,45
3612,45
3613,45
3614,45
3615,45
3616,45
3617,45
3618,45
3619,45
3620,45
3621,45
3622,45
3623,45
3624,45
3625,45
3626,45
3627,45
3628,45
3629,45
3630,45
3631,45
3632,45
3633,45
3634,45
3635,45
3636,45
3637,45
3638,45
3639,45
3640,45
3641,45
3642,45
3643,45
3644,45
3645,45
3646,45
3647,45
3648,45
3649,45
3650,45
3651,45
3652,45
3653,45
3654,45
3655,45
3656,45
3657,45
3658,45
3659,45
3660,45
3661,45
3662,45
3663,45
3664,45
3665,45
3666,45
3667,45
3668,45
3669,45
3670,45
3671,45
3672,45
3673,45
3674,45
3675,45
3676,45
3677,45
3678,45
3679,45
3680,45
3681,45
3682,45
3683,45
3684,45
3685,45
3686,45
3687,45
3688,45
3689,45
3690,45
3691,45
3692,45
3693,45
3694,45
3695,45
3696,45
3697,45
3698,45
3699,45
3700,45
3701,45
3702,45
3703,45
3704,45
3705,45
3706,45
3707,45
3708,45
3709,45
3710,45
3711,45
3712,45
3713,45
3714,45
3715,45
3716,45
3717,45
3718,45
3719,45
3720,45
3721,45
3722,45
3723,45
3724,45
3725,45
3726,45
3727,45
3728,45
3729,45
3730,45
3731,45
3732,45
3733,45
3734,45
3735,45
3736,45
3737,45
3738,45
3739,45
3740,45
3741,45
3742,45
3743,45
3744,45
3745,45
3746,45
3747,45
3748,45
3749,45
3750,45
3751,45
3752,45
3753,45
3754,45
3755,45
3756,45
3757,45
3758,45
3759,45
3760,45
3761,45
3762,45
3763,45
3764,45
3765,45
3766,45
3767,45
3768,45
3769,45
3770,45
3771,45
3772,45
3773,45
3774,45
3775,45
3776,45
3777,45
3778,45
3779,45
3780,45
3781,45
3782,45
3783,45
3784,45
3785,45
3786,45
3787,45
3788,45
3789,45
3790,45
3791,45
3792,45
3793,45
3794,45
3795,45
3796,45
3797,45
3798,45
3799,45
3800,45
3801,45
3802,45
3803,45
3804,45
3805,45
3806,45
3807,45
3808,45
3809,45
3810,45
3811,45
3812,45
3813,45
3814,45
3815,45
3816,45
3817,45
3818,45
3819,45
3820,45
3821,45
3822,45
3823,45
3824,45
3825,45
3826,45
3827,45
3828,45
3829,45
3830,45
3831,45
3832,45
3833,45
3834,45
3835,45
3836,45
3837,45
3838,45
3839,45
3840,45
3841,45
3842,45
3843,45
3844,45
3845,45
3846,45
3847,45
3848,45
3849,45
3850,45
3851,45
3852,45
3853,45
3854,45
3855,45
3856,45
3857,45
3858,45
3859,45
3860,45
3861,45
3862,45
3863,45
3864,45
3865,45
3866,45
3867,45
3868,45
3869,45
3870,45
3871,45
3872,45
3873,45
3874,45
3875,45
3876,45
3877,45
3878,45
3879,45
3880,45
3881,45
3882,45
3883,45
3884,45
3885,45
3886,45
3887,45
3888,45
3889,45
3890,45
3891,45
3892,45
3893,45
3894,45
3895,45
3896,45
3897,45
3898,45
3899,45
3900,45
3901,45
3902,45
3903,45
3904,45
3905,45
3906,45
3907,45
3908,45
3909,45
3910,45
3911,45
3912,45
3913,45
3914,45
3915,45
3916,45
3917,45
3918,45
3919,45
3920,45
3921,45
3922,45
3923,45
3924,45
3925,45
3926,45
3927,45
3928,45
3929,45
3930,45
3931,45
3932,45
3933,45
3934,45
3935,45
3936,45
3937,45
3938,45
3939,45
3940,45
3941,45
3942,45
3943,45
3944,45
3945,45
3946,45
3947,45
3948,45
3949,45
3950,45
3951,45
3952,45
3953,45
3954,45
3955,45
3956,45
3957,45
3958,45
3959,45
3960,45
3961,45
3962,45
3963,45
3964,45
3965,45
3966,45
3967,45
3968,45
3969,45
3970,45
3971,45
3972,45
3973,45
3974,45
3975,45
3976,45
3977,45
3978,45
3979,45
3980,45
3981,45
3982,45
3983,45
3984,45
3985,45
3986,45
3987,45
3988,45
3989,45
3990,45
3991,45
3992,45
3993,45
3994,45
3995,45
3996,45
3997,45
3998,45
3999,45
4000,45
4001,45
4002,45
4003,45
4004,45
4005,45
4006,45
4007,45
4008,45
4009,45
4010,45
4011,45
4012,45
4013,45
4014,45
4015,45
4016,45
4017,45
4018,45
4019,45
4020,45
4021,45
4022,45
4023,45
4024,45
4025,45
4026,45
4027,45
4028,45
4029,45
4030,45
4031,45
4032,45
4033,45
4034,45
4035,45
4036,45
4037,45
4038,45
4039,45
4040,45
4041,45
4042,45
4043,45
4044,45
4045,45
4046,45
4047,45
4048,45
4049,45
4050,45
4051,45
4052,45
4053,45
4054,45
4055,45
4056,45
4057,45
4058,45
4059,45
4060,45
4061,45
4062,45
4063,45
4064,45
4065,45
4066,45
4067,45
4068,45
4069,45
4070,45
4071,45
4072,45
4073,45
4074,45
4075,45
4076,45
4077,45
4078,45
4079,45
4080,45
4081,45
4082,45
4083,45
4084,45
4085,45
4086,45
4087,45
4088,45
4089,45
4090,45
4091,45
4092,45
4093,45
4094,45
4095,45
4096,45
4097,45
4098,45
4099,45
4100,45
4101,45
4102,45
4103,45
4104,45
4105,45
4106,45
4107,45
4108,45
4109,45
4110,45
4111,45
4112,45
4113,45
4114,45
4115,45
4116,45
4117,45
4118,45
4119,45
4120,45
4121,45
4122,45
4123,45
4124,45
4125,45
4126,45
4127,45
4128,45
4129,45
4130,45
4131,45
4132,45
4133,45
4134,45
4135,45
4136,45
4137,45
4138,45
4139,45
4140,45
4141,45
4142,45
4143,45
4144,45
4145,45
4146,45
4147,45
4148,45
4149,45
4150,45
4151,45
4152,45
4153,45
4154,45
4155,45
4156,45
4157,45
4158,45
4159,45
4160,45
4161,45
4162,45
4163,45
4164,45
4165,45
4166,45
4167,45
4168,45
4169,45
4170,45
4171,45
4172,45
4173,45
4174,45
4175,45
4176,45
4177,45
4178,45
4179,45
4180,45
4181,45
4182,45
4183,45
4184,45
4185,45
4186,45
4187,45
4188,45
4189,45
4190,45
4191,45
4192,45
4193,45
4194,45
4195,45
4196,45
4197,45
4198,45
4199,45
4200,45
4201,45
4202,45
4203,45
4204,45
4205,45
4206,45
4207,45
4208,45
4209,45
4210,45
4211,45
4212,45
4213,45
4214,45
4215,45
4216,45
4217,45
4218,45
4219,45
4220,45
4221,45
4222,45
4223,45
4224,45
4225,45
4226,45
4227,45
4228,45
4229,45
4230,45
4231,45
4232,45
4233,45
4234,45
4235,45
4236,45
4237,45
4238,45
4239,45
4240,45
4241,45
4242,45
4243,45
4244,45
4245,45
4246,45
4247,45
4248,45
4249,45
4250,45
4251,45
4252,45
4253,45
4254,45
4255,45
4256,45
4257,45
4258,45
4259,45
4260,45
4261,45
4262,45
4263,45
4264,45
4265,45
4266,45
4267,45
4268,45
4269,45
4270,45
4271,45
4272,45
4273,45
4274,45
4275,45
4276,45
4277,45
4278,45
4279,45
4280,45
4281,45
4282,45
4283,45
4284,45
4285,45
4286,45
4287,45
4288,45
4289,45
4290,45
4291,45
4292,45
4293,45
4294,45
4295,45
4296,45
4297,45
4298,45
4299,45
4300,45
4301,45
4302,45
4303,45
4304,45
4305,45
4306,45
4307,45
4308,45
4309,45
4310,45
4311,45
4312,45
4313,45
4314,45
4315,45
4316,45
4317,45
4318,45
4319,45
4320,45
4321,45
4322,45
4323,45
4324,45
4325,45
4326,45
4327,45
4328,45
4329,45
4330,45
4331,45
4332,45
4333,45
4334,45
4335,45
4336,45
4337,45
4338,45
4339,45
4340,45
4341,45
4342,45
4343,45
4344,45
4345,45
4346,45
4347,45
4348,45
4349,45
4350,45
4351,45
4352,45
4353,45
4354,45
4355,45
4356,45
4357,45
4358,45
4359,45
4360,45
4361,45
4362,45
4363,45
4364,45
4365,45
4366,45
4367,45
4368,45
4369,45
4370,45
4371,45
4372,45
4373,45
4374,45
4375,45
4376,45
4377,45
4378,45
4379,45
4380,45
4381,45
4382,45
4383,45
4384,45
4385,45
4386,45
4387,45
4388,45
4389,45
4390,45
4391,45
4392,45
4393,45
4394,45
4395,45
4396,45
4397,45
4398,45
4399,45
4400,45
4401,45
4402,45
4403,45
4404,45
4405,45
4406,45
4407,45
4408,45
4409,45
4410,45
4411,45
4412,45
4413,45
4414,45
4415,45
4416,45
4417,45
4418,45
4419,45
4420,45
4421,45
4422,45
4423,45
4424,45
4425,45
4426,45
4427,45
4428,45
4429,45
4430,45
4431,45
4432,45
4433,45
4434,45
4435,45
4436,45
4437,45
4438,45
4439,45
4440,45
4441,45
4442,45
4443,45
4444,45
4445,45
4446,45
4447,45
4448,45
4449,45
4450,45
4451,45
4452,45
4453,45
4454,45
4455,45
4456,45
4457,45
4458,45
4459,45
4460,45
4461,45
4462,45
4463,45
4464,45
4465,45
4466,45
4467,45
4468,45
4469,45
4470,45
4471,45
4472,45
4473,45
4474,45
4475,45
4476,45
4477,45
4478,45
4479,45
4480,45
4481,45
4482,45
4483,45
4484,45
4485,45
4486,45
4487,45
4488,45
4489,45
4490,45
4491,45
4492,45
4493,45
4494,45
4495,45
4496,45
4497,45
4498,45
4499,45
4500,45
4501,45
4502,45
4503,45
4504,45
4505,45
4506,45
4507,45
4508,45
4509,45
4510,45
4511,45
4512,45
4513,45
4514,45
4515,45
4516,45
4517,45
4518,45
4519,45
4520,45
4521,45
4522,45
4523,45
4524,45
4525,45
4526,45
4527,45
4528,45
4529,45
4530,45
4531,45
4532,45
4533,45
4534,45
4535,45
4536,45
4537,45
4538,45
4539,45
4540,45
4541,45
4542,45
4543,45
4544,45
4545,45
4546,45
4547,45
4548,45
4549,45
4550,45
4551,45
4552,45
4553,45
4554,45
4555,45
4556,45
4557,45
4558,45
4559,45
4560,45
4561,45
4562,45
4563,45
4564,45
4565,45
4566,45
4567,45
4568,45
4569,45
4570,45
4571,45
4572,45
4573,45
4574,45
4575,45
4576,45
4577,45
4578,45
4579,45
4580,45
4581,45
4582,45
4583,45
4584,45
4585,45
4586,45
4587,45
4588,45
4589,45
4590,45
4591,45
4592,45
4593,45
4594,45
4595,45
4596,45
4597,45
4598,45
4599,45
4600,45
4601,45
4602,45
4603,45
4604,45
4605,45
4606,45
4607,45
4608,45
4609,45
4610,45
4611,45
4612,45
4613,45
4614,45
4615,45
4616,45
4617,45
4618,45
4619,45
4620,45
4621,45
4622,45
4623,45
4624,45
4625,45
4626,45
4627,45
4628,45
4629,45
4630,45
4631,45
4632,45
4633,45
4634,45
4635,45
4636,45
4637,45
4638,45
4639,45
4640,45
4641,45
4642,45
4643,45
4644,45
4645,45
4646,45
4647,45
4648,45
4649,45
4650,45
4651,45
4652,45
4653,45
4654,45
4655,45
4656,45
4657,45
4658,45
4659,45
4660,45
4661,45
4662,45
4663,45
4664,45
4665,45
4666,45
4667,45
4668,45
4669,45
4670,45
4671,45
4672,45
4673,45
4674,45
4675,45
4676,45
4677,45
4678,45
4679,45
4680,45
4681,45
4682,45
4683,45
4684,45
4685,45
4686,45
4687,45
4688,45
4689,45
4690,45
4691,45
4692,45
4693,45
4694,45
4695,45
4696,45
4697,45
4698,45
4699,45
4700,45
4701,45
4702,45
4703,45
4704,45
4705,45
4706,45
4707,45
4708,45
4709,45
4710,45
4711,45
4712,45
4713,45
4714,45
4715,45
4716,45
4717,45
4718,45
4719,45
4720,45
4721,45
4722,45
4723,45
4724,45
4725,45
4726,45
4727,45
4728,45
4729,45
4730,45
4731,45
4732,45
4733,45
4734,45
4735,45
4736,45
4737,45
4738,45
4739,45
4740,45
4741,45
4742,45
4743,45
4744,45
4745,45
4746,45
4747,45
4748,45
4749,45
4750,45
4751,45
4752,45
4753,45
4754,45
4755,45
4756,45
4757,45
4758,45
4759,45
4760,45
4761,45
4762,45
4763,45
4764,45
4765,45
4766,45
4767,45
4768,45
4769,45
4770,45
4771,45
4772,45
4773,45
4774,45
4775,45
4776,45
4777,45
4778,45
4779,45
4780,45
4781,45
4782,45
4783,45
4784,45
4785,45
4786,45
4787,45
4788,45
4789,45
4790,45
4791,45
4792,45
4793,45
4794,45
4795,45
4796,45
4797,45
4798,45
4799,45
4800,45
4801,45
4802,45
4803,45
4804,45
4805,45
4806,45
4807,45
4808,45
4809,45
4810,45
4811,45
4812,45
4813,45
4814,45
4815,45
4816,45
4817,45
4818,45
4819,45
4820,45
4821,45
4822,45
4823,45
4824,45
4825,45
4826,45
4827,45
4828,45
4829,45
4830,45
4831,45
4832,45
4833,45
4834,45
4835,45
4836,45
4837,45
4838,45
4839,45
4840,45
4841,45
4842,45
4843,45
4844,45
4845,45
4846,45
4847,45
4848,45
4849,45
4850,45
4851,45
4852,45
4853,45
4854,45
4855,45
4856,45
4857,45
4858,45
4859,45
4860,45
4861,45
4862,45
4863,45
4864,45
4865,45
4866,45
4867,45
4868,45
4869,45
4870,45
4871,45
4872,45
4873,45
4874,45
4875,45
4876,45
4877,45
4878,45
4879,45
4880,45
4881,45
4882,45
4883,45
4884,45
4885,45
4886,45
4887,45
4888,45
4889,45
4890,45
4891,45
4892,45
4893,45
4894,45
4895,45
4896,45
4897,45
4898,45
4899,45
4900,45
4901,45
4902,45
4903,45
4904,45
4905,45
4906,45
4907,45
4908,45
4909,45
4910,45
4911,45
4912,45
4913,45
4914,45
4915,45
4916,45
4917,45
4918,45
4919,45
4920,45
4921,45
4922,45
4923,45
4924,45
4925,45
4926,45
4927,45
4928,45
4929,45
4930,45
4931,45
4932,45
4933,45
4934,45
4935,45
4936,45
4937,45
4938,45
4939,45
4940,45
4941,45
4942,45
4943,45
4944,45
4945,45
4946,45
4947,45
4948,45
4949,45
4950,45
4951,45
4952,45
4953,45
4954,45
4955,45
4956,45
4957,45
4958,45
4959,45
4960,45
4961,45
4962,45
4963,45
4964,45
4965,45
4966,45
4967,45
4968,45
4969,45
4970,45
4971,45
4972,45
4973,45
4974,45
4975,45
4976,45
4977,45
4978,45
4979,45
4980,45
4981,45
4982,45
4983,45
4984,45
4985,45
4986,45
4987,45
4988,45
4989,45
4990,45
4991,45
4992,45
4993,45
4994,45
4995,45
4996,45
4997,45
4998,45
4999,45
5000,45
5001,45
5002,45
5003,45
5004,45
5005,45
5006,45
5007,45
5008,45
5009,45
5010,45
5011,45
5012,45
5013,45
5014,45
5015,45
5016,45
5017,45
5018,45
5019,45
5020,45
5021,45
5022,45
5023,45
5024,45
5025,45
5026,45
5027,45
5028,45
5029,45
5030,45
5031,45
5032,45
5033,45
5034,45
5035,45
5036,45
5037,45
5038,45
5039,45
5040,45
5041,45
5042,45
5043,45
5044,45
5045,45
5046,45
5047,45
5048,45
5049,45
5050,45
5051,45
5052,45
5053,45
5054,45
5055,45
5056,45
5057,45
5058,45
5059,45
5060,45
5061,45
5062,45
5063,45
5064,45
5065,45
5066,45
5067,45
5068,45
5069,45
5070,45
5071,45
5072,45
5073,45
5074,45
5075,45
5076,45
5077,45
5078,45
5079,45
5080,45
5081,45
5082,45
5083,45
5084,45
5085,45
5086,45
5087,45
5088,45
5089,45
5090,45
5091,45
5092,45
5093,45
5094,45
5095,45
5096,45
5097,45
5098,45
5099,45
5100,45
5101,45
5102,45
5103,45
5104,45
5105,45
5106,45
5107,45
5108,45
5109,45
5110,45
5111,45
5112,45
5113,45
5114,45
5115,45
5116,45
5117,45
5118,45
5119,45
5120,45
5121,45
5122,45
5123,45
5124,45
5125,45
5126,45
5127,45
5128,45
5129,45
5130,45
5131,45
5132,45
5133,45
5134,45
5135,45
5136,45
5137,45
5138,45
5139,45
5140,45
5141,45
5142,45
5143,45
5144,45
5145,45
5146,45
5147,45
5148,45
5149,45
5150,45
5151,45
5152,45
5153,45
5154,45
5155,45
5156,45
5157,45
5158,45
5159,45
5160,45
5161,45
5162,45
5163,45
5164,45
5165,45
5166,45
5167,45
5168,45
5169,45
5170,45
5171,45
5172,45
5173,45
5174,45
5175,45
5176,45
5177,45
5178,45
5179,45
5180,45
5181,45
5182,45
5183,45
5184,45
5185,45
5186,45
5187,45
5188,45
5189,45
5190,45
5191,45
5192,45
5193,45
5194,45
5195,45
5196,45
5197,45
5198,45
5199,45
5200,45
5201,45
5202,45
5203,45
5204,45
5205,45
5206,45
5207,45
5208,45
5209,45
5210,45
5211,45
5212,45
5213,45
5214,45
5215,45
5216,45
5217,45
5218,45
5219,45
5220,45
5221,45
5222,45
5223,45
5224,45
5225,45
5226,45
5227,45
5228,45
5229,45
5230,45
5231,45
5232,45
5233,45
5234,45
5235,45
5236,45
5237,45
5238,45
5239,45
5240,45
5241,45
5242,45
5243,45
5244,45
5245,45
5246,45
5247,45
5248,45
5249,45
5250,45
5251,45
5252,45
5253,45
5254,45
5255,45
5256,45
5257,45
5258,45
5259,45
5260,45
5261,45
5262,45
5263,45
5264,45
5265,45
5266,45
5267,45
5268,45
5269,45
5270,45
5271,45
5272,45
5273,45
5274,45
5275,45
5276,45
5277,45
5278,45
5279,45
5280,45
5281,45
5282,45
5283,45
5284,45
5285,45
5286,45
5287,45
5288,45
5289,45
5290,45
5291,45
5292,45
5293,45
5294,45
5295,45
5296,45
5297,45
5298,45
5299,45
5300,45
5301,45
5302,45
5303,45
5304,45
5305,45
5306,45
5307,45
5308,45
5309,45
5310,45
5311,45
5312,45
5313,45
5314,45
5315,45
5316,45
5317,45
5318,45
5319,45
5320,45
5321,45
5322,45
5323,45
5324,45
5325,45
5326,45
5327,45
5328,45
5329,45
5330,45
5331,45
5332,45
5333,45
5334,45
5335,45
5336,45
5337,45
5338,45
5339,45
5340,45
5341,45
5342,45
5343,45
5344,45
5345,45
5346,45
5347,45
5348,45
5349,45
5350,45
5351,45
5352,45
5353,45
5354,45
5355,45
5356,45
5357,45
5358,45
5359,45
5360,45
5361,45
5362,45
5363,45
5364,45
5365,45
5366,45
5367,45
5368,45
5369,45
5370,45
5371,45
5372,45
5373,45
5374,45
5375,45
5376,45
5377,45
5378,45
5379,45
5380,45
5381,45
5382,45
5383,45
5384,45
5385,45
5386,45
5387,45
5388,45
5389,45
5390,45
5391,45
5392,45
5393,45
5394,45
5395,45
5396,45
5397,45
5398,45
5399,45
5400,45
5401,45
5402,45
5403,45
5404,45
5405,45
5406,45
5407,45
5408,45
5409,45
5410,45
5411,45
5412,45
5413,45
5414,45
5415,45
5416,45
5417,45
5418,45
5419,45
5420,45
5421,45
5422,45
5423,45
5424,45
5425,45
5426,45
5427,45
5428,45
5429,45
5430,45
5431,45
5432,45
5433,45
5434,45
5435,45
5436,45
5437,45
5438,45
5439,45
5440,45
5441,45
5442,45
5443,45
5444,45
5445,45
5446,45
5447,45
5448,45
5449,45
5450,45
5451,45
5452,45
5453,45
5454,45
5455,45
5456,45
5457,45
5458,45
5459,45
5460,45
5461,45
5462,45
5463,45
5464,45
5465,45
5466,45
5467,45
5468,45
5469,45
5470,45
5471,45
5472,45
5473,45
5474,45
5475,45
5476,45
5477,45
5478,45
5479,45
5480,45
5481,45
5482,45
5483,45
5484,45
5485,45
5486,45
5487,45
5488,45
5489,45
5490,45
5491,45
5492,45
5493,45
5494,45
5495,45
5496,45
5497,45
5498,45
5499,45
5500,45
5501,45
5502,45
5503,45
5504,45
5505,45
5506,45
5507,45
5508,45
5509,45
5510,45
5511,45
5512,45
5513,45
5514,45
5515,45
5516,45
5517,45
5518,45
5519,45
5520,45
5521,45
5522,45
5523,45
5524,45
5525,45
5526,45
5527,45
5528,45
5529,45
5530,45
5531,45
5532,45
5533,45
5534,45
5535,45
5536,45
5537,45
5538,45
5539,45
5540,45
5541,45
5542,45
5543,45
5544,45
5545,45
5546,45
5547,45
5548,45
5549,45
5550,45
5551,45
5552,45
5553,45
5554,45
5555,45
5556,45
5557,45
5558,45
5559,45
5560,45
5561,45
5562,45
5563,45
5564,45
5565,45
5566,45
5567,45
5568,45
5569,45
5570,45
5571,45
5572,45
5573,45
5574,45
5575,45
5576,45
5577,45
5578,45
5579,45
5580,45
5581,45
5582,45
5583,45
5584,45
5585,45
5586,45
5587,45
5588,45
5589,45
5590,45
5591,45
5592,45
5593,45
5594,45
5595,45
5596,45
5597,45
5598,45
5599,45
5600,45
5601,45
5602,45
5603,45
5604,45
5605,45
5606,45
5607,45
5608,45
5609,45
5610,45
5611,45
5612,45
5613,45
5614,45
5615,45
5616,45
5617,45
5618,45
5619,45
5620,45
5621,45
5622,45
5623,45
5624,45
5625,45
5626,45
5627,45
5628,45
5629,45
5630,45
5631,45
5632,45
5633,45
5634,45
5635,45
5636,45
5637,45
5638,45
5639,45
5640,45
5641,45
5642,45
5643,45
5644,45
5645,45
5646,45
5647,45
5648,45
5649,45
5650,45
5651,45
5652,45
5653,45
5654,45
5655,45
5656,45
5657,45
5658,45
5659,45
5660,45
5661,45
5662,45
5663,45
5664,45
5665,45
5666,45
5667,45
5668,45
5669,45
5670,45
5671,45
5672,45
5673,45
5674,45
5675,45
5676,45
5677,45
5678,45
5679,45
5680,45
5681,45
5682,45
5683,45
5684,45
5685,45
5686,45
5687,45
5688,45
5689,45
5690,45
5691,45
5692,45
5693,45
5694,45
5695,45
5696,45
5697,45
5698,45
5699,45
5700,45
5701,45
5702,45
5703,45
5704,45
5705,45
5706,45
5707,45
5708,45
5709,45
5710,45
5711,45
5712,45
5713,45
5714,45
5715,45
5716,45
5717,45
5718,45
5719,45
5720,45
5721,45
5722,45
5723,45
5724,45
5725,45
5726,45
5727,45
5728,45
5729,45
5730,45
5731,45
5732,45
5733,45
5734,45
5735,45
5736,45
5737,45
5738,45
5739,45
5740,45
5741,45
5742,45
5743,45
5744,45
5745,45
5746,45
5747,45
5748,45
5749,45
5750,45
5751,45
5752,45
5753,45
5754,45
5755,45
5756,45
5757,45
5758,45
5759,45
5760,45
5761,45
5762,45
5763,45
5764,45
5765,45
5766,45
5767,45
5768,45
5769,45
5770,45
5771,45
5772,45
5773,45
5774,45
5775,45
5776,45
5777,45
5778,45
5779,45
5780,45
5781,45
5782,45
5783,45
5784,45
5785,45
5786,45
5787,45
5788,45
5789,45
5790,45
5791,45
5792,45
5793,45
5794,45
5795,45
5796,45
5797,45
5798,45
5799,45
5800,45
5801,45
5802,45
5803,45
5804,45
5805,45
5806,45
5807,45
5808,45
5809,45
5810,45
5811,45
5812,45
5813,45
5814,45
5815,45
5816,45
5817,45
5818,45
5819,45
5820,45
5821,45
5822,45
5823,45
5824,45
5825,45
5826,45
5827,45
5828,45
5829,45
5830,45
5831,45
5832,45
5833,45
5834,45
5835,45
5836,45
5837,45
5838,45
5839,45
5840,45
5841,45
5842,45
5843,45
5844,45
5845,45
5846,45
5847,45
5848,45
5849,45
5850,45
5851,45
5852,45
5853,45
5854,45
5855,45
5856,45
5857,45
5858,45
5859,45
5860,45
5861,45
5862,45
5863,45
5864,45
5865,45
5866,45
5867,45
5868,45
5869,45
5870,45
5871,45
5872,45
5873,45
5874,45
5875,45
5876,45
5877,45
5878,45
5879,45
5880,45
5881,45
5882,45
5883,45
5884,45
5885,45
5886,45
5887,45
5888,45
5889,45
5890,45
5891,45
5892,45
5893,45
5894,45
5895,45
5896,45
5897,45
5898,45
5899,45
5900,45
5901,45
5902,45
5903,45
5904,45
5905,45
5906,45
5907,45
5908,45
5909,45
5910,45
5911,45
5912,45
5913,45
5914,45
5915,45
5916,45
5917,45
5918,45
5919,45
5920,45
5921,45
5922,45
5923,45
5924,45
5925,45
5926,45
5927,45
5928,45
5929,45
5930,45
5931,45
5932,45
5933,45
5934,45
5935,45
5936,45
5937,45
5938,45
5939,45
5940,45
5941,45
5942,45
5943,45
5944,45
5945,45
5946,45
5947,45
5948,45
5949,45
5950,45
5951,45
5952,45
5953,45
5954,45
5955,45
5956,45
5957,45
5958,45
5959,45
5960,45
5961,45
5962,45
5963,45
5964,45
5965,45
5966,45
5967,45
5968,45
5969,45
5970,45
5971,45
5972,45
5973,45
5974,45
5975,45
5976,45
5977,45
5978,45
5979,45
5980,45
5981,45
5982,45
5983,45
5984,45
5985,45
5986,45
5987,45
5988,45
5989,45
5990,45
5991,45
5992,45
5993,45
5994,45
5995,45
5996,45
5997,45
5998,45
5999,45
6000,45
6001,45
6002,45
6003,45
6004,45
6005,45
6006,45
6007,45
6008,45
6009,45
6010,45
6011,45
6012,45
6013,45
6014,45
6015,45
6016,45
6017,45
6018,45
6019,45
6020,45
6021,45
6022,45
6023,45
6024,45
6025,45
6026,45
6027,45
6028,45
6029,45
6030,45
6031,45
6032,45
6033,45
6034,45
6035,45
6036,45
6037,45
6038,45
6039,45
6040,45
6041,45
6042,45
6043,45
6044,45
6045,45
6046,45
6047,45
6048,45
6049,45
6050,45
6051,45
6052,45
6053,45
6054,45
6055,45
6056,45
6057,45
6058,45
6059,45
6060,45
6061,45
6062,45
6063,45
6064,45
6065,45
6066,45
6067,45
6068,45
6069,45
6070,45
6071,45
6072,45
6073,45
6074,45
6075,45
6076,45
6077,45
6078,45
6079,45
6080,45
6081,45
6082,45
6083,45
6084,45
6085,45
6086,45
6087,45
6088,45
6089,45
6090,45
6091,45
6092,45
6093,45
6094,45
6095,45
6096,45
6097,45
6098,45
6099,45
6100,45
6101,45
6102,45
6103,45
6104,45
6105,45
6106,45
6107,45
6108,45
6109,45
6110,45
6111,45
6112,45
6113,45
6114,45
6115,45
6116,45
6117,45
6118,45
6119,45
6120,45
6121,45
6122,45
6123,45
6124,45
6125,45
6126,45
6127,45
6128,45
6129,45
6130,45
6131,45
6132,45
6133,45
6134,45
6135,45
6136,45
6137,45
6138,45
6139,45
6140,45
6141,45
6142,45
6143,45
6144,45
6145,45
6146,45
6147,45
6148,45
6149,45
6150,45
6151,45
6152,45
6153,45
6154,45
6155,45
6156,45
6157,45
6158,45
6159,45
6160,45
6161,45
6162,45
6163,45
6164,45
6165,45
6166,45
6167,45
6168,45
6169,45
6170,45
6171,45
6172,45
6173,45
6174,45
6175,45
6176,45
6177,45
6178,45
6179,45
6180,45
6181,45
6182,45
6183,45
6184,45
6185,45
6186,45
6187,45
6188,45
6189,45
6190,45
6191,45
6192,45
6193,45
6194,45
6195,45
6196,45
6197,45
6198,45
6199,45
6200,45
6201,45
6202,45
6203,45
6204,45
6205,45
6206,45
6207,45
6208,45
6209,45
6210,45
6211,45
6212,45
6213,45
6214,45
6215,45
6216,45
6217,45
6218,45
6219,45
6220,45
6221,45
6222,45
6223,45
6224,45
6225,45
6226,45
6227,45
6228,45
6229,45
6230,45
6231,45
6232,45
6233,45
6234,45
6235,45
6236,45
6237,45
6238,45
6239,45
6240,45
6241,45
6242,45
6243,45
6244,45
6245,45
6246,45
6247,45
6248,45
6249,45
6250,45
6251,45
6252,45
6253,45
6254,45
6255,45
6256,45
6257,45
6258,45
6259,45
6260,45
6261,45
6262,45
6263,45
6264,45
6265,45
6266,45
6267,45
6268,45
6269,45
6270,45
6271,45
6272,45
6273,45
6274,45
6275,45
6276,45
6277,45
6278,45
6279,45
6280,45
6281,45
6282,45
6283,45
6284,45
6285,45
6286,45
6287,45
6288,45
6289,45
6290,45
6291,45
6292,45
6293,45
6294,45
6295,45
6296,45
6297,45
6298,45
6299,45
6300,45
6301,45
6302,45
6303,45
6304,45
6305,45
6306,45
6307,45
6308,45
6309,45
6310,45
6311,45
6312,45
6313,45
6314,45
6315,45
6316,45
6317,45
6318,45
6319,45
6320,45
6321,45
6322,45
6323,45
6324,45
6325,45
6326,45
6327,45
6328,45
6329,45
6330,45
6331,45
6332,45
6333,45
6334,45
6335,45
6336,45
6337,45
6338,45
6339,45
6340,45
6341,45
6342,45
6343,45
6344,45
6345,45
6346,45
6347,45
6348,45
6349,45
6350,45
6351,45
6352,45
6353,45
6354,45
6355,45
6356,45
6357,45
6358,45
6359,45
6360,45
6361,45
6362,45
6363,45
6364,45
6365,45
6366,45
6367,45
6368,45
6369,45
6370,45
6371,45
6372,45
6373,45
6374,45
6375,45
6376,45
6377,45
6378,45
6379,45
6380,45
6381,45
6382,45
6383,45
6384,45
6385,45
6386,45
6387,45
6388,45
6389,45
6390,45
6391,45
6392,45
6393,45
6394,45
6395,45
6396,45
6397,45
6398,45
6399,45
6400,45
6401,45
6402,45
6403,45
6404,45
6405,45
6406,45
6407,45
6408,45
6409,45
6410,45
6411,45
6412,45
6413,45
6414,45
6415,45
6416,45
6417,45
6418,45
6419,45
6420,45
6421,45
6422,45
6423,45
6424,45
6425,45
6426,45
6427,45
6428,45
6429,45
6430,45
6431,45
6432,45
6433,45
6434,45
6435,45
6436,45
6437,45
6438,45
6439,45
6440,45
6441,45
6442,45
6443,45
6444,45
6445,45
6446,45
6447,45
6448,45
6449,45
6450,45
6451,45
6452,45
6453,45
6454,45
6455,45
6456,45
6457,45
6458,45
6459,45
6460,45
6461,45
6462,45
6463,45
6464,45
6465,45
6466,45
6467,45
6468,45
6469,45
6470,45
6471,45
6472,45
6473,45
6474,45
6475,45
6476,45
6477,45
6478,45
6479,45
6480,45
6481,45
6482,45
6483,45
6484,45
6485,45
6486,45
6487,45
6488,45
6489,45
6490,45
6491,45
6492,45
6493,45
6494,45
6495,45
6496,45
6497,45
6498,45
6499,45
6500,45
6501,45
6502,45
6503,45
6504,45
6505,45
6506,45
6507,45
6508,45
6509,45
6510,45
6511,45
6512,45
6513,45
6514,45
6515,45
6516,45
6517,45
6518,45
6519,45
6520,45
6521,45
6522,45
6523,45
6524,45
6525,45
6526,45
6527,45
6528,45
6529,45
6530,45
6531,45
6532,45
6533,45
6534,45
6535,45
6536,45
6537,45
6538,45
6539,45
6540,45
6541,45
6542,45
6543,45
6544,45
6545,45
6546,45
6547,45
6548,45
6549,45
6550,45
6551,45
6552,45
6553,45
6554,45
6555,45
6556,45
6557,45
6558,45
6559,45
6560,45
6561,45
6562,45
6563,45
6564,45
6565,45
6566,45
6567,45
6568,45
6569,45
6570,45
6571,45
6572,45
6573,45
6574,45
6575,45
6576,45
6577,45
6578,45
6579,45
6580,45
6581,45
6582,45
6583,45
6584,45
6585,45
6586,45
6587,45
6588,45
6589,45
6590,45
6591,45
6592,45
6593,45
6594,45
6595,45
6596,45
6597,45
6598,45
6599,45
6600,45
6601,45
6602,45
6603,45
6604,45
6605,45
6606,45
6607,45
6608,45
6609,45
6610,45
6611,45
6612,45
6613,45
6614,45
6615,45
6616,45
6617,45
6618,45
6619,45
6620,45
6621,45
6622,45
6623,45
6624,45
6625,45
6626,45
6627,45
6628,45
6629,45
6630,45
6631,45
6632,45
6633,45
6634,45
6635,45
6636,45
6637,45
6638,45
6639,45
6640,45
6641,45
6642,45
6643,45
6644,45
6645,45
6646,45
6647,45
6648,45
6649,45
6650,45
6651,45
6652,45
6653,45
6654,45
6655,45
6656,45
6657,45
6658,45
6659,45
6660,45
6661,45
6662,45
6663,45
6664,45
6665,45
6666,45
6667,45
6668,45
6669,45
6670,45
6671,45
6672,45
6673,45
6674,45
6675,45
6676,45
6677,45
6678,45
6679,45
6680,45
6681,45
6682,45
6683,45
6684,45
6685,45
6686,45
6687,45
6688,45
6689,45
6690,45
6691,45
6692,45
6693,45
6694,45
6695,45
6696,45
6697,45
6698,45
6699,45
6700,45
6701,45
6702,45
6703,45
6704,45
6705,45
6706,45
6707,45
6708,45
6709,45
6710,45
6711,45
6712,45
6713,45
6714,45
6715,45
6716,45
6717,45
6718,45
6719,45
6720,45
6721,45
6722,45
6723,45
6724,45
6725,45
6726,45
6727,45
6728,45
6729,45
6730,45
6731,45
6732,45
6733,45
6734,45
6735,45
6736,45
6737,45
6738,45
6739,45
6740,45
6741,45
6742,45
6743,45
6744,45
6745,45
6746,45
6747,45
6748,45
6749,45
6750,45
6751,45
6752,45
6753,45
6754,45
6755,45
6756,45
6757,45
6758,45
6759,45
6760,45
6761,45
6762,45
6763,45
6764,45
6765,45
6766,45
6767,45
6768,45
6769,45
6770,45
6771,45
6772,45
6773,45
6774,45
6775,45
6776,45
6777,45
6778,45
6779,45
6780,45
6781,45
6782,45
6783,45
6784,45
6785,45
6786,45
6787,45
6788,45
6789,45
6790,45
6791,45
6792,45
6793,45
6794,45
6795,45
6796,45
6797,45
6798,45
6799,45
6800,45
6801,45
6802,45
6803,45
6804,45
6805,45
6806,45
6807,45
6808,45
6809,45
6810,45
6811,45
6812,45
6813,45
6814,45
6815,45
6816,45
6817,45
6818,45
6819,45
6820,45
6821,45
6822,45
6823,45
6824,45
6825,45
6826,45
6827,45
6828,45
6829,45
6830,45
6831,45
6832,45
6833,45
6834,45
6835,45
6836,45
6837,45
6838,45
6839,45
6840,45
6841,45
6842,45
6843,45
6844,45
6845,45
6846,45
6847,45
6848,45
6849,45
6850,45
6851,45
6852,45
6853,45
6854,45
6855,45
6856,45
6857,45
6858,45
6859,45
6860,45
6861,45
6862,45
6863,45
6864,45
6865,45
6866,45
6867,45
6868,45
6869,45
6870,45
6871,45
6872,45
6873,45
6874,45
6875,45
6876,45
6877,45
6878,45
6879,45
6880,45
6881,45
6882,45
6883,45
6884,45
6885,45
6886,45
6887,45
6888,45
6889,45
6890,45
6891,45
6892,45
6893,45
6894,45
6895,45
6896,45
6897,45
6898,45
6899,45
6900,45
6901,45
6902,45
6903,45
6904,45
6905,45
6906,45
6907,45
6908,45
6909,45
6910,45
6911,45
6912,45
6913,45
6914,45
6915,45
6916,45
6917,45
6918,45
6919,45
6920,45
6921,45
6922,45
6923,45
6924,45
6925,45
6926,45
6927,45
6928,45
6929,45
6930,45
6931,45
6932,45
6933,45
6934,45
6935,45
6936,45
6937,45
6938,45
6939,45
6940,45
6941,45
6942,45
6943,45
6944,45
6945,45
6946,45
6947,45
6948,45
6949,45
6950,45
6951,45
6952,45
6953,45
6954,45
6955,45
6956,45
6957,45
6958,45
6959,45
6960,45
6961,45
6962,45
6963,45
6964,45
6965,45
6966,45
6967,45
6968,45
6969,45
6970,45
6971,45
6972,45
6973,45
6974,45
6975,45
6976,45
6977,45
6978,45
6979,45
6980,45
6981,45
6982,45
6983,45
6984,45
6985,45
6986,45
6987,45
6988,45
6989,45
6990,45
6991,45
6992,45
6993,45
6994,45
6995,45
6996,45
6997,45
6998,45
6999,45
7000,45
7001,45
7002,45
7003,45
7004,45
7005,45
7006,45
7007,45
7008,45
7009,45
7010,45
7011,45
7012,45
7013,45
7014,45
7015,45
7016,45
7017,45
7018,45
7019,45
7020,45
7021,45
7022,45
7023,45
7024,45
7025,45
7026,45
7027,45
7028,45
7029,45
7030,45
7031,45
7032,45
7033,45
7034,45
7035,45
7036,45
7037,45
7038,45
7039,45
7040,45
7041,45
7042,45
7043,45
7044,45
7045,45
7046,45
7047,45
7048,45
7049,45
7050,45
7051,45
7052,45
7053,45
7054,45
7055,45
7056,45
7057,45
7058,45
7059,45
7060,45
7061,45
7062,45
7063,45
7064,45
7065,45
7066,45
7067,45
7068,45
7069,45
7070,45
7071,45
7072,45
7073,45
7074,45
7075,45
7076,45
7077,45
7078,45
7079,45
7080,45
7081,45
7082,45
7083,45
7084,45
7085,45
7086,45
7087,45
7088,45
7089,45
7090,45
7091,45
7092,45
7093,45
7094,45
7095,45
7096,45
7097,45
7098,45
7099,45
7100,45
7101,45
7102,45
7103,45
7104,45
7105,45
7106,45
7107,45
7108,45
7109,45
7110,45
7111,45
7112,45
7113,45
7114,45
7115,45
7116,45
7117,45
7118,45
7119,45
7120,45
7121,45
7122,45
7123,45
7124,45
7125,45
7126,45
7127,45
7128,45
7129,45
7130,45
7131,45
7132,45
7133,45
7134,45
7135,45
7136,45
7137,45
7138,45
7139,45
7140,45
7141,45
7142,45
7143,45
7144,45
7145,45
7146,45
7147,45
7148,45
7149,45
7150,45
7151,45
7152,45
7153,45
7154,45
7155,45
7156,45
7157,45
7158,45
7159,45
7160,45
7161,45
7162,45
7163,45
7164,45
7165,45
7166,45
7167,45
7168,45
7169,45
7170,45
7171,45
7172,45
7173,45
7174,45
7175,45
7176,45
7177,45
7178,45
7179,45
7180,45
7181,45
7182,45
7183,45
7184,45
7185,45
7186,45
7187,45
7188,45
7189,45
7190,45
7191,45
7192,45
7193,45
7194,45
7195,45
7196,45
7197,45
7198,45
7199,45
7200,45
7201,45
7202,45
7203,45
7204,45
7205,45
7206,45
7207,45
7208,45
7209,45
7210,45
7211,45
7212,45
7213,45
7214,45
7215,45
7216,45
7217,45
7218,45
7219,45
7220,45
7221,45
7222,45
7223,45
7224,45
7225,45
7226,45
7227,45
7228,45
7229,45
7230,45
7231,45
7232,45
7233,45
7234,45
7235,45
7236,45
7237,45
7238,45
7239,45
7240,45
7241,45
7242,45
7243,45
7244,45
7245,45
7246,45
7247,45
7248,45
7249,45
7250,45
7251,45
7252,45
7253,45
7254,45
7255,45
7256,45
7257,45
7258,45
7259,45
7260,45
7261,45
7262,45
7263,45
7264,45
7265,45
7266,45
7267,45
7268,45
7269,45
7270,45
7271,45
7272,45
7273,45
7274,45
7275,45
7276,45
7277,45
7278,45
7279,45
7280,45
7281,45
7282,45
7283,45
7284,45
7285,45
7286,45
7287,45
7288,45
7289,45
7290,45
7291,45
7292,45
7293,45
7294,45
7295,45
7296,45
7297,45
7298,45
7299,45
7300,45
7301,45
7302,45
7303,45
7304,45
7305,45
7306,45
7307,45
7308,45
7309,45
7310,45
7311,45
7312,45
7313,45
7314,45
7315,45
7316,45
7317,45
7318,45
7319,45
7320,45
7321,45
7322,45
7323,45
7324,45
7325,45
7326,45
7327,45
7328,45
7329,45
7330,45
7331,45
7332,45
7333,45
7334,45
7335,45
7336,45
7337,45
7338,45
7339,45
7340,45
7341,45
7342,45
7343,45
7344,45
7345,45
7346,45
7347,45
7348,45
7349,45
7350,45
7351,45
7352,45
7353,45
7354,45
7355,45
7356,45
7357,45
7358,45
7359,45
7360,45
7361,45
7362,45
7363,45
7364,45
7365,45
7366,45
7367,45
7368,45
7369,45
7370,45
7371,45
7372,45
7373,45
7374,45
7375,45
7376,45
7377,45
7378,45
7379,45
7380,45
7381,45
7382,45
7383,45
7384,45
7385,45
7386,45
7387,45
7388,45
7389,45
7390,45
7391,45
7392,45
7393,45
7394,45
7395,45
7396,45
7397,45
7398,45
7399,45
7400,45
7401,45
7402,45
7403,45
7404,45
7405,45
7406,45
7407,45
7408,45
7409,45
7410,45
7411,45
7412,45
7413,45
7414,45
7415,45
7416,45
7417,45
7418,45
7419,45
7420,45
7421,45
7422,45
7423,45
7424,45
7425,45
7426,45
7427,45
7428,45
7429,45
7430,45
7431,45
7432,45
7433,45
7434,45
7435,45
7436,45
7437,45
7438,45
7439,45
7440,45
7441,45
7442,45
7443,45
7444,45
7445,45
7446,45
7447,45
7448,45
7449,45
7450,45
7451,45
7452,45
7453,45
7454,45
7455,45
7456,45
7457,45
7458,45
7459,45
7460,45
7461,45
7462,45
7463,45
7464,45
7465,45
7466,45
7467,45
7468,45
7469,45
7470,45
7471,45
7472,45
7473,45
7474,45
7475,45
7476,45
7477,45
7478,45
7479,45
7480,45
7481,45
7482,45
7483,45
7484,45
7485,45
7486,45
7487,45
7488,45
7489,45
7490,45
7491,45
7492,45
7493,45
7494,45
7495,45
7496,45
7497,45
7498,45
7499,45
7500,45
7501,45
7502,45
7503,45
7504,45
7505,45
7506,45
7507,45
7508,45
7509,45
7510,45
7511,45
7512,45
7513,45
7514,45
7515,45
7516,45
7517,45
7518,45
7519,45
7520,45
7521,45
7522,45
7523,45
7524,45
7525,45
7526,45
7527,45
7528,45
7529,45
7530,45
7531,45
7532,45
7533,45
7534,45
7535,45
7536,45
7537,45
7538,45
7539,45
7540,45
7541,45
7542,45
7543,45
7544,45
7545,45
7546,45
7547,45
7548,45
7549,45
7550,45
7551,45
7552,45
7553,45
7554,45
7555,45
7556,45
7557,45
7558,45
7559,45
7560,45
7561,45
7562,45
7563,45
7564,45
7565,45
7566,45
7567,45
7568,45
7569,45
7570,45
7571,45
7572,45
7573,45
7574,45
7575,45
7576,45
7577,45
7578,45
7579,45
7580,45
7581,45
7582,45
7583,45
7584,45
7585,45
7586,45
7587,45
7588,45
7589,45
7590,45
7591,45
7592,45
7593,45
7594,45
7595,45
7596,45
7597,45
7598,45
7599,45
7600,45
7601,45
7602,45
7603,45
7604,45
7605,45
7606,45
7607,45
7608,45
7609,45
7610,45
7611,45
7612,45
7613,45
7614,45
7615,45
7616,45
7617,45
7618,45
7619,45
7620,45
7621,45
7622,45
7623,45
7624,45
7625,45
7626,45
7627,45
7628,45
7629,45
7630,45
7631,45
7632,45
7633,45
7634,45
7635,45
7636,45
7637,45
7638,45
7639,45
7640,45
7641,45
7642,45
7643,45
7644,45
7645,45
7646,45
7647,45
7648,45
7649,45
7650,45
7651,45
7652,45
7653,45
7654,45
7655,45
7656,45
7657,45
7658,45
7659,45
7660,45
7661,45
7662,45
7663,45
7664,45
7665,45
7666,45
7667,45
7668,45
7669,45
7670,45
7671,45
7672,45
7673,45
7674,45
7675,45
7676,45
7677,45
7678,45
7679,45
7680,45
7681,45
7682,45
7683,45
7684,45
7685,45
7686,45
7687,45
7688,45
7689,45
7690,45
7691,45
7692,45
7693,45
7694,45
7695,45
7696,45
7697,45
7698,45
7699,45
7700,45
7701,45
7702,45
7703,45
7704,45
7705,45
7706,45
7707,45
7708,45
7709,45
7710,45
7711,45
7712,45
7713,45
7714,45
7715,45
7716,45
7717,45
7718,45
7719,45
7720,45
7721,45
7722,45
7723,45
7724,45
7725,45
7726,45
7727,45
7728,45
7729,45
7730,45
7731,45
7732,45
7733,45
7734,45
7735,45
7736,45
7737,45
7738,45
7739,45
7740,45
7741,45
7742,45
7743,45
7744,45
7745,45
7746,45
7747,45
7748,45
7749,45
7750,45
7751,45
7752,45
7753,45
7754,45
7755,45
7756,45
7757,45
7758,45
7759,45
7760,45
7761,45
7762,45
7763,45
7764,45
7765,45
7766,45
7767,45
7768,45
7769,45
7770,45
7771,45
7772,45
7773,45
7774,45
7775,45
7776,45
7777,45
7778,45
7779,45
7780,45
7781,45
7782,45
7783,45
7784,45
7785,45
7786,45
7787,45
7788,45
7789,45
7790,45
7791,45
7792,45
7793,45
7794,45
7795,45
7796,45
7797,45
7798,45
7799,45
7800,45
7801,45
7802,45
7803,45
7804,45
7805,45
7806,45
7807,45
7808,45
7809,45
7810,45
7811,45
7812,45
7813,45
7814,45
7815,45
7816,45
7817,45
7818,45
7819,45
7820,45
7821,45
7822,45
7823,45
7824,45
7825,45
7826,45
7827,45
7828,45
7829,45
7830,45
7831,45
7832,45
7833,45
7834,45
7835,45
7836,45
7837,45
7838,45
7839,45
7840,45
7841,45
7842,45
7843,45
7844,45
7845,45
7846,45
7847,45
7848,45
7849,45
7850,45
7851,45
7852,45
7853,45
7854,45
7855,45
7856,45
7857,45
7858,45
7859,45
7860,45
7861,45
7862,45
7863,45
7864,45
7865,45
7866,45
7867,45
7868,45
7869,45
7870,45
7871,45
7872,45
7873,45
7874,45
7875,45
7876,45
7877,45
7878,45
7879,45
7880,45
7881,45
7882,45
7883,45
7884,45
7885,45
7886,45
7887,45
7888,45
7889,45
7890,45
7891,45
7892,45
7893,45
7894,45
7895,45
7896,45
7897,45
7898,45
7899,45
7900,45
7901,45
7902,45
7903,45
7904,45
7905,45
7906,45
7907,45
7908,45
7909,45
7910,45
7911,45
7912,45
7913,45
7914,45
7915,45
7916,45
7917,45
7918,45
7919,45
7920,45
7921,45
7922,45
7923,45
7924,45
7925,45
7926,45
7927,45
7928,45
7929,45
7930,45
7931,45
7932,45
7933,45
7934,45
7935,45
7936,45
7937,45
7938,45
7939,45
7940,45
7941,45
7942,45
7943,45
7944,45
7945,45
7946,45
7947,45
7948,45
7949,45
7950,45
7951,45
7952,45
7953,45
7954,45
7955,45
7956,45
7957,45
7958,45
7959,45
7960,45
7961,45
7962,45
7963,45
7964,45
7965,45
7966,45
7967,45
7968,45
7969,45
7970,45
7971,45
7972,45
7973,45
7974,45
7975,45
7976,45
7977,45
7978,45
7979,45
7980,45
7981,45
7982,45
7983,45
7984,45
7985,45
7986,45
7987,45
7988,45
7989,45
7990,45
7991,45
7992,45
7993,45
7994,45
7995,45
7996,45
7997,45
7998,45
7999,45
8000,45
8001,45
8002,45
8003,45
8004,45
8005,45
8006,45
8007,45
8008,45
8009,45
8010,45
8011,45
8012,45
8013,45
8014,45
8015,45
8016,45
8017,45
8018,45
8019,45
8020,45
8021,45
8022,45
8023,45
8024,45
8025,45
8026,45
8027,45
8028,45
8029,45
8030,45
8031,45
8032,45
8033,45
8034,45
8035,45
8036,45
8037,45
8038,45
8039,45
8040,45
8041,45
8042,45
8043,45
8044,45
8045,45
8046,45
8047,45
8048,45
8049,45
8050,45
8051,45
8052,45
8053,45
8054,45
8055,45
8056,45
8057,45
8058,45
8059,45
8060,45
8061,45
8062,45
8063,45
8064,45
8065,45
8066,45
8067,45
8068,45
8069,45
8070,45
8071,45
8072,45
8073,45
8074,45
8075,45
8076,45
8077,45
8078,45
8079,45
8080,45
8081,45
8082,45
8083,45
8084,45
8085,45
8086,45
8087,45
8088,45
8089,45
8090,45
8091,45
8092,45
8093,45
8094,45
8095,45
8096,45
8097,45
8098,45
8099,45
8100,45
8101,45
8102,45
8103,45
8104,45
8105,45
8106,45
8107,45
8108,45
8109,45
8110,45
8111,45
8112,45
8113,45
8114,45
8115,45
8116,45
8117,45
8118,45
8119,45
8120,45
8121,45
8122,45
8123,45
8124,45
8125,45
8126,45
8127,45
8128,45
8129,45
8130,45
8131,45
8132,45
8133,45
8134,45
8135,45
8136,45
8137,45
8138,45
8139,45
8140,45
8141,45
8142,45
8143,45
8144,45
8145,45
8146,45
8147,45
8148,45
8149,45
8150,45
8151,45
8152,45
8153,45
8154,45
8155,45
8156,45
8157,45
8158,45
8159,45
8160,45
8161,45
8162,45
8163,45
8164,45
8165,45
8166,45
8167,45
8168,45
8169,45
8170,45
8171,45
8172,45
8173,45
8174,45
8175,45
8176,45
8177,45
8178,45
8179,45
8180,45
8181,45
8182,45
8183,45
8184,45
8185,45
8186,45
8187,45
8188,45
8189,45
8190,45
8191,45
8192,45
8193,45
8194,45
8195,45
8196,45
8197,45
8198,45
8199,45
8200,45
8201,45
8202,45
8203,45
8204,45
8205,45
8206,45
8207,45
8208,45
8209,45
8210,45
8211,45
8212,45
8213,45
8214,45
8215,45
8216,45
8217,45
8218,45
8219,45
8220,45
8221,45
8222,45
8223,45
8224,45
8225,45
8226,45
8227,45
8228,45
8229,45
8230,45
8231,45
8232,45
8233,45
8234,45
8235,45
8236,45
8237,45
8238,45
8239,45
8240,45
8241,45
8242,45
8243,45
8244,45
8245,45
8246,45
8247,45
8248,45
8249,45
8250,45
8251,45
8252,45
8253,45
8254,45
8255,45
8256,45
8257,45
8258,45
8259,45
8260,45
8261,45
8262,45
8263,45
8264,45
8265,45
8266,45
8267,45
8268,45
8269,45
8270,45
8271,45
8272,45
8273,45
8274,45
8275,45
8276,45
8277,45
8278,45
8279,45
8280,45
8281,45
8282,45
8283,45
8284,45
8285,45
8286,45
8287,45
8288,45
8289,45
8290,45
8291,45
8292,45
8293,45
8294,45
8295,45
8296,45
8297,45
8298,45
8299,45
8300,45
8301,45
8302,45
8303,45
8304,45
8305,45
8306,45
8307,45
8308,45
8309,45
8310,45
8311,45
8312,45
8313,45
8314,45
8315,45
8316,45
8317,45
8318,45
8319,45
8320,45
8321,45
8322,45
8323,45
8324,45
8325,45
8326,45
8327,45
8328,45
8329,45
8330,45
8331,45
8332,45
8333,45
8334,45
8335,45
8336,45
8337,45
8338,45
8339,45
8340,45
8341,45
8342,45
8343,45
8344,45
8345,45
8346,45
8347,45
8348,45
8349,45
8350,45
8351,45
8352,45
8353,45
8354,45
8355,45
8356,45
8357,45
8358,45
8359,45
8360,45
8361,45
8362,45
8363,45
8364,45
8365,45
8366,45
8367,45
8368,45
8369,45
8370,45
8371,45
8372,45
8373,45
8374,45
8375,45
8376,45
8377,45
8378,45
8379,45
8380,45
8381,45
8382,45
8383,45
8384,45
8385,45
8386,45
8387,45
8388,45
8389,45
8390,45
8391,45
8392,45
8393,45
8394,45
8395,45
8396,45
8397,45
8398,45
8399,45
8400,45
8401,45
8402,45
8403,45
8404,45
8405,45
8406,45
8407,45
8408,45
8409,45
8410,45
8411,45
8412,45
8413,45
8414,45
8415,45
8416,45
8417,45
8418,45
8419,45
8420,45
8421,45
8422,45
8423,45
8424,45
8425,45
8426,45
8427,45
8428,45
8429,45
8430,45
8431,45
8432,45
8433,45
8434,45
8435,45
8436,45
8437,45
8438,45
8439,45
8440,45
8441,45
8442,45
8443,45
8444,45
8445,45
8446,45
8447,45
8448,45
8449,45
8450,45
8451,45
8452,45
8453,45
8454,45
8455,45
8456,45
8457,45
8458,45
8459,45
8460,45
8461,45
8462,45
8463,45
8464,45
8465,45
8466,45
8467,45
8468,45
8469,45
8470,45
8471,45
8472,45
8473,45
8474,45
8475,45
8476,45
8477,45
8478,45
8479,45
8480,45
8481,45
8482,45
8483,45
8484,45
8485,45
8486,45
8487,45
8488,45
8489,45
8490,45
8491,45
8492,45
8493,45
8494,45
8495,45
8496,45
8497,45
8498,45
8499,45
8500,45
8501,45
8502,45
8503,45
8504,45
8505,45
8506,45
8507,45
8508,45
8509,45
8510,45
8511,45
8512,45
8513,45
8514,45
8515,45
8516,45
8517,45
8518,45
8519,45
8520,45
8521,45
8522,45
8523,45
8524,45
8525,45
8526,45
8527,45
8528,45
8529,45
8530,45
8531,45
8532,45
8533,45
8534,45
8535,45
8536,45
8537,45
8538,45
8539,45
8540,45
8541,45
8542,45
8543,45
8544,45
8545,45
8546,45
8547,45
8548,45
8549,45
8550,45
8551,45
8552,45
8553,45
8554,45
8555,45
8556,45
8557,45
8558,45
8559,45
8560,45
8561,45
8562,45
8563,45
8564,45
8565,45
8566,45
8567,45
8568,45
8569,45
8570,45
8571,45
8572,45
8573,45
8574,45
8575,45
8576,45
8577,45
8578,45
8579,45
8580,45
8581,45
8582,45
8583,45
8584,45
8585,45
8586,45
8587,45
8588,45
8589,45
8590,45
8591,45
8592,45
8593,45
8594,45
8595,45
8596,45
8597,45
8598,45
8599,45
8600,45
8601,45
8602,45
8603,45
8604,45
8605,45
8606,45
8607,45
8608,45
8609,45
8610,45
8611,45
8612,45
8613,45
8614,45
8615,45
8616,45
8617,45
8618,45
8619,45
8620,45
8621,45
8622,45
8623,45
8624,45
8625,45
8626,45
8627,45
8628,45
8629,45
8630,45
8631,45
8632,45
8633,45
8634,45
8635,45
8636,45
8637,45
8638,45
8639,45
8640,45
8641,45
8642,45
8643,45
8644,45
8645,45
8646,45
8647,45
8648,45
8649,45
8650,45
8651,45
8652,45
8653,45
8654,45
8655,45
8656,45
8657,45
8658,45
8659,45
8660,45
8661,45
8662,45
8663,45
8664,45
8665,45
8666,45
8667,45
8668,45
8669,45
8670,45
8671,45
8672,45
8673,45
8674,45
8675,45
8676,45
8677,45
8678,45
8679,45
8680,45
8681,45
8682,45
8683,45
8684,45
8685,45
8686,45
8687,45
8688,45
8689,45
8690,45
8691,45
8692,45
8693,45
8694,45
8695,45
8696,45
8697,45
8698,45
8699,45
8700,45
8701,45
8702,45
8703,45
8704,45
8705,45
8706,45
8707,45
8708,45
8709,45
8710,45
8711,45
8712,45
8713,45
8714,45
8715,45
8716,45
8717,45
8718,45
8719,45
8720,45
8721,45
8722,45
8723,45
8724,45
8725,45
8726,45
8727,45
8728,45
8729,45
8730,45
8731,45
8732,45
8733,45
8734,45
8735,45
8736,45
8737,45
8738,45
8739,45
8740,45
8741,45
8742,45
8743,45
8744,45
8745,45
8746,45
8747,45
8748,45
8749,45
8750,45
8751,45
8752,45
8753,45
8754,45
8755,45
8756,45
8757,45
8758,45
8759,45
8760,45
8761,45
8762,45
8763,45
8764,45
8765,45
8766,45
8767,45
8768,45
8769,45
8770,45
8771,45
8772,45
8773,45
8774,45
8775,45
8776,45
8777,45
8778,45
8779,45
8780,45
8781,45
8782,45
8783,45
8784,45
8785,45
8786,45
8787,45
8788,45
8789,45
8790,45
8791,45
8792,45
8793,45
8794,45
8795,45
8796,45
8797,45
8798,45
8799,45
8800,45
8801,45