date,bike sale,hypertension,bike locks,polyphagia,bike laws,food delivery near me,gym near me,dietary,how to lose weight,weighing,t25 schedule,symptoms of diabetes,endocrine,ejercicios,aerobic exercise,slim,calories,best workout,nutrition,insulin syringes,exercise,visceral,obesity,fitness gym,diabetes insulin,diabetic diet,exercises,type 2 diabetes,obese,glucose,insanity workout,cholesterol,diet,weight loss,gym,yoga,fitbit,NIH,symptoms of high blood sugar,abdominal,malnutrition,ipod reset,fitness,jogging,bodybuilding,sugar level,diabetes mellitus,type 2,iPod,ketoacidosis,dresses plus size,my fitness pal,e-bike,wellness,icd 10 codes,unhealthy,bike helmet,trainer,meals,workout,diabetic ketoacidosis,glycogen,healthy,inactivity,symptoms of congestive heart failure,sclerosis,quinoa gluten free,pre workout,diabetic,pizza delivery,insulin,diabetes,signs of diabetes,hyperglycemia,diabetes symptoms,gastric,apnea,diabetes insipidus,bike repair,prediabetes,how to exercise
2004-01-01,34,86,5,30,31,0,0,73,15,74,0,37,75,11,99,44,35,10,58,51,99,18,61,94,51,89,82,23,68,42,0,83,100,62,47,55,0,87,17,64,69,10,66,65,58,40,68,35,17,31,20,0,25,24,0,29,14,65,35,34,27,41,37,51,30,89,0,1,83,13,64,89,21,45,56,88,64,54,21,7,38
2004-02-01,35,94,5,29,39,0,0,74,14,65,0,42,80,10,100,40,33,12,58,44,90,18,75,69,75,71,79,30,83,48,0,89,74,58,40,47,0,83,33,61,73,10,54,67,52,35,57,39,14,36,26,0,32,24,0,43,19,56,32,27,53,55,35,50,74,92,0,2,86,13,74,94,22,69,54,88,61,64,22,4,36
2004-03-01,46,100,0,61,27,0,1,68,14,70,0,47,95,10,67,44,35,9,57,42,89,21,92,70,70,70,77,32,93,40,0,96,68,62,40,45,0,89,21,68,87,13,52,88,58,37,73,42,15,36,30,0,41,21,0,37,26,58,30,28,34,38,34,52,38,100,0,2,78,11,67,95,29,60,55,93,63,42,48,15,38
2004-04-01,46,96,7,37,58,0,0,68,15,80,0,44,85,13,94,46,34,9,55,57,82,16,100,60,88,81,74,32,98,48,0,87,68,57,33,40,0,82,48,64,100,9,50,79,58,32,76,44,13,42,25,0,39,22,0,48,29,52,31,25,46,47,33,100,86,99,13,1,85,9,74,100,23,67,56,97,56,64,30,13,35
2004-05-01,58,80,14,29,84,0,0,65,18,57,0,44,97,15,78,47,34,10,51,35,80,16,74,64,63,73,72,27,75,45,0,89,74,59,36,43,0,81,0,69,74,11,49,89,59,42,66,39,15,39,22,0,0,22,0,42,50,54,34,28,37,29,32,73,52,82,0,2,75,12,66,85,27,58,57,87,55,54,54,14,35
2004-06-01,72,86,16,53,94,0,0,61,17,58,0,43,53,11,51,47,35,12,49,23,83,19,55,64,69,73,78,25,65,42,0,86,64,60,38,46,0,91,30,74,55,14,55,92,58,43,48,38,17,40,19,0,66,23,0,32,43,55,26,30,32,27,30,67,62,82,0,1,83,11,70,89,21,59,53,79,63,45,59,8,32
2004-07-01,67,80,12,24,85,0,0,54,18,50,0,44,44,11,52,50,36,13,49,57,79,16,54,72,51,96,78,26,68,42,0,99,62,62,38,47,0,89,39,70,49,11,52,95,53,37,54,41,24,19,21,0,68,23,0,34,44,62,27,29,25,43,31,72,74,84,0,1,86,13,67,84,25,58,55,93,65,40,63,10,34
2004-08-01,55,85,28,16,91,0,0,51,16,47,0,45,36,9,32,42,33,11,45,24,79,24,47,70,55,53,72,27,92,40,0,94,55,55,40,46,0,84,21,66,31,21,51,100,53,31,37,37,24,42,20,0,27,24,0,34,45,55,30,26,37,29,30,57,100,72,0,1,83,14,64,86,25,76,56,90,61,42,50,6,30
2004-09-01,49,88,100,15,58,0,0,62,12,53,0,44,47,10,76,40,32,10,50,35,79,27,67,65,53,77,68,30,65,50,0,100,54,51,38,45,0,94,39,68,57,16,50,84,45,44,59,39,23,30,23,0,0,24,0,42,32,50,29,25,31,48,33,85,71,84,0,1,89,12,64,91,32,72,51,87,65,57,38,12,37
2004-10-01,38,90,40,42,49,0,0,68,14,54,0,49,61,10,76,46,30,6,52,32,78,19,84,60,69,92,67,40,78,53,0,98,51,49,35,41,0,87,27,73,69,20,48,74,51,38,70,43,25,23,17,0,40,24,0,53,24,50,32,24,29,40,34,46,60,86,11,1,87,15,73,94,37,68,60,100,62,61,34,14,26
2004-11-01,33,91,9,16,91,0,1,62,15,54,0,47,66,8,54,52,28,10,49,23,80,19,99,68,77,86,66,29,91,46,0,90,50,52,37,41,0,89,28,71,68,21,51,75,45,37,66,43,33,62,18,0,0,22,0,55,33,52,35,25,48,38,34,55,42,89,0,1,92,14,67,97,27,72,53,89,62,67,33,6,29
2004-12-01,32,80,7,24,36,0,0,51,14,86,0,49,66,5,68,52,25,12,41,21,77,17,75,76,68,71,58,34,83,41,0,81,43,49,40,45,0,82,12,67,61,28,54,62,47,26,60,40,52,35,15,0,18,22,0,35,33,57,33,27,36,44,30,58,44,78,10,1,83,16,54,84,36,58,55,78,96,40,23,15,24
2005-01-01,29,84,19,21,51,0,0,100,21,85,0,54,69,8,87,52,42,15,57,18,100,20,62,87,77,90,82,31,78,45,0,93,62,68,51,51,0,84,27,72,55,29,69,76,53,31,51,39,41,39,29,0,32,27,1,37,16,59,36,36,35,32,41,66,48,86,0,1,89,15,60,91,32,61,58,84,78,56,22,11,37
2005-02-01,34,96,9,47,42,0,0,83,18,58,0,54,76,8,85,48,40,12,58,23,91,23,76,73,69,90,80,33,73,49,0,96,51,61,44,46,0,100,12,70,81,35,57,76,48,44,72,42,40,32,28,0,17,25,1,43,19,50,36,32,31,36,39,54,35,79,0,1,89,12,70,94,35,66,56,85,80,64,35,11,34
2005-03-01,41,89,14,19,46,0,0,82,19,52,0,51,70,10,87,50,41,14,58,30,88,26,81,72,64,73,80,35,76,47,0,87,56,62,43,45,0,90,20,72,75,34,56,88,47,37,74,43,37,34,35,0,15,24,0,49,35,50,35,32,34,40,39,69,35,92,0,1,88,15,75,98,36,90,62,89,83,75,30,16,37
2005-04-01,55,97,18,26,58,0,0,89,20,58,0,58,85,7,66,45,40,12,58,17,82,26,98,64,85,79,75,41,91,47,0,86,56,60,37,41,0,82,56,75,91,28,50,98,53,42,80,46,32,43,33,0,33,24,1,49,35,47,33,28,32,39,38,62,47,88,0,1,86,14,70,97,33,71,62,91,74,62,38,17,37
2005-05-01,51,83,14,23,80,0,0,58,22,49,0,54,100,9,63,45,38,11,51,27,78,23,72,66,77,79,71,36,77,42,0,82,57,63,39,41,0,84,25,77,64,42,52,91,52,44,75,43,35,37,24,0,22,23,0,48,40,49,35,29,28,38,36,74,53,82,0,1,80,13,72,93,36,64,67,84,73,58,43,20,35
2005-06-01,48,86,15,24,88,0,0,55,22,58,0,49,53,7,62,44,40,13,50,24,76,23,45,66,50,80,77,33,67,43,0,76,54,65,41,45,0,92,31,73,51,44,56,97,53,36,51,41,39,29,20,0,15,26,0,36,35,50,30,30,29,32,35,53,55,81,0,1,90,14,68,87,31,57,59,90,74,53,49,18,40
2005-07-01,58,73,28,20,77,0,0,55,23,61,0,50,39,8,49,51,40,14,50,21,76,22,41,66,63,79,73,29,61,41,0,77,55,64,40,46,0,89,20,74,53,44,57,87,57,49,46,35,37,39,21,0,23,24,0,34,43,52,32,29,31,26,35,53,36,70,8,1,87,15,67,84,36,68,67,87,66,48,61,6,42
2005-08-01,51,78,18,19,78,0,0,58,20,51,0,51,40,7,40,44,39,11,48,36,73,19,39,71,61,68,73,21,64,41,0,83,52,59,43,47,0,86,29,70,44,44,54,88,53,45,46,34,36,38,25,0,24,25,0,28,43,52,37,28,35,19,36,53,34,73,0,1,87,15,63,82,43,63,54,84,62,49,57,21,28
2005-09-01,41,73,24,24,84,0,0,58,17,68,0,48,48,10,50,38,35,9,49,9,69,24,56,58,65,81,67,31,62,52,0,78,46,52,38,43,0,87,31,67,66,51,50,81,48,42,56,38,62,30,26,0,48,26,1,43,33,44,37,23,40,49,35,51,48,70,7,1,86,16,71,86,36,73,56,76,61,44,47,16,27
2005-10-01,34,84,18,32,37,0,0,66,17,60,0,50,49,9,68,43,34,11,51,53,70,23,72,57,67,73,63,34,85,56,0,77,46,51,38,42,0,85,29,63,76,53,50,71,48,37,61,42,58,39,19,0,36,27,0,43,28,49,37,24,30,46,36,66,44,68,7,1,80,17,71,91,38,81,59,77,66,63,35,19,30
2005-11-01,28,85,6,33,44,0,0,60,16,60,0,52,63,8,73,44,34,9,49,26,76,24,80,64,85,67,62,39,94,49,0,78,44,51,40,42,0,81,21,68,70,55,52,69,43,36,65,45,72,37,21,0,25,24,1,49,27,50,39,25,33,45,37,61,76,71,7,1,89,16,68,91,34,70,64,76,71,61,25,12,31
2005-12-01,26,71,3,19,34,0,0,48,16,48,0,44,51,7,47,47,28,11,39,38,69,26,57,72,56,73,56,27,71,40,0,67,39,48,43,45,0,73,12,60,55,75,54,59,44,30,62,36,100,23,18,0,12,24,0,37,30,51,34,25,29,34,31,69,43,67,6,0,83,17,64,78,35,56,56,71,62,43,26,12,26
2006-01-01,28,76,12,28,24,0,0,63,24,51,0,50,68,7,78,45,53,17,58,29,92,26,54,94,65,90,79,35,80,48,0,81,65,73,55,56,0,79,25,69,44,74,73,68,46,38,53,37,64,40,26,0,11,28,0,37,18,52,42,37,31,30,46,58,38,69,6,2,87,16,71,88,35,55,61,77,66,67,27,16,38
2006-02-01,28,86,13,12,21,0,1,62,21,60,0,55,66,9,75,43,46,17,56,33,81,24,66,66,66,83,73,38,79,51,0,81,53,62,45,46,0,87,15,70,70,63,56,74,46,49,64,41,51,39,29,0,22,28,0,42,18,48,38,31,36,46,40,58,35,74,12,1,88,17,74,89,51,68,58,76,64,82,20,11,33
2006-03-01,38,90,6,33,53,0,0,60,23,57,0,59,74,9,74,43,48,15,56,39,81,25,70,62,87,94,73,40,84,49,0,82,53,62,45,45,0,89,23,72,68,62,55,74,48,44,74,43,46,48,38,0,19,27,0,41,30,45,38,30,33,37,40,54,78,76,16,1,90,18,72,94,38,73,60,71,81,57,30,12,34
2006-04-01,48,86,16,19,60,0,0,62,20,54,0,56,77,8,70,41,45,14,55,35,76,29,81,59,69,81,71,39,91,51,0,77,52,60,40,43,0,75,35,68,61,63,51,93,48,39,83,44,43,35,36,0,31,26,0,48,44,43,37,28,30,32,39,69,54,78,0,1,85,17,71,90,41,73,62,76,69,76,45,13,33
2006-05-01,53,80,21,28,65,0,0,53,22,55,0,45,82,8,60,39,43,14,51,24,72,25,63,72,64,80,67,32,82,47,0,70,52,61,41,43,0,76,26,66,66,56,53,86,49,46,51,39,42,30,33,0,22,27,0,48,40,44,37,28,39,32,39,54,18,66,0,2,81,17,73,86,43,65,61,80,67,68,49,16,34
2006-06-01,48,69,15,24,74,0,0,48,25,63,0,53,49,8,52,41,47,15,51,35,69,23,38,68,55,83,70,25,64,44,0,70,57,62,44,45,0,78,28,70,49,63,55,91,47,39,45,37,44,27,22,0,31,26,0,31,42,43,36,30,26,31,37,58,62,61,0,2,87,17,69,79,40,65,60,78,60,53,43,14,35
2006-07-01,47,64,22,26,56,0,0,46,23,38,0,44,40,8,46,45,47,14,48,32,69,20,37,62,56,99,67,28,59,41,0,68,54,64,47,47,0,75,27,67,33,68,56,78,51,45,37,36,44,27,27,0,17,25,0,31,44,48,36,30,24,26,34,42,36,61,5,1,86,17,65,78,30,62,56,75,57,45,57,18,30
2006-08-01,45,67,24,29,71,0,0,43,20,44,0,49,41,8,39,44,43,13,47,39,66,24,37,68,46,97,64,28,60,40,0,71,51,57,50,48,0,73,31,67,36,66,55,77,46,48,40,32,42,22,26,0,24,27,0,26,45,47,37,31,26,27,35,55,40,61,5,2,83,17,65,79,35,57,56,70,65,68,62,21,31
2006-09-01,34,73,16,26,58,0,0,52,19,58,0,51,50,9,48,42,40,11,50,35,70,24,52,63,61,92,65,29,58,51,0,76,47,53,48,46,0,77,34,69,54,76,53,87,42,46,53,40,48,34,28,0,24,28,0,38,37,46,40,25,25,50,38,51,44,64,5,1,83,18,65,82,40,68,55,67,61,47,38,17,30
2006-10-01,27,85,10,26,47,0,0,58,18,54,0,48,54,8,67,41,39,12,51,36,68,28,64,66,64,94,65,40,63,56,0,77,45,53,44,42,0,78,45,69,57,62,52,69,41,40,51,44,45,34,24,0,19,27,0,40,34,45,40,24,33,47,39,45,24,66,5,1,86,19,66,87,44,71,58,67,65,53,28,15,29
2006-11-01,29,77,8,37,19,0,0,53,17,50,0,48,57,7,60,40,37,13,48,38,70,24,69,63,63,91,61,39,74,51,0,74,45,51,45,42,0,73,25,64,55,74,53,60,41,45,55,40,57,42,25,0,16,25,1,47,26,46,38,26,37,39,38,53,57,65,4,2,90,20,69,84,38,76,61,68,61,63,22,15,34
2006-12-01,26,68,8,44,22,0,0,42,20,45,0,44,48,6,47,42,31,14,39,23,65,25,52,67,58,67,55,31,65,42,0,64,40,48,48,43,0,61,20,61,47,89,55,67,39,42,42,37,85,33,18,0,22,24,0,31,32,50,35,27,27,28,33,44,47,53,4,2,83,22,55,74,31,56,53,61,54,50,25,11,32
2007-01-01,25,73,6,25,33,0,0,58,25,51,0,49,58,8,63,43,56,20,58,40,87,24,48,91,56,86,76,33,74,46,0,80,63,71,65,54,0,78,18,71,55,89,72,65,43,47,45,39,54,36,31,0,25,31,1,37,21,53,43,37,34,35,49,44,51,59,4,2,85,21,67,81,39,64,58,70,65,53,24,20,42
2007-02-01,29,80,9,41,28,0,1,54,22,55,0,48,62,8,62,40,50,14,55,39,79,27,60,67,56,83,72,36,76,51,0,84,54,65,62,46,0,79,11,68,58,78,58,63,42,35,62,41,42,38,34,0,16,29,1,42,17,50,39,32,36,39,43,44,50,59,13,2,82,25,69,82,39,68,57,66,65,62,16,17,36
2007-03-01,42,76,8,24,51,0,0,55,24,47,0,50,63,8,51,43,51,17,59,30,75,27,63,61,59,94,73,39,82,49,0,77,58,65,58,43,0,73,31,66,55,81,56,79,47,40,51,41,36,42,45,0,14,30,0,39,43,49,39,37,38,36,42,46,39,64,15,2,83,21,65,84,41,71,56,67,60,78,33,16,36
2007-04-01,50,82,14,41,51,0,0,55,26,50,0,50,70,8,70,45,49,19,58,23,73,29,73,68,60,98,71,41,81,48,0,75,59,67,54,43,0,69,36,68,64,77,56,78,43,47,75,42,35,42,44,0,16,31,0,43,41,51,39,42,34,40,43,45,54,67,8,2,89,18,68,88,51,71,62,70,62,71,45,14,33
2007-05-01,50,75,24,37,85,0,1,47,27,50,0,49,79,9,53,42,50,17,55,29,69,26,60,65,64,80,69,37,73,44,0,71,54,67,52,43,0,69,30,65,61,72,54,87,46,46,56,42,36,34,37,0,30,29,0,45,53,50,37,38,29,32,41,65,39,60,7,2,81,19,65,81,37,67,58,68,58,65,51,22,38
2007-06-01,55,66,20,29,87,0,0,45,27,46,0,46,47,9,50,46,52,21,55,31,71,25,43,72,52,81,73,33,72,45,0,68,59,72,53,46,0,71,33,69,38,78,59,83,48,44,44,36,38,33,29,0,25,29,0,33,49,53,36,36,30,32,40,52,53,60,4,3,85,20,66,76,32,65,55,71,58,56,57,20,38
2007-07-01,57,67,20,29,60,0,0,43,30,46,0,46,40,10,53,55,52,19,54,24,68,26,43,67,63,80,72,33,71,42,0,71,56,72,50,48,0,68,26,70,36,82,58,81,52,52,50,39,38,32,31,0,17,28,0,32,49,54,37,35,32,26,41,44,53,58,7,2,85,24,66,78,42,70,56,72,61,55,57,13,39
2007-08-01,56,68,23,36,71,0,0,40,25,45,0,45,41,12,41,50,46,19,51,40,67,26,39,71,54,86,68,29,61,43,0,74,49,64,51,48,0,65,34,66,36,81,57,80,44,51,46,38,35,27,28,0,16,29,0,33,45,52,39,36,26,30,41,42,40,58,7,2,85,21,62,77,36,58,53,75,61,55,58,20,37
2007-09-01,51,73,18,47,64,0,0,49,23,55,0,42,53,13,51,55,45,16,54,23,70,37,54,66,62,83,68,34,68,55,0,80,51,60,50,49,0,68,29,69,56,79,56,73,41,46,51,40,59,38,32,0,23,30,0,35,43,51,40,33,38,52,43,56,48,59,3,3,86,21,65,81,34,72,55,67,58,60,38,16,34
2007-10-01,35,80,12,38,42,0,0,57,21,58,0,54,59,16,59,52,44,17,55,29,70,30,65,64,64,78,65,38,73,59,0,85,48,55,45,45,0,69,20,67,69,75,52,61,41,45,59,45,44,39,27,0,26,31,0,45,30,47,40,31,48,55,44,53,29,63,9,2,84,23,70,86,49,73,60,67,62,72,32,14,35
2007-11-01,35,78,8,47,37,0,0,52,22,58,0,48,57,18,56,55,41,16,51,50,69,33,74,66,70,71,63,42,81,52,0,80,44,51,46,46,0,65,19,64,76,78,54,63,42,45,70,47,55,46,26,0,37,28,1,51,29,51,41,30,47,50,43,47,34,59,5,2,90,24,65,83,43,79,56,65,59,65,24,19,37
2007-12-01,29,65,10,27,25,0,0,42,23,47,0,40,51,13,48,57,35,20,39,31,65,28,48,73,54,65,55,29,65,41,0,70,39,49,49,46,0,53,16,57,54,93,58,63,40,35,44,36,75,31,21,0,13,26,0,36,31,54,35,33,30,38,37,41,53,51,3,2,80,27,56,67,38,54,47,52,50,64,26,14,34
2008-01-01,31,71,8,39,39,0,0,51,33,50,0,43,60,17,59,59,65,30,62,30,84,33,43,100,56,82,74,36,71,45,0,81,61,73,62,57,0,68,28,67,51,91,76,62,43,48,44,40,51,39,35,1,13,34,0,42,22,57,45,46,25,38,54,57,51,55,4,4,83,25,62,75,43,63,51,64,61,65,21,14,49
2008-02-01,34,80,9,54,36,0,0,55,29,57,0,42,69,19,56,50,55,24,61,30,77,34,58,72,64,77,69,39,88,52,0,76,51,59,52,50,0,70,27,70,64,80,61,64,42,53,66,46,42,41,36,0,14,31,0,48,25,52,42,39,38,44,48,63,40,56,16,3,83,24,66,80,38,70,53,65,65,74,21,19,45
2008-03-01,47,79,8,42,50,0,0,52,30,48,0,47,68,20,51,53,56,27,60,44,72,29,55,69,73,78,71,41,71,49,0,71,51,60,50,48,0,64,24,71,55,85,59,76,45,50,60,44,39,39,45,1,15,32,0,48,38,52,42,38,33,44,47,50,37,64,8,4,83,24,67,80,41,65,55,62,65,65,39,10,45
2008-04-01,55,84,17,50,78,0,0,55,32,53,0,48,78,28,64,51,60,24,63,23,76,35,68,64,71,83,68,45,84,52,0,71,54,63,46,48,0,67,34,71,70,74,57,90,45,48,59,50,36,45,43,0,38,31,0,59,48,51,43,39,44,40,49,51,57,62,9,4,88,21,71,88,50,71,56,79,63,81,41,15,47
2008-05-01,63,68,16,48,97,0,0,46,30,46,0,52,77,31,44,53,53,25,54,43,67,32,47,62,56,66,63,39,72,45,0,63,49,57,46,46,0,60,36,67,49,76,59,82,45,49,54,46,38,40,35,1,57,31,0,50,61,50,38,39,29,34,44,53,39,56,4,3,75,23,62,78,43,65,57,69,54,59,53,17,44
2008-06-01,66,65,25,45,100,0,0,43,32,57,0,47,43,32,52,55,56,29,52,25,69,31,36,62,55,72,68,37,62,45,0,64,49,60,48,48,0,67,22,71,38,78,61,83,49,54,41,43,40,39,32,0,81,31,0,39,68,53,39,41,39,27,43,50,63,54,10,4,82,24,59,73,35,65,46,68,60,63,66,21,43
2008-07-01,64,65,30,38,87,0,0,43,35,50,0,49,38,33,49,56,59,26,54,26,67,29,35,63,47,68,65,36,65,43,0,67,49,57,48,49,0,62,36,69,39,85,58,82,49,52,50,42,42,42,28,0,47,31,0,40,60,55,40,37,35,30,44,48,56,49,7,3,81,22,60,75,44,71,46,67,57,56,68,20,45
2008-08-01,68,62,28,32,72,0,0,40,30,46,0,46,34,33,42,51,52,24,50,22,65,25,29,65,45,68,60,33,64,39,0,64,49,53,51,47,0,54,29,69,36,79,56,79,47,49,49,40,40,27,29,1,49,30,1,37,51,56,40,35,25,23,43,56,35,49,14,4,77,28,56,73,45,53,51,63,59,58,57,17,41
2008-09-01,56,69,19,54,68,0,0,44,32,53,0,50,53,41,52,49,49,24,57,37,65,40,46,56,66,70,67,35,60,56,0,71,46,53,54,47,0,62,31,72,59,74,55,66,44,45,72,45,45,41,33,0,28,32,0,42,39,51,40,34,29,63,45,44,46,57,6,3,76,23,60,78,45,73,67,61,59,67,45,18,41
2008-10-01,45,76,12,54,53,0,0,51,35,57,0,54,58,42,59,47,48,22,57,36,64,37,51,51,62,80,68,43,65,60,0,74,47,53,46,42,0,62,28,71,58,66,52,67,44,43,68,48,40,40,30,1,20,30,1,52,32,48,42,33,34,61,46,58,57,52,12,3,77,24,65,81,47,75,64,66,59,73,36,21,40
2008-11-01,42,76,8,52,38,0,0,48,34,57,0,53,58,45,66,49,42,26,53,43,66,38,57,51,64,71,68,49,89,53,0,74,44,51,48,44,0,58,29,70,65,69,55,59,47,46,78,48,49,42,28,1,19,28,1,53,27,56,44,35,43,46,44,58,50,51,13,3,80,26,64,83,45,71,66,64,62,75,24,18,49
2008-12-01,44,62,7,42,34,0,0,44,35,46,0,51,59,30,52,52,39,30,46,26,66,34,48,68,58,73,64,41,71,45,0,62,43,53,50,47,0,56,39,61,55,83,61,52,46,42,65,44,70,41,27,0,19,27,1,46,29,59,39,39,29,36,41,44,24,49,11,4,75,27,57,71,46,70,63,56,55,69,27,12,44
2009-01-01,40,65,9,32,33,0,1,48,50,60,0,54,61,36,70,60,72,43,70,34,84,32,43,83,62,84,87,40,74,45,0,75,63,75,62,59,0,64,42,71,44,84,78,65,52,50,51,48,49,42,41,1,10,35,1,42,23,63,48,52,31,31,60,56,61,57,8,5,76,26,65,75,42,61,67,62,60,66,27,15,56
2009-02-01,53,82,7,67,46,0,0,52,44,57,0,58,76,49,76,53,67,39,72,33,79,34,54,60,68,81,83,46,75,57,0,79,54,64,52,52,0,80,45,69,66,73,62,66,51,48,77,51,44,51,41,1,23,33,1,48,32,56,45,46,42,53,53,50,74,61,9,6,81,24,68,82,47,82,66,62,63,92,28,10,58
2009-03-01,60,77,11,35,67,0,0,52,47,58,0,56,68,56,65,56,68,35,71,38,76,36,57,60,66,79,84,48,77,54,0,78,54,65,50,51,0,81,41,75,70,73,61,92,53,50,73,52,44,40,56,1,21,32,1,53,42,54,44,45,37,43,52,54,64,64,11,6,84,25,72,84,60,79,73,66,63,81,36,14,59
2009-04-01,64,78,14,55,61,0,0,56,52,47,0,55,83,62,74,54,69,35,73,37,75,38,60,55,70,87,83,51,83,54,0,72,53,66,46,49,0,83,42,75,72,68,59,90,52,48,83,52,39,45,52,1,24,32,1,58,52,54,41,47,42,39,52,58,66,61,5,6,81,22,71,85,49,79,71,64,63,79,47,17,61
2009-05-01,78,67,16,44,78,0,1,43,55,49,0,57,78,72,55,59,67,37,68,41,70,37,46,58,52,86,86,41,78,45,0,66,53,66,48,48,0,70,29,70,57,71,58,93,54,46,74,48,39,35,49,1,29,30,1,51,54,56,40,47,30,41,49,50,75,60,6,6,73,23,67,76,49,65,73,60,64,82,50,13,60
2009-06-01,88,66,20,41,82,0,0,43,60,48,0,59,53,74,62,61,70,42,68,43,73,29,35,60,60,99,93,43,58,44,1,73,51,68,48,51,0,73,27,75,47,78,60,86,52,48,64,48,43,33,43,2,47,32,1,39,57,53,41,49,26,31,48,58,62,56,14,8,80,24,65,75,54,70,77,64,65,61,64,13,65
2009-07-01,92,67,19,32,99,0,0,44,63,48,0,58,46,64,52,59,70,39,67,48,71,31,38,57,59,90,90,44,69,44,3,72,51,72,46,50,0,69,50,73,40,73,58,91,55,46,55,47,41,41,42,1,56,31,2,44,62,54,41,48,39,28,49,50,70,54,15,6,78,24,67,75,56,68,79,62,68,70,61,20,65
2009-08-01,88,63,23,39,75,0,0,40,56,44,0,61,45,73,43,92,66,37,65,42,69,38,32,60,63,92,86,42,63,41,7,73,51,69,50,51,0,62,46,69,33,70,59,85,52,48,65,47,39,33,42,1,23,31,1,39,53,56,42,47,26,30,49,50,55,55,19,7,77,25,64,73,56,67,81,61,68,62,65,12,60
2009-09-01,75,72,17,63,75,0,1,45,53,59,0,66,62,83,67,71,61,37,68,54,69,47,44,59,66,92,85,52,68,57,8,77,47,65,46,50,0,69,52,76,57,65,55,78,49,50,82,55,43,39,42,1,21,34,1,47,47,50,44,45,37,59,52,60,75,60,10,7,77,24,71,79,54,82,82,62,67,72,49,8,59
2009-10-01,58,76,12,59,38,0,1,49,53,62,0,61,59,83,72,61,57,34,68,49,68,43,55,54,70,79,87,51,75,62,10,80,46,59,42,46,0,70,48,73,68,61,53,60,48,48,90,54,37,44,36,1,31,33,1,53,27,48,42,42,40,62,51,52,59,57,13,6,76,27,70,80,52,76,80,58,62,84,28,9,61
2009-11-01,60,74,10,85,49,0,1,48,56,54,0,64,59,85,69,64,53,35,64,32,70,44,61,56,69,75,83,55,88,57,9,75,44,57,44,48,0,63,31,71,69,65,54,62,47,48,99,60,46,44,36,1,21,31,2,61,33,51,46,45,38,50,50,55,71,52,12,6,80,27,66,82,59,88,84,58,63,74,26,13,63
2009-12-01,48,64,8,51,30,0,1,36,58,55,0,58,55,58,60,71,45,43,54,44,68,34,44,63,62,77,79,45,77,45,15,64,42,58,49,50,1,55,34,65,49,76,59,58,47,43,71,53,67,39,32,1,21,30,2,53,40,54,36,49,35,43,44,54,64,48,15,6,74,31,60,70,52,63,77,54,59,67,25,10,63
2010-01-01,54,67,7,34,38,0,3,45,81,53,0,61,63,57,74,60,84,59,84,50,84,39,39,79,58,98,100,48,77,50,32,75,64,85,62,64,1,63,47,75,52,75,76,65,52,49,57,53,47,34,49,4,22,35,2,53,22,55,49,68,29,37,64,56,68,49,22,9,77,31,64,74,53,66,83,57,64,70,22,13,79
2010-02-01,54,77,8,66,40,0,2,56,78,64,0,66,71,76,78,55,76,53,83,53,81,42,59,62,71,100,97,56,81,61,37,82,57,75,52,55,0,68,40,78,65,67,62,67,53,53,85,61,41,83,53,4,19,34,2,50,29,100,43,62,100,58,59,63,57,54,13,9,83,31,70,83,62,82,87,61,68,81,24,16,76
2010-03-01,71,82,11,79,55,0,2,56,78,63,0,72,72,84,70,66,78,49,86,47,77,48,64,58,70,98,99,60,90,58,40,80,56,78,51,53,0,67,55,77,67,63,59,90,53,56,89,64,38,52,64,4,29,35,2,61,44,61,42,65,54,49,59,56,80,59,18,9,82,27,73,86,66,86,94,61,69,92,39,8,84
2010-04-01,82,80,14,65,59,0,1,54,78,62,0,70,77,91,72,57,77,46,87,46,76,47,69,50,71,85,95,59,91,57,42,72,55,77,47,52,0,62,41,79,73,60,57,94,52,50,100,63,40,46,61,4,52,35,1,62,57,51,41,59,47,50,57,54,82,58,18,9,80,27,74,83,61,88,92,64,65,91,55,15,81
2010-05-01,84,68,19,52,78,0,1,43,77,52,0,62,75,100,59,57,73,47,80,41,69,43,55,51,70,85,92,48,75,47,41,64,55,87,48,54,0,60,33,74,62,66,58,85,51,53,75,58,41,39,56,4,48,34,1,55,62,51,39,60,40,40,55,50,66,54,19,11,75,29,66,77,55,65,81,60,63,72,54,15,74
2010-06-01,80,63,17,37,72,0,1,42,76,46,0,66,52,98,57,84,73,48,78,39,70,33,37,55,51,85,93,49,61,44,37,65,51,81,49,56,1,67,66,77,48,71,60,80,53,50,67,53,43,45,53,6,36,34,1,48,55,50,40,60,37,38,54,53,73,51,17,12,73,30,63,75,51,73,84,59,63,74,58,17,80
2010-07-01,76,60,18,34,70,0,1,37,73,47,0,62,40,74,52,68,75,45,74,51,62,36,33,49,51,80,81,42,62,39,30,60,49,69,48,55,0,53,66,75,38,74,58,78,53,55,61,50,43,36,46,6,33,31,2,48,48,47,38,55,37,31,48,48,72,44,20,11,72,32,57,71,63,70,75,57,58,66,57,10,74
2010-08-01,75,57,19,46,68,0,1,35,67,49,0,59,40,82,42,64,73,44,70,42,59,38,28,55,49,75,74,42,62,41,25,61,48,65,49,56,0,51,42,75,40,68,56,77,51,51,56,46,41,42,41,9,21,33,1,43,51,48,41,51,29,29,51,56,49,44,20,11,72,32,54,67,63,64,72,56,56,68,59,15,66
2010-09-01,64,67,13,64,58,0,0,41,70,64,0,73,61,91,65,63,67,39,69,35,61,51,44,49,53,73,74,43,66,58,20,66,48,61,47,56,0,60,39,76,54,74,58,68,49,48,68,50,48,45,42,8,27,34,1,51,45,44,41,47,36,70,50,42,70,53,23,10,70,32,63,74,58,79,77,57,60,71,44,12,59
2010-10-01,52,70,12,63,41,0,1,43,71,64,0,72,54,88,66,60,65,37,67,48,60,46,51,45,62,65,72,49,74,61,16,68,46,58,44,52,0,61,42,72,65,72,54,62,47,46,79,55,39,49,39,8,27,32,1,52,34,44,41,44,47,64,52,53,59,51,22,11,68,31,63,77,62,80,78,54,60,83,36,17,64
2010-11-01,48,72,6,63,40,0,1,40,68,62,0,69,57,94,60,66,60,36,63,38,61,46,57,47,60,70,68,48,73,56,13,67,43,54,45,53,0,53,46,73,62,76,57,53,47,47,79,54,46,47,32,8,30,32,1,55,28,43,47,42,42,47,49,45,55,50,17,10,73,32,63,77,59,83,78,56,57,76,28,17,62
2010-12-01,45,56,4,44,31,0,1,32,63,51,1,63,50,61,60,72,50,41,54,34,58,48,40,52,50,67,65,39,66,45,13,56,42,52,48,54,1,45,39,67,49,88,60,52,46,40,57,48,61,35,27,8,18,30,1,48,30,47,36,45,28,40,42,42,37,43,25,10,68,36,53,62,58,63,69,52,60,65,21,12,59
2011-01-01,53,66,6,56,36,0,2,46,100,68,0,76,63,14,62,70,100,72,99,51,84,54,40,84,59,85,92,51,85,53,34,70,74,92,71,77,1,54,47,79,49,98,94,64,61,56,52,54,50,43,50,27,18,41,2,60,27,55,55,79,38,41,76,53,71,48,32,16,80,43,65,73,74,72,89,62,71,70,26,19,93
2011-02-01,62,76,6,72,46,0,1,59,79,63,0,75,74,14,72,61,92,66,92,42,80,58,53,68,62,84,88,54,86,64,36,74,63,78,61,68,1,60,37,80,69,90,77,67,61,53,66,60,42,53,57,28,20,39,1,62,30,49,48,69,51,63,67,56,82,50,29,19,80,42,70,76,72,84,84,62,64,88,31,16,88
2011-03-01,70,76,9,73,51,0,1,51,77,66,0,75,71,14,64,62,93,60,95,48,75,50,54,63,67,87,87,59,93,59,44,75,65,77,60,66,1,54,60,77,63,86,73,89,63,62,63,65,40,46,65,29,19,39,2,69,42,48,48,66,46,47,66,48,86,58,27,19,80,38,73,81,79,87,88,67,70,88,38,18,83
2011-04-01,84,76,13,70,69,0,1,50,80,63,0,78,81,14,63,62,91,57,93,46,76,54,57,57,68,88,85,60,98,60,50,71,70,82,56,66,1,55,69,82,68,86,69,87,64,70,70,63,39,57,67,29,35,37,1,66,58,48,46,66,48,54,64,48,76,54,26,19,79,38,73,79,70,92,86,69,66,93,50,23,84
2011-05-01,90,65,19,69,90,0,1,43,83,55,0,68,78,14,64,65,91,59,90,50,71,46,47,59,61,76,86,50,86,51,46,68,68,85,55,64,1,50,68,75,62,92,73,93,65,68,59,58,38,44,60,29,29,39,1,64,63,48,45,68,37,50,62,44,83,49,28,20,76,38,67,74,70,73,79,65,68,81,56,19,83
2011-06-01,98,62,19,50,98,0,1,41,87,52,0,73,52,14,54,61,90,63,92,45,72,46,35,63,55,81,90,50,78,48,45,65,62,88,57,67,1,56,64,79,50,90,76,91,67,64,48,55,39,40,53,33,21,39,1,57,65,50,46,70,34,38,61,50,89,49,38,21,77,40,62,73,72,74,84,61,64,70,69,22,87
2011-07-01,94,59,17,56,81,1,1,38,82,49,0,68,42,15,45,58,87,59,91,45,69,46,34,59,52,80,86,43,87,44,37,62,62,86,56,65,1,47,42,79,40,94,71,81,67,56,47,49,38,45,47,32,20,36,1,53,60,50,47,67,39,34,58,49,73,46,35,20,74,42,61,67,71,72,82,60,62,71,73,25,81
2011-08-01,81,57,21,48,83,1,2,36,72,55,0,66,44,15,45,57,78,55,87,47,66,48,28,60,44,76,88,39,70,43,32,65,57,80,60,67,1,46,48,75,44,90,72,83,65,55,39,47,35,36,47,31,26,39,1,47,62,47,47,64,29,32,59,44,69,49,35,19,72,42,58,66,73,69,82,56,65,64,62,23,77
2011-09-01,75,66,16,62,58,1,2,47,63,77,0,75,63,15,58,55,74,47,84,56,68,59,41,55,60,77,82,47,77,65,27,69,55,78,58,68,1,51,52,76,58,82,68,79,63,61,52,53,31,49,50,32,38,40,2,55,45,43,47,59,44,81,59,44,60,52,36,20,72,41,67,73,69,79,84,62,62,67,49,24,74
2011-10-01,62,71,10,79,56,1,1,49,58,77,0,79,61,14,66,57,70,46,80,51,68,55,49,52,64,81,76,54,82,69,25,73,54,68,53,63,1,50,54,74,68,83,64,70,59,68,64,59,36,51,44,29,25,39,2,65,39,44,47,56,47,78,61,52,66,52,35,19,77,42,68,76,71,86,80,61,70,80,39,24,72
2011-11-01,56,72,8,76,44,1,1,46,57,73,0,89,60,13,66,63,64,49,71,51,68,56,55,54,72,76,75,55,96,63,27,71,53,63,57,67,2,48,42,75,65,87,71,63,60,67,78,60,42,53,37,28,14,37,2,63,37,48,52,59,45,55,59,54,59,49,51,20,78,41,69,77,84,87,79,59,68,83,29,29,70
2011-12-01,56,57,8,67,27,1,2,33,56,60,0,84,50,10,53,100,54,54,60,43,63,43,39,59,48,68,66,45,77,49,34,60,50,74,58,70,2,39,51,69,51,100,73,60,60,70,44,51,52,38,38,24,19,35,2,51,43,49,41,61,33,45,52,42,60,46,39,18,70,44,58,65,75,67,79,53,63,64,27,24,67
2012-01-01,55,64,7,63,40,2,3,44,82,66,0,100,63,16,67,68,97,78,100,62,84,50,38,84,57,88,90,66,86,54,55,71,77,100,74,87,4,48,44,81,49,90,99,72,74,63,49,65,38,39,55,69,14,43,3,60,32,54,55,88,33,43,81,41,65,48,56,28,79,44,64,84,85,73,100,65,74,66,28,22,91
2012-02-01,62,75,9,77,34,2,3,51,74,72,0,99,73,16,82,62,90,75,96,55,79,58,50,65,71,86,91,57,86,66,57,75,67,88,64,79,3,52,54,81,64,78,81,70,75,66,63,63,32,48,60,60,18,41,3,66,32,48,50,81,53,63,76,50,56,50,51,35,80,43,75,80,87,85,96,70,77,91,28,21,85
2012-03-01,84,72,13,88,54,3,2,46,78,69,0,90,70,16,74,68,91,68,97,58,80,53,48,60,70,83,91,63,89,61,76,76,67,88,60,76,4,49,60,81,67,74,78,88,81,63,65,65,31,52,67,64,27,40,2,66,57,45,46,80,47,51,72,48,83,52,64,32,76,43,72,81,80,85,89,69,70,77,46,21,87
2012-04-01,94,71,14,80,68,4,2,49,80,70,0,79,81,15,72,61,89,69,96,42,77,53,52,59,72,71,92,59,94,59,80,70,66,95,57,72,4,45,51,83,61,57,75,89,80,68,71,66,29,47,65,60,35,39,2,69,63,45,47,84,37,57,70,51,64,53,48,34,76,43,72,79,84,91,86,71,75,95,54,22,90
2012-05-01,91,62,16,62,83,5,3,43,82,61,0,77,79,16,62,62,91,74,96,43,74,50,48,63,66,70,91,58,100,52,86,64,63,90,58,74,5,47,68,85,56,55,77,94,78,65,51,63,28,41,62,64,90,40,2,69,63,44,46,84,45,49,68,51,63,47,46,36,74,45,68,73,84,80,84,64,74,75,56,21,90
2012-06-01,99,59,18,61,91,8,4,39,88,58,0,76,46,15,59,63,95,75,92,51,74,46,36,62,56,73,96,50,80,48,100,64,64,91,61,75,5,50,57,82,45,61,78,92,82,66,50,57,29,38,55,64,48,40,2,57,64,46,47,87,33,36,70,53,57,85,54,38,73,49,62,71,86,75,84,65,68,70,68,23,93
2012-07-01,100,57,16,57,78,8,4,37,86,52,0,73,39,17,57,63,93,74,85,43,75,44,31,63,53,79,94,47,78,44,94,64,63,89,63,72,5,45,55,83,44,61,78,85,83,66,57,55,28,40,54,62,39,37,2,58,63,47,49,88,39,32,69,56,69,51,62,37,76,50,62,68,80,75,75,65,65,73,70,23,94
2012-08-01,88,56,22,52,79,7,4,37,73,54,0,70,42,18,46,66,86,72,80,50,73,48,28,61,48,70,85,46,72,46,75,66,58,80,60,73,4,43,67,82,38,58,73,85,77,63,54,55,26,38,52,59,39,39,2,55,71,46,50,79,36,33,70,53,50,56,70,36,72,48,59,68,82,71,73,64,65,66,66,26,84
2012-09-01,80,68,17,59,67,7,3,46,63,76,0,64,71,19,71,63,78,62,79,52,70,60,42,58,63,68,81,52,91,68,60,70,55,76,56,73,5,47,67,84,55,56,72,80,75,65,59,61,31,48,57,54,32,40,1,61,53,44,50,70,43,86,69,50,61,55,68,34,72,48,69,71,78,88,74,64,62,80,55,26,83
2012-10-01,60,72,11,84,45,5,3,45,55,84,0,65,64,19,72,66,68,57,71,48,67,54,47,53,66,54,74,56,89,74,51,70,51,69,51,69,4,48,69,80,60,49,66,67,71,67,67,64,29,47,47,52,31,39,2,62,35,43,47,63,44,81,63,47,55,48,66,32,72,43,69,71,77,84,71,66,64,83,37,25,79
2012-11-01,58,66,7,79,34,5,3,42,55,76,0,66,60,18,72,72,60,56,61,54,64,53,47,56,69,58,70,58,87,63,43,66,48,66,51,74,5,42,62,74,57,48,67,58,70,58,72,67,31,54,41,42,31,36,2,62,39,40,56,60,48,53,58,57,66,46,61,31,73,43,68,71,82,85,68,62,59,88,30,26,76
2012-12-01,56,53,5,61,29,7,3,33,54,62,0,65,51,14,59,68,53,60,54,56,62,52,35,59,53,54,68,46,76,52,42,58,47,62,55,76,8,35,51,72,49,60,73,56,69,57,45,58,39,45,40,36,34,34,1,55,42,42,42,64,43,44,54,44,48,40,54,31,67,51,57,60,75,67,64,56,57,73,24,18,73
2013-01-01,54,60,8,59,33,8,5,44,78,75,0,71,65,21,68,65,96,92,86,58,85,54,36,81,60,71,92,49,83,58,73,69,75,93,71,94,12,46,65,81,51,52,100,66,91,67,52,61,25,45,60,100,21,45,2,64,30,50,59,95,48,46,89,49,59,44,73,46,74,47,66,70,81,68,72,66,65,69,29,27,98
2013-02-01,57,72,8,71,42,7,4,49,69,87,0,66,78,21,78,65,89,87,85,65,82,67,44,68,75,72,91,59,85,68,71,73,68,87,64,87,9,52,62,83,67,47,83,69,93,71,77,69,23,48,66,74,24,44,2,70,32,47,53,92,43,66,80,54,67,48,65,53,79,47,75,75,81,86,66,68,67,83,25,27,93
2013-03-01,67,72,10,82,48,7,4,49,74,73,0,65,74,23,74,67,90,85,84,58,81,62,46,65,69,66,92,61,89,62,83,73,68,87,63,91,10,48,56,81,64,48,84,79,96,82,74,67,22,47,76,70,28,42,3,74,41,47,53,92,44,54,81,53,75,50,88,53,81,50,73,77,86,86,69,69,68,90,36,31,99
2013-04-01,81,73,12,93,63,6,4,49,75,75,0,77,87,23,81,63,91,82,84,68,82,64,49,64,72,68,94,63,92,64,75,75,67,89,60,81,10,45,67,85,67,45,79,89,97,84,70,70,20,54,75,71,32,42,2,79,64,44,52,91,53,61,79,60,85,60,74,53,82,46,76,79,96,89,76,71,66,99,51,26,100
2013-05-01,91,61,16,62,80,8,5,41,74,67,0,69,80,24,65,66,86,81,79,66,75,53,39,65,63,64,90,55,86,54,61,65,63,89,59,79,18,43,67,84,63,43,78,88,94,87,54,66,20,48,69,57,31,41,2,70,71,44,49,90,49,48,73,48,71,50,79,54,79,48,68,72,78,74,76,71,64,79,59,25,93
2013-06-01,92,57,19,53,90,10,6,39,81,58,3,68,50,23,56,74,87,82,77,58,73,48,32,68,56,67,89,54,77,48,65,63,62,90,62,83,16,46,54,82,44,45,80,86,98,100,44,61,21,42,61,24,31,41,2,61,71,47,51,93,34,39,73,55,62,45,84,56,79,54,64,71,87,71,71,66,64,66,68,26,96
2013-07-01,93,58,18,63,81,11,6,38,78,55,19,63,42,24,52,70,87,82,75,63,72,49,29,67,52,64,89,50,87,47,61,65,60,91,64,82,15,42,75,83,40,47,81,86,100,95,45,59,21,40,60,24,41,41,2,63,65,51,53,93,39,37,74,49,72,44,76,61,78,55,63,69,85,69,65,65,64,75,71,26,90
2013-08-01,90,55,20,59,80,12,6,34,64,59,31,65,43,25,48,68,80,75,72,64,69,53,25,64,54,62,83,47,75,47,45,67,57,84,62,83,15,39,69,84,42,41,74,85,96,94,39,57,18,36,57,21,53,43,2,59,66,50,53,83,32,34,72,59,62,44,74,59,75,54,65,68,83,72,66,63,65,67,64,28,82
2013-09-01,75,66,17,75,61,13,6,46,56,87,39,70,67,27,72,67,71,67,69,59,72,68,36,58,64,62,82,56,77,74,32,71,53,76,58,82,14,44,56,87,62,39,75,85,90,90,54,64,19,52,59,31,37,43,4,64,56,43,54,74,54,89,72,62,60,48,84,53,75,53,70,72,86,86,70,67,64,71,53,27,80
2013-10-01,61,74,10,84,48,14,6,50,56,92,39,76,65,29,78,65,65,62,68,55,72,62,43,55,78,70,79,79,85,81,25,77,51,74,59,79,17,48,80,88,70,36,67,80,82,84,68,81,15,57,51,31,33,43,4,69,44,46,54,68,62,89,71,63,84,48,67,60,80,53,77,81,92,96,77,69,67,92,37,34,86
2013-11-01,60,69,9,83,33,13,7,44,53,83,27,70,61,27,73,75,57,62,62,70,70,58,45,59,71,66,76,68,86,69,22,80,47,71,59,80,20,41,81,84,68,35,71,67,80,84,70,76,18,56,49,18,31,40,4,67,100,46,61,68,55,63,67,52,67,51,83,50,80,55,71,79,100,86,67,65,65,83,26,30,82
2013-12-01,57,56,6,67,31,14,7,37,52,67,30,60,55,18,61,76,50,67,50,64,66,53,34,65,60,58,71,57,76,53,23,58,45,66,60,81,39,36,57,75,52,42,77,60,76,70,53,67,23,49,46,14,21,38,3,62,54,48,46,70,47,48,60,56,64,39,68,47,71,59,59,65,87,69,59,60,61,73,27,25,78
2014-01-01,54,60,6,55,32,14,9,42,73,74,100,63,70,25,64,76,90,96,79,67,84,59,31,90,60,70,93,56,80,59,31,69,70,97,77,100,40,45,73,84,55,35,99,66,94,87,52,66,15,52,65,42,32,47,6,70,39,52,66,100,51,49,93,70,71,43,100,67,81,58,67,75,88,73,64,68,72,71,28,28,96
2014-02-01,56,73,7,89,35,15,9,50,67,86,100,67,82,26,77,71,80,89,76,63,82,63,41,68,72,67,90,63,85,71,23,72,59,91,68,92,32,48,72,84,67,33,84,70,90,84,65,74,13,58,71,52,23,45,7,75,34,48,58,90,58,68,84,61,66,47,81,68,80,60,72,77,86,89,67,70,69,84,26,32,98
2014-03-01,68,68,10,80,42,16,9,46,73,77,58,69,78,28,74,72,83,87,79,63,81,60,41,67,76,70,89,67,89,64,22,72,59,92,67,89,28,44,65,86,63,32,83,82,93,85,64,75,13,58,83,53,34,44,10,81,53,48,57,89,52,58,82,62,69,47,80,70,82,64,76,80,87,83,65,73,71,84,37,34,97
2014-04-01,78,74,13,95,63,12,9,49,71,78,56,68,91,28,69,72,82,80,74,56,79,65,46,63,77,68,91,72,90,67,19,71,59,91,61,83,26,45,67,87,68,30,77,89,94,78,72,76,12,56,87,50,31,44,6,81,72,47,56,86,58,62,79,62,74,46,86,67,84,56,76,80,88,91,66,78,74,100,49,36,97
2014-05-01,90,63,15,66,77,11,10,40,66,67,65,68,87,23,62,70,79,77,73,59,72,59,35,66,66,71,89,58,85,57,17,62,56,90,60,82,29,43,73,86,60,31,79,82,94,81,56,70,12,46,75,48,32,43,4,68,76,50,54,84,45,48,72,54,80,42,74,65,79,54,70,72,82,72,65,70,71,87,60,37,90
2014-06-01,89,58,19,66,72,13,10,37,70,69,68,67,50,24,51,68,79,82,71,70,73,54,26,66,57,68,91,55,78,51,16,62,53,89,62,83,34,47,74,84,48,34,80,87,92,80,53,63,12,43,68,48,32,43,4,63,74,49,57,91,40,41,74,63,79,41,64,65,81,57,68,72,82,79,64,68,68,68,66,38,92
2014-07-01,91,60,18,68,74,14,12,35,74,62,54,71,43,24,47,68,81,81,72,57,73,53,24,66,64,70,91,55,76,50,16,63,52,93,62,85,34,44,64,85,48,36,77,86,91,82,54,64,12,45,65,49,36,43,3,61,73,49,59,87,38,36,73,54,81,40,73,66,84,61,71,73,90,76,69,71,67,72,71,40,96
2014-08-01,88,57,19,48,70,14,12,34,64,62,42,69,46,23,43,66,72,72,70,65,68,55,22,65,54,70,82,53,73,48,13,63,48,81,62,81,31,39,77,84,43,30,73,83,87,78,48,61,11,49,60,43,63,43,4,58,64,50,60,77,50,36,70,57,61,49,66,65,78,61,64,71,85,76,71,69,65,73,65,37,83
2014-09-01,71,71,15,66,60,14,11,45,51,84,41,71,71,25,71,61,65,63,69,73,71,70,35,56,73,70,83,66,78,79,11,70,47,73,57,79,27,46,78,86,63,27,70,82,81,83,62,73,12,57,61,44,29,46,4,63,55,48,61,70,52,89,70,60,73,43,62,60,79,55,76,74,83,89,71,68,67,77,48,42,85
2014-10-01,58,75,10,76,46,15,11,48,49,95,31,78,71,27,75,58,60,58,64,66,68,65,39,52,82,63,78,75,82,86,10,73,45,69,52,73,27,55,79,86,77,26,65,70,76,85,68,79,10,52,51,40,29,44,4,67,42,47,57,66,55,86,68,65,54,44,65,55,80,55,75,80,81,91,73,68,71,74,34,41,81
2014-11-01,55,68,6,75,29,18,13,41,48,85,32,70,68,24,73,65,57,60,58,71,66,61,40,59,79,64,74,70,81,71,10,67,40,66,57,80,40,41,72,84,65,28,69,65,74,79,68,77,12,53,50,33,30,41,4,67,42,49,68,64,59,64,62,71,68,43,49,49,81,60,71,80,85,90,69,67,67,87,26,41,79
2014-12-01,55,57,6,60,28,18,14,34,51,77,31,64,64,19,58,69,49,64,51,64,65,53,31,65,62,55,72,58,77,59,11,56,41,64,59,80,77,36,61,78,55,32,75,63,76,78,51,69,15,51,45,30,24,41,4,59,51,52,50,66,42,53,59,64,74,36,44,52,77,59,64,66,75,77,63,64,65,71,27,35,75
2015-01-01,51,63,5,58,32,19,18,40,70,80,53,66,74,28,65,68,85,91,78,60,82,58,28,85,66,71,92,59,83,61,17,65,60,92,74,94,74,41,73,84,58,26,97,65,89,77,51,68,10,49,69,63,23,48,5,69,34,58,67,95,48,47,91,67,68,39,58,75,82,64,71,72,85,74,64,73,72,66,26,37,96
2015-02-01,55,72,7,82,30,21,15,53,62,90,39,65,85,28,76,63,77,80,74,74,76,64,35,64,75,69,87,70,85,72,12,73,49,79,63,82,52,46,74,83,71,22,76,67,86,83,67,79,8,62,75,50,29,45,6,73,36,54,57,84,58,67,77,67,70,41,56,77,82,66,76,75,84,88,63,72,70,80,27,53,90
2015-03-01,70,74,11,72,44,19,16,47,66,83,32,67,87,29,73,65,80,78,75,65,79,81,38,63,78,72,90,81,90,70,10,70,53,85,63,81,50,45,77,86,73,24,77,76,85,83,72,84,8,53,88,51,37,45,7,76,53,59,60,81,55,56,76,69,83,44,54,76,84,55,81,79,94,89,64,74,73,85,37,67,99
2015-04-01,83,76,12,83,61,18,14,49,63,82,34,67,100,28,76,64,81,72,75,73,78,75,42,62,79,63,87,84,89,71,9,68,54,82,57,79,51,44,79,85,72,23,74,81,85,86,83,86,8,63,85,50,38,46,7,76,64,54,57,78,57,61,75,73,86,43,58,76,87,53,83,81,95,94,62,76,77,94,51,62,96
2015-05-01,87,64,13,78,66,22,16,38,67,70,30,63,87,27,65,64,78,72,69,66,72,61,32,61,65,59,83,75,86,58,9,61,50,79,59,76,66,42,71,84,60,25,74,78,83,87,64,80,8,62,77,44,34,43,8,68,72,56,57,77,59,45,70,61,84,40,57,71,83,58,72,75,89,77,60,73,72,71,57,62,88
2015-06-01,89,65,17,51,70,25,18,38,72,68,39,67,56,28,50,71,85,78,71,77,74,58,26,66,64,66,89,78,82,55,9,64,52,83,62,84,72,48,75,88,48,26,76,74,85,84,56,77,8,70,65,42,45,46,10,67,70,56,62,82,64,37,71,63,71,39,64,78,90,62,72,75,90,80,67,75,72,68,64,74,93
2015-07-01,90,65,18,66,73,27,21,35,68,66,25,67,45,23,45,70,87,79,72,70,70,55,24,67,59,71,89,71,82,53,7,63,50,85,62,82,60,44,77,86,44,26,77,77,83,85,59,73,9,80,67,40,45,46,13,59,76,54,64,84,61,30,71,62,84,40,59,77,91,66,71,75,92,79,65,76,77,70,66,71,86
2015-08-01,87,61,20,60,60,27,21,34,60,68,25,62,49,23,41,65,80,71,68,82,68,63,23,63,57,63,82,69,75,52,7,65,48,77,63,81,56,40,78,85,48,26,74,75,82,86,55,70,8,69,66,39,44,48,22,58,70,54,69,77,52,36,72,55,73,39,59,72,89,66,69,73,100,77,60,72,74,66,67,66,77
2015-09-01,75,75,15,78,60,26,18,47,52,93,24,62,79,23,73,94,71,64,67,75,71,77,33,56,76,58,79,81,82,82,6,70,45,69,58,75,48,45,87,89,68,22,68,71,75,85,64,83,8,74,70,35,40,49,51,66,51,51,66,69,56,96,70,63,65,40,52,67,89,59,81,78,89,92,65,73,73,76,50,80,85
2015-10-01,62,83,9,83,41,28,18,50,48,92,23,65,78,23,79,69,65,58,64,73,70,69,36,52,90,62,74,88,81,91,6,74,43,67,53,71,44,46,78,86,77,21,63,68,68,85,82,93,7,75,55,32,39,46,100,71,42,48,66,63,65,88,68,64,73,45,53,62,87,61,81,82,88,96,63,70,75,84,38,76,85
2015-11-01,62,78,6,100,34,31,20,45,45,92,20,72,76,21,83,71,60,60,58,80,69,72,37,59,90,59,73,100,81,80,6,69,39,62,56,72,66,40,80,83,74,20,67,66,68,80,81,95,9,75,48,27,38,43,46,80,41,50,74,66,69,69,65,66,66,43,45,60,90,58,81,83,91,94,68,69,71,82,27,79,82
2015-12-01,60,63,8,77,33,32,26,36,47,77,14,72,66,16,70,78,55,63,52,76,65,65,29,65,76,59,69,91,77,64,6,60,38,64,61,75,100,34,79,81,57,23,71,67,65,82,63,87,10,67,45,25,29,43,40,65,55,53,56,68,61,49,60,69,61,37,38,58,84,62,72,73,92,84,65,67,68,65,28,75,76
2016-01-01,56,64,7,55,29,34,38,50,63,85,21,61,75,22,65,94,92,88,79,70,84,66,25,89,69,72,82,90,81,63,9,62,58,90,83,87,89,37,78,88,55,18,96,69,77,84,56,84,7,65,75,37,27,49,31,70,34,59,79,95,52,47,90,59,59,40,56,84,89,69,72,76,94,69,62,76,69,57,27,76,89
2016-02-01,67,74,8,81,40,40,33,52,62,100,22,59,94,24,85,73,89,84,80,85,84,75,34,76,82,66,84,76,92,79,7,71,52,87,75,79,76,41,81,91,75,16,80,74,75,92,74,85,6,70,91,33,31,50,30,82,37,59,68,89,58,74,84,61,68,39,52,91,89,70,83,78,94,86,60,79,74,82,35,60,94
2016-03-01,80,73,10,74,45,39,33,47,64,89,21,56,87,24,74,68,88,79,79,79,79,69,34,68,80,66,82,77,85,73,7,69,51,85,71,77,75,39,78,91,70,16,77,78,73,92,74,83,6,69,98,29,35,49,27,74,58,57,64,84,63,59,78,57,82,38,50,86,91,67,81,80,92,84,61,82,77,80,44,78,91
2016-04-01,90,72,11,86,59,42,34,48,62,87,29,60,96,25,80,68,89,77,79,79,80,75,37,66,84,69,83,80,91,73,6,70,53,84,67,74,77,37,89,91,78,15,75,80,73,91,77,88,6,82,97,29,40,48,26,79,68,55,66,84,64,64,78,65,68,40,55,86,91,67,86,84,90,87,61,86,75,82,51,75,90
2016-05-01,93,61,13,71,62,41,37,38,60,70,14,58,88,23,70,66,87,76,76,79,71,67,28,73,70,63,82,72,83,61,5,61,51,82,69,73,80,37,76,86,59,16,80,76,71,85,62,79,6,73,86,26,49,47,24,75,71,54,63,83,58,48,73,60,69,39,49,82,85,68,77,75,82,75,57,85,70,66,56,75,81
2016-06-01,94,61,16,53,71,46,45,37,63,67,12,52,51,22,63,68,90,78,72,82,71,60,23,71,60,61,80,64,81,55,6,59,49,82,72,78,73,39,76,83,49,16,77,72,70,83,56,69,6,74,75,25,56,49,26,64,74,52,65,83,50,37,71,62,67,35,49,82,88,75,74,71,77,75,52,81,70,58,63,71,83
2016-07-01,97,54,16,46,74,53,51,34,63,65,14,49,40,21,50,64,85,73,68,72,66,51,21,72,55,59,74,57,74,50,5,57,46,81,100,72,62,32,87,86,41,18,76,72,67,80,53,65,6,67,74,21,44,45,34,60,71,80,65,78,48,31,69,56,67,32,54,76,87,81,71,68,88,65,55,79,69,58,68,68,80
2016-08-01,82,56,15,48,57,51,46,34,55,67,25,46,48,20,43,67,79,71,68,84,70,55,18,65,54,61,74,55,68,52,5,60,47,81,80,73,57,33,67,83,46,15,71,78,61,81,46,64,5,59,69,22,57,52,45,60,59,58,70,77,53,36,71,53,57,34,44,79,87,68,71,68,75,70,51,75,74,56,62,67,71
2016-09-01,77,66,13,62,56,55,41,43,45,96,20,54,77,21,67,69,72,62,67,77,69,72,27,59,72,58,71,64,76,82,4,67,44,72,68,72,52,35,72,85,68,13,68,78,58,80,57,73,5,73,78,23,45,49,44,69,55,50,67,69,60,99,68,59,51,36,46,73,84,69,82,72,78,79,56,76,70,67,50,62,71
2016-10-01,66,67,9,70,39,59,39,44,44,93,16,50,69,20,76,65,66,61,64,77,67,71,30,55,81,58,69,74,75,86,3,68,41,67,61,68,44,36,86,88,70,12,63,75,55,81,70,80,5,74,68,19,41,49,45,69,47,47,69,67,62,79,68,59,55,35,42,69,85,76,83,74,73,83,52,76,75,68,38,66,74
2016-11-01,69,66,10,74,29,53,42,40,43,93,8,49,70,18,73,73,59,63,56,68,66,71,31,59,83,52,66,72,75,78,4,62,38,64,64,71,62,35,79,81,66,13,66,82,55,79,61,79,6,69,59,16,31,45,40,68,51,50,86,66,62,63,62,57,54,36,42,65,83,70,88,74,84,81,52,76,73,70,30,62,74
2016-12-01,63,59,8,63,31,67,48,35,45,82,13,47,62,14,65,76,56,67,52,69,64,61,24,68,67,51,64,63,74,65,4,57,39,68,70,75,87,29,75,78,57,16,75,80,53,80,53,72,7,67,54,14,35,46,37,64,55,52,62,68,49,48,60,58,68,32,34,67,82,81,72,67,78,75,53,74,73,59,28,60,74
2017-01-01,59,62,8,53,31,67,67,40,65,87,27,52,82,20,66,74,98,100,80,86,83,70,24,96,71,68,85,71,79,67,7,67,61,100,87,88,69,36,87,88,61,13,100,69,65,93,61,81,5,90,78,33,45,60,42,75,35,57,85,96,57,55,95,60,58,35,55,98,93,75,81,76,79,80,58,83,78,61,28,65,91
2017-02-01,64,74,8,71,39,66,54,50,61,98,16,54,95,20,83,68,92,88,81,81,81,83,30,72,80,69,85,79,82,81,5,73,62,94,76,78,57,40,72,92,75,12,81,78,63,91,73,89,4,88,82,26,46,100,41,79,44,52,73,88,67,76,83,70,65,37,49,97,93,81,88,79,83,88,55,86,78,81,34,70,93
2017-03-01,72,76,11,82,50,73,54,48,64,93,20,56,91,21,74,67,95,84,83,82,79,75,33,69,83,69,83,82,90,77,5,75,58,97,73,79,51,46,92,91,76,11,80,73,63,95,73,100,4,81,96,25,47,60,41,80,52,52,92,87,65,69,85,68,74,39,53,97,94,87,90,82,86,90,56,92,78,74,41,78,92
2017-04-01,84,74,13,86,58,71,51,49,63,90,10,53,93,19,73,68,93,79,81,79,77,76,34,65,81,64,81,78,88,74,4,71,57,93,67,75,52,36,98,97,76,12,76,74,60,94,79,90,4,81,100,24,51,54,37,77,69,49,72,81,60,67,79,63,76,40,50,93,92,79,90,81,90,93,57,97,77,84,56,77,94
2017-05-01,83,68,13,60,55,74,58,40,61,78,17,52,87,19,68,68,91,79,77,89,72,66,27,70,74,61,79,74,84,66,4,65,56,88,69,73,58,38,80,91,69,11,80,71,58,94,63,84,4,76,87,24,54,54,38,71,70,49,71,83,58,53,78,59,55,35,51,89,90,88,82,77,84,79,60,85,81,68,58,74,87
2017-06-01,85,62,16,60,58,80,69,37,66,69,18,53,50,20,55,70,94,83,78,78,71,61,21,75,66,68,81,68,78,59,4,65,55,84,75,76,50,36,100,91,49,12,81,71,59,96,59,74,4,88,78,21,66,61,37,67,69,48,73,86,63,39,76,57,73,35,47,94,93,90,80,75,85,76,59,83,100,57,66,78,85
2017-07-01,92,62,18,51,66,86,74,38,65,71,15,55,43,19,44,69,92,80,80,82,70,59,20,74,62,67,81,72,74,55,4,65,58,84,76,77,48,31,95,92,45,13,83,71,57,89,55,75,5,82,82,21,63,59,36,70,79,49,77,85,61,36,79,55,85,35,68,90,93,95,77,77,87,68,59,84,82,56,69,87,83
2017-08-01,82,64,19,49,60,76,69,35,55,68,11,51,51,19,44,65,84,73,74,96,64,60,19,71,63,64,76,64,68,57,3,67,51,75,73,71,43,32,94,95,46,11,73,68,54,91,56,72,4,77,76,21,60,57,38,67,67,49,78,77,57,40,76,53,74,35,50,86,91,88,80,73,81,77,59,83,84,61,65,82,78
2017-09-01,76,69,16,63,51,82,63,45,45,88,7,48,76,18,65,60,73,66,68,79,82,73,25,61,74,53,73,69,68,79,3,70,47,70,67,67,39,34,90,93,65,9,71,74,48,88,61,83,4,79,83,19,63,54,37,68,57,44,74,68,54,94,70,66,76,35,47,77,86,81,83,72,81,86,54,79,81,62,53,68,79
2017-10-01,67,78,9,79,39,80,59,48,46,96,9,56,80,19,84,63,69,65,69,85,73,100,32,57,88,61,74,84,78,94,3,79,48,70,62,69,39,35,75,92,74,9,65,75,47,96,73,93,4,100,73,20,62,52,37,76,48,45,75,67,62,88,73,62,81,36,59,77,89,87,93,78,80,92,63,81,81,73,42,73,82
2017-11-01,73,91,7,78,38,74,65,45,44,96,12,61,79,17,74,73,65,65,63,79,70,74,31,63,88,62,71,82,79,84,3,73,45,66,66,69,56,32,87,90,73,9,70,80,44,91,73,94,5,95,62,17,64,53,34,77,50,46,100,68,75,71,68,66,76,36,53,75,96,84,91,80,86,94,63,85,83,80,32,75,80
2017-12-01,67,70,7,67,30,90,70,35,43,81,11,54,67,14,64,70,58,68,56,84,64,63,23,68,68,57,65,72,70,68,3,64,45,64,70,70,68,26,74,85,59,11,73,84,40,84,50,84,5,84,55,15,44,49,32,67,57,48,69,69,65,51,65,57,67,34,44,69,89,99,78,72,89,81,52,77,79,66,28,69,71
2018-01-01,57,74,7,60,32,93,92,44,63,84,14,50,81,18,60,70,94,98,85,92,83,70,25,95,73,67,85,76,83,72,5,78,71,91,87,87,52,34,83,95,69,10,97,68,50,96,59,85,3,98,78,32,46,63,35,75,39,54,90,95,72,53,100,64,67,35,67,98,96,90,85,77,98,86,51,91,85,70,29,75,92
2018-02-01,62,85,7,77,39,98,76,51,59,91,9,54,90,19,72,64,91,89,83,100,82,75,30,71,87,68,86,81,81,85,4,83,64,83,74,77,42,36,81,98,75,8,80,70,47,98,73,94,3,97,85,27,49,58,35,85,44,50,80,86,69,73,89,66,80,39,55,100,97,87,94,80,91,99,54,88,90,86,37,78,96
2018-03-01,70,87,8,71,42,98,78,47,61,90,16,53,88,18,74,64,92,82,83,99,77,73,32,67,88,63,83,79,87,78,3,81,67,85,70,75,42,34,81,93,71,8,76,74,47,96,73,94,3,90,96,33,56,55,37,82,53,50,79,84,64,57,84,75,86,40,66,98,98,86,91,80,91,95,52,90,90,79,39,80,93
2018-04-01,77,85,10,87,55,84,72,48,65,84,14,55,99,19,76,65,94,80,85,87,78,80,34,66,90,67,85,81,87,79,3,82,70,86,69,71,48,33,86,100,76,8,77,76,45,100,80,95,3,92,96,33,79,55,36,80,66,48,78,82,67,63,86,71,79,40,55,96,100,86,96,81,95,100,50,90,91,91,47,79,98
2018-05-01,88,74,15,57,64,82,78,39,62,76,12,49,91,17,67,63,92,76,82,91,72,69,27,65,74,57,82,70,79,69,3,74,66,82,68,67,57,34,78,95,67,8,76,72,42,92,62,91,3,89,91,25,77,53,36,76,81,47,75,81,59,49,77,56,94,39,59,89,93,88,90,74,84,83,47,88,82,69,74,73,91
2018-06-01,86,72,16,57,72,98,96,38,62,74,8,45,52,17,59,69,93,78,83,93,70,64,22,69,66,63,82,68,74,63,4,72,65,81,71,72,50,34,90,94,55,9,77,69,45,88,56,84,3,89,80,23,82,56,35,66,77,47,78,83,60,41,81,61,76,36,54,87,95,97,84,74,89,85,45,88,83,66,91,78,87
2018-07-01,87,71,15,62,70,96,96,37,68,71,7,46,46,17,49,68,94,82,82,99,69,63,21,72,68,61,83,69,79,63,4,72,67,84,73,73,47,31,91,93,50,8,81,66,43,98,58,78,3,88,77,21,100,55,35,70,79,48,81,85,57,34,82,55,75,37,57,89,99,100,88,74,95,82,46,89,81,62,100,87,87
2018-08-01,80,70,19,60,67,93,99,35,57,72,11,50,57,17,47,64,86,76,82,93,68,65,19,66,71,61,80,68,71,66,3,77,64,76,72,70,43,32,74,96,54,8,73,66,42,95,59,79,3,86,70,14,93,58,35,73,70,46,81,76,64,44,78,57,79,34,50,85,98,100,88,75,92,88,47,83,82,62,85,90,81
2018-09-01,69,77,14,57,50,100,90,47,47,95,10,49,83,18,73,60,74,65,75,78,71,80,27,59,85,55,74,73,79,88,3,74,55,66,64,65,36,33,80,94,67,6,70,69,38,95,70,86,2,83,74,11,72,56,32,72,57,43,79,69,61,100,76,66,65,36,50,72,90,91,97,76,95,90,46,78,77,77,69,93,83
2018-10-01,57,84,9,77,38,95,86,47,43,100,9,50,86,17,85,59,71,61,70,75,71,75,30,57,100,56,73,83,80,100,3,80,51,64,60,60,35,35,72,92,79,6,64,71,35,96,71,93,2,88,60,10,68,57,33,84,46,41,78,66,67,90,75,63,70,48,46,67,91,86,100,80,94,100,48,83,85,80,58,100,86
2018-11-01,66,78,7,84,31,94,88,41,42,92,6,52,80,15,77,72,63,63,63,87,68,68,30,62,93,58,67,79,79,87,2,73,46,58,68,66,55,30,84,88,74,7,70,72,36,94,70,93,3,93,55,11,62,53,30,100,48,44,99,65,69,68,68,61,62,38,43,70,92,88,94,79,88,94,47,77,83,74,51,96,82
2018-12-01,58,67,7,56,30,99,100,34,43,78,9,45,65,12,74,67,58,70,58,76,65,60,23,72,75,52,66,72,71,71,2,66,49,60,72,65,69,26,80,84,63,9,77,71,35,96,54,85,3,98,47,7,51,51,26,89,57,47,72,66,70,50,67,61,64,34,42,66,91,98,85,74,90,85,45,75,83,62,39,85,75
