geoName,yoga
Alabama,28
Alaska,44
Arizona,72
Arkansas,39
California,87
Colorado,83
Connecticut,67
Delaware,60
District of Columbia,73
Florida,47
Georgia,48
Hawaii,83
Idaho,56
Illinois,54
Indiana,36
Iowa,38
Kansas,40
Kentucky,45
Louisiana,38
Maine,66
Maryland,58
Massachusetts,88
Michigan,44
Minnesota,53
Mississippi,33
Missouri,44
Montana,68
Nebraska,31
Nevada,48
New Hampshire,67
New Jersey,64
New Mexico,61
New York,100
North Carolina,56
North Dakota,20
Ohio,39
Oklahoma,27
Oregon,70
Pennsylvania,49
Rhode Island,69
South Carolina,40
South Dakota,38
Tennessee,41
Texas,45
Utah,51
Vermont,92
Virginia,53
Washington,74
West Virginia,38
Wisconsin,46
Wyoming,40
