geoName,sugar level
Alabama,63
Alaska,0
Arizona,39
Arkansas,64
California,53
Colorado,29
Connecticut,66
Delaware,65
District of Columbia,60
Florida,55
Georgia,64
Hawaii,42
Idaho,39
Illinois,52
Indiana,37
Iowa,34
Kansas,52
Kentucky,43
Louisiana,98
Maine,53
Maryland,36
Massachusetts,39
Michigan,40
Minnesota,43
Mississippi,76
Missouri,51
Montana,61
Nebraska,67
Nevada,43
New Hampshire,47
New Jersey,57
New Mexico,67
New York,44
North Carolina,40
North Dakota,85
Ohio,43
Oklahoma,100
Oregon,58
Pennsylvania,57
Rhode Island,0
South Carolina,62
South Dakota,69
Tennessee,54
Texas,56
Utah,17
Vermont,0
Virginia,48
Washington,56
West Virginia,62
Wisconsin,36
Wyoming,0
