geoName,polyphagia
Alabama,41
Alaska,0
Arizona,22
Arkansas,77
California,16
Colorado,28
Connecticut,36
Delaware,0
District of Columbia,23
Florida,17
Georgia,19
Hawaii,0
Idaho,92
Illinois,15
Indiana,28
Iowa,51
Kansas,44
Kentucky,30
Louisiana,40
Maine,83
Maryland,36
Massachusetts,20
Michigan,22
Minnesota,42
Mississippi,72
Missouri,83
Montana,0
Nebraska,64
Nevada,100
New Hampshire,0
New Jersey,19
New Mexico,0
New York,16
North Carolina,51
North Dakota,0
Ohio,24
Oklahoma,89
Oregon,22
Pennsylvania,19
Rhode Island,0
South Carolina,0
South Dakota,0
Tennessee,52
Texas,25
Utah,41
Vermont,0
Virginia,31
Washington,20
West Virginia,0
Wisconsin,27
Wyoming,0
