geoName,symptoms of congestive heart failure
Alabama,0
Alaska,0
Arizona,79
Arkansas,0
California,35
Colorado,0
Connecticut,0
Delaware,0
District of Columbia,0
Florida,23
Georgia,46
Hawaii,0
Idaho,0
Illinois,65
Indiana,67
Iowa,0
Kansas,0
Kentucky,0
Louisiana,0
Maine,0
Maryland,0
Massachusetts,0
Michigan,0
Minnesota,0
Mississippi,0
Missouri,100
Montana,0
Nebraska,0
Nevada,0
New Hampshire,0
New Jersey,23
New Mexico,0
New York,10
North Carolina,31
North Dakota,0
Ohio,50
Oklahoma,0
Oregon,0
Pennsylvania,89
Rhode Island,0
South Carolina,0
South Dakota,0
Tennessee,62
Texas,40
Utah,0
Vermont,0
Virginia,50
Washington,58
West Virginia,0
Wisconsin,73
Wyoming,0
