geoName,meals
Alabama,88
Alaska,61
Arizona,69
Arkansas,73
California,49
Colorado,76
Connecticut,64
Delaware,77
District of Columbia,63
Florida,70
Georgia,80
Hawaii,57
Idaho,90
Illinois,64
Indiana,76
Iowa,90
Kansas,93
Kentucky,76
Louisiana,72
Maine,76
Maryland,75
Massachusetts,63
Michigan,68
Minnesota,81
Mississippi,72
Missouri,80
Montana,72
Nebraska,76
Nevada,64
New Hampshire,81
New Jersey,61
New Mexico,72
New York,55
North Carolina,81
North Dakota,100
Ohio,77
Oklahoma,73
Oregon,69
Pennsylvania,71
Rhode Island,62
South Carolina,84
South Dakota,100
Tennessee,81
Texas,73
Utah,74
Vermont,91
Virginia,55
Washington,66
West Virginia,72
Wisconsin,78
Wyoming,79
