geoName,sugar level
Alabama,78
Alaska,0
Arizona,61
Arkansas,68
California,47
Colorado,39
Connecticut,60
Delaware,97
District of Columbia,65
Florida,67
Georgia,67
Hawaii,35
Idaho,58
Illinois,63
Indiana,80
Iowa,67
Kansas,56
Kentucky,100
Louisiana,80
Maine,33
Maryland,45
Massachusetts,50
Michigan,50
Minnesota,42
Mississippi,66
Missouri,39
Montana,35
Nebraska,42
Nevada,30
New Hampshire,52
New Jersey,68
New Mexico,32
New York,51
North Carolina,67
North Dakota,76
Ohio,63
Oklahoma,62
Oregon,57
Pennsylvania,70
Rhode Island,58
South Carolina,65
South Dakota,84
Tennessee,82
Texas,67
Utah,50
Vermont,0
Virginia,46
Washington,58
West Virginia,81
Wisconsin,49
Wyoming,0
