geoName,healthy
Alabama,73
Alaska,77
Arizona,85
Arkansas,76
California,51
Colorado,80
Connecticut,73
Delaware,78
District of Columbia,74
Florida,75
Georgia,74
Hawaii,80
Idaho,83
Illinois,77
Indiana,88
Iowa,100
Kansas,86
Kentucky,77
Louisiana,73
Maine,83
Maryland,79
Massachusetts,72
Michigan,82
Minnesota,85
Mississippi,82
Missouri,79
Montana,97
Nebraska,89
Nevada,74
New Hampshire,96
New Jersey,71
New Mexico,75
New York,77
North Carolina,79
North Dakota,85
Ohio,85
Oklahoma,75
Oregon,82
Pennsylvania,78
Rhode Island,75
South Carolina,83
South Dakota,85
Tennessee,77
Texas,72
Utah,83
Vermont,66
Virginia,37
Washington,73
West Virginia,83
Wisconsin,86
Wyoming,80
