geoName,fitness gym
Alabama,54
Alaska,41
Arizona,67
Arkansas,43
California,60
Colorado,46
Connecticut,76
Delaware,64
District of Columbia,73
Florida,74
Georgia,57
Hawaii,68
Idaho,64
Illinois,52
Indiana,43
Iowa,30
Kansas,44
Kentucky,33
Louisiana,43
Maine,62
Maryland,79
Massachusetts,78
Michigan,54
Minnesota,45
Mississippi,35
Missouri,49
Montana,33
Nebraska,54
Nevada,60
New Hampshire,62
New Jersey,100
New Mexico,48
New York,77
North Carolina,63
North Dakota,43
Ohio,43
Oklahoma,52
Oregon,50
Pennsylvania,66
Rhode Island,87
South Carolina,57
South Dakota,30
Tennessee,43
Texas,61
Utah,75
Vermont,53
Virginia,68
Washington,62
West Virginia,36
Wisconsin,45
Wyoming,29
