geoName,symptoms of congestive heart failure
Alabama,31
Alaska,0
Arizona,46
Arkansas,0
California,37
Colorado,0
Connecticut,0
Delaware,0
District of Columbia,0
Florida,50
Georgia,58
Hawaii,0
Idaho,0
Illinois,50
Indiana,85
Iowa,0
Kansas,0
Kentucky,37
Louisiana,0
Maine,0
Maryland,0
Massachusetts,0
Michigan,50
Minnesota,0
Mississippi,0
Missouri,84
Montana,0
Nebraska,0
Nevada,0
New Hampshire,0
New Jersey,54
New Mexico,0
New York,32
North Carolina,100
North Dakota,0
Ohio,92
Oklahoma,0
Oregon,0
Pennsylvania,44
Rhode Island,0
South Carolina,0
South Dakota,0
Tennessee,95
Texas,44
Utah,0
Vermont,0
Virginia,54
Washington,55
West Virginia,0
Wisconsin,59
Wyoming,0
