geoName,ejercicios
Alabama,5
Alaska,7
Arizona,14
Arkansas,8
California,14
Colorado,11
Connecticut,12
Delaware,4
District of Columbia,11
Florida,33
Georgia,20
Hawaii,2
Idaho,3
Illinois,12
Indiana,6
Iowa,6
Kansas,11
Kentucky,6
Louisiana,6
Maine,0
Maryland,9
Massachusetts,7
Michigan,7
Minnesota,5
Mississippi,9
Missouri,5
Montana,1
Nebraska,7
Nevada,11
New Hampshire,2
New Jersey,14
New Mexico,14
New York,17
North Carolina,9
North Dakota,0
Ohio,7
Oklahoma,5
Oregon,100
Pennsylvania,6
Rhode Island,7
South Carolina,5
South Dakota,2
Tennessee,6
Texas,24
Utah,10
Vermont,1
Virginia,8
Washington,6
West Virginia,4
Wisconsin,6
Wyoming,6
