geoName,bike repair
Alabama,26
Alaska,59
Arizona,84
Arkansas,49
California,66
Colorado,100
Connecticut,37
Delaware,36
District of Columbia,52
Florida,62
Georgia,40
Hawaii,54
Idaho,79
Illinois,59
Indiana,45
Iowa,47
Kansas,42
Kentucky,38
Louisiana,42
Maine,58
Maryland,50
Massachusetts,49
Michigan,58
Minnesota,79
Mississippi,0
Missouri,44
Montana,97
Nebraska,51
Nevada,51
New Hampshire,32
New Jersey,40
New Mexico,63
New York,43
North Carolina,47
North Dakota,0
Ohio,45
Oklahoma,41
Oregon,61
Pennsylvania,47
Rhode Island,57
South Carolina,45
South Dakota,40
Tennessee,32
Texas,41
Utah,92
Vermont,58
Virginia,38
Washington,77
West Virginia,0
Wisconsin,62
Wyoming,88
