geoName,bike repair
Alabama,21
Alaska,32
Arizona,61
Arkansas,22
California,60
Colorado,98
Connecticut,41
Delaware,54
District of Columbia,57
Florida,59
Georgia,37
Hawaii,59
Idaho,100
Illinois,51
Indiana,41
Iowa,57
Kansas,28
Kentucky,37
Louisiana,26
Maine,63
Maryland,55
Massachusetts,54
Michigan,62
Minnesota,67
Mississippi,0
Missouri,37
Montana,73
Nebraska,48
Nevada,46
New Hampshire,40
New Jersey,37
New Mexico,39
New York,41
North Carolina,39
North Dakota,0
Ohio,42
Oklahoma,37
Oregon,68
Pennsylvania,45
Rhode Island,40
South Carolina,38
South Dakota,56
Tennessee,32
Texas,39
Utah,74
Vermont,65
Virginia,26
Washington,69
West Virginia,0
Wisconsin,51
Wyoming,50
