geoName,gym
Alabama,55
Alaska,80
Arizona,66
Arkansas,52
California,82
Colorado,70
Connecticut,77
Delaware,70
District of Columbia,99
Florida,72
Georgia,68
Hawaii,100
Idaho,73
Illinois,67
Indiana,53
Iowa,54
Kansas,59
Kentucky,54
Louisiana,59
Maine,64
Maryland,87
Massachusetts,86
Michigan,57
Minnesota,49
Mississippi,49
Missouri,68
Montana,53
Nebraska,57
Nevada,75
New Hampshire,73
New Jersey,94
New Mexico,76
New York,93
North Carolina,75
North Dakota,54
Ohio,53
Oklahoma,93
Oregon,64
Pennsylvania,74
Rhode Island,78
South Carolina,69
South Dakota,46
Tennessee,63
Texas,82
Utah,79
Vermont,65
Virginia,97
Washington,73
West Virginia,51
Wisconsin,53
Wyoming,73
