geoName,ejercicios
Alabama,11
Alaska,11
Arizona,48
Arkansas,27
California,54
Colorado,34
Connecticut,41
Delaware,31
District of Columbia,31
Florida,100
Georgia,38
Hawaii,10
Idaho,25
Illinois,35
Indiana,19
Iowa,17
Kansas,68
Kentucky,16
Louisiana,18
Maine,0
Maryland,36
Massachusetts,28
Michigan,14
Minnesota,19
Mississippi,9
Missouri,13
Montana,4
Nebraska,17
Nevada,48
New Hampshire,6
New Jersey,57
New Mexico,49
New York,50
North Carolina,33
North Dakota,0
Ohio,12
Oklahoma,23
Oregon,27
Pennsylvania,17
Rhode Island,27
South Carolina,20
South Dakota,11
Tennessee,19
Texas,83
Utah,31
Vermont,8
Virginia,30
Washington,21
West Virginia,5
Wisconsin,18
Wyoming,14
