geoName,sugar level
Alabama,94
Alaska,0
Arizona,65
Arkansas,100
California,70
Colorado,51
Connecticut,64
Delaware,67
District of Columbia,37
Florida,76
Georgia,83
Hawaii,60
Idaho,70
Illinois,70
Indiana,79
Iowa,61
Kansas,65
Kentucky,81
Louisiana,90
Maine,61
Maryland,68
Massachusetts,58
Michigan,69
Minnesota,46
Mississippi,92
Missouri,72
Montana,54
Nebraska,80
Nevada,63
New Hampshire,53
New Jersey,78
New Mexico,79
New York,74
North Carolina,70
North Dakota,68
Ohio,77
Oklahoma,78
Oregon,54
Pennsylvania,68
Rhode Island,67
South Carolina,93
South Dakota,80
Tennessee,89
Texas,84
Utah,57
Vermont,0
Virginia,65
Washington,64
West Virginia,88
Wisconsin,62
Wyoming,0
