geoName,healthy
Alabama,76
Alaska,83
Arizona,90
Arkansas,83
California,83
Colorado,88
Connecticut,85
Delaware,80
District of Columbia,84
Florida,85
Georgia,79
Hawaii,86
Idaho,88
Illinois,83
Indiana,87
Iowa,87
Kansas,84
Kentucky,82
Louisiana,90
Maine,88
Maryland,84
Massachusetts,88
Michigan,84
Minnesota,88
Mississippi,77
Missouri,85
Montana,87
Nebraska,85
Nevada,81
New Hampshire,100
New Jersey,86
New Mexico,74
New York,97
North Carolina,82
North Dakota,93
Ohio,90
Oklahoma,81
Oregon,85
Pennsylvania,85
Rhode Island,86
South Carolina,83
South Dakota,83
Tennessee,81
Texas,84
Utah,89
Vermont,100
Virginia,85
Washington,84
West Virginia,77
Wisconsin,88
Wyoming,79
