﻿"ID","Year","LocationAbbr","LocationDesc","Class","Topic","Indicator","Response","DataSource","Data_Value_Unit","Data_Value_Type","Data_Value","Data_Value_Footnote_Symbol","Data_Value_Footnote","Low_Confidence_Limit","High_Confidence_Limit","Sample_Size","Stratification","StratificationType","IndicatorId","LocationOrder","ParentStateDisplayOrder","FootnoteType","FootNoteSymbol","FootnoteText","URL","DatasourceAbbr","Agency"
"2695422","2015","US","All States, DC and Territories (median) **","Overweight and Obesity (BMI)","BMI Categories","Weight classification by Body Mass Index (BMI) (variable calculated from one or more BRFSS questions)","Obese (BMI 30.0 - 99.8)","BRFSS","%","Crude Prevalence","29.8","","","","","53","Overall","Overall","_BMI5CAT","1","1","","","","","",""
"2694990","2015","UW","All States and DC (median) **","Overweight and Obesity (BMI)","BMI Categories","Weight classification by Body Mass Index (BMI) (variable calculated from one or more BRFSS questions)","Obese (BMI 30.0 - 99.8)","BRFSS","%","Crude Prevalence","29.8","","","","","51","Overall","Overall","_BMI5CAT","2","2","","","","","",""
"2468754","2015","AL","Alabama","Overweight and Obesity (BMI)","BMI Categories","Weight classification by Body Mass Index (BMI) (variable calculated from one or more BRFSS questions)","Obese (BMI 30.0 - 99.8)","BRFSS","%","Crude Prevalence","35.6","","","34.1","37.2","2639","Overall","Overall","_BMI5CAT","3","3","","","","","",""
"2473128","2015","AK","Alaska","Overweight and Obesity (BMI)","BMI Categories","Weight classification by Body Mass Index (BMI) (variable calculated from one or more BRFSS questions)","Obese (BMI 30.0 - 99.8)","BRFSS","%","Crude Prevalence","29.8","","","27.4","32.2","1063","Overall","Overall","_BMI5CAT","4","4","","","","","",""
"2477818","2015","AZ","Arizona","Overweight and Obesity (BMI)","BMI Categories","Weight classification by Body Mass Index (BMI) (variable calculated from one or more BRFSS questions)","Obese (BMI 30.0 - 99.8)","BRFSS","%","Crude Prevalence","28.4","","","26.9","30.0","1907","Overall","Overall","_BMI5CAT","5","5","","","","","",""
"2481794","2015","AR","Arkansas","Overweight and Obesity (BMI)","BMI Categories","Weight classification by Body Mass Index (BMI) (variable calculated from one or more BRFSS questions)","Obese (BMI 30.0 - 99.8)","BRFSS","%","Crude Prevalence","34.5","","","32.1","36.8","1606","Overall","Overall","_BMI5CAT","6","6","","","","","",""
"2485867","2015","CA","California","Overweight and Obesity (BMI)","BMI Categories","Weight classification by Body Mass Index (BMI) (variable calculated from one or more BRFSS questions)","Obese (BMI 30.0 - 99.8)","BRFSS","%","Crude Prevalence","24.2","","","23.2","25.2","2798","Overall","Overall","_BMI5CAT","7","7","","","","","",""
"2490825","2015","CO","Colorado","Overweight and Obesity (BMI)","BMI Categories","Weight classification by Body Mass Index (BMI) (variable calculated from one or more BRFSS questions)","Obese (BMI 30.0 - 99.8)","BRFSS","%","Crude Prevalence","20.2","","","19.1","21.3","2682","Overall","Overall","_BMI5CAT","8","8","","","","","",""
"2494801","2015","CT","Connecticut","Overweight and Obesity (BMI)","BMI Categories","Weight classification by Body Mass Index (BMI) (variable calculated from one or more BRFSS questions)","Obese (BMI 30.0 - 99.8)","BRFSS","%","Crude Prevalence","25.3","","","24.1","26.4","2840","Overall","Overall","_BMI5CAT","9","9","","","","","",""
"2499307","2015","DE","Delaware","Overweight and Obesity (BMI)","BMI Categories","Weight classification by Body Mass Index (BMI) (variable calculated from one or more BRFSS questions)","Obese (BMI 30.0 - 99.8)","BRFSS","%","Crude Prevalence","29.7","","","27.6","31.8","1146","Overall","Overall","_BMI5CAT","10","10","","","","","",""
"2503501","2015","DC","District of Columbia","Overweight and Obesity (BMI)","BMI Categories","Weight classification by Body Mass Index (BMI) (variable calculated from one or more BRFSS questions)","Obese (BMI 30.0 - 99.8)","BRFSS","%","Crude Prevalence","22.1","","","19.6","24.7","910","Overall","Overall","_BMI5CAT","11","11","","","","","",""
"2507940","2015","FL","Florida","Overweight and Obesity (BMI)","BMI Categories","Weight classification by Body Mass Index (BMI) (variable calculated from one or more BRFSS questions)","Obese (BMI 30.0 - 99.8)","BRFSS","%","Crude Prevalence","26.8","","","25.5","28.1","2323","Overall","Overall","_BMI5CAT","12","12","","","","","",""
"2512293","2015","GA","Georgia","Overweight and Obesity (BMI)","BMI Categories","Weight classification by Body Mass Index (BMI) (variable calculated from one or more BRFSS questions)","Obese (BMI 30.0 - 99.8)","BRFSS","%","Crude Prevalence","30.7","","","28.8","32.6","1345","Overall","Overall","_BMI5CAT","13","13","","","","","",""
"2517232","2015","HI","Hawaii","Overweight and Obesity (BMI)","BMI Categories","Weight classification by Body Mass Index (BMI) (variable calculated from one or more BRFSS questions)","Obese (BMI 30.0 - 99.8)","BRFSS","%","Crude Prevalence","22.7","","","21.3","24.1","1502","Overall","Overall","_BMI5CAT","14","14","","","","","",""
"2520916","2015","ID","Idaho","Overweight and Obesity (BMI)","BMI Categories","Weight classification by Body Mass Index (BMI) (variable calculated from one or more BRFSS questions)","Obese (BMI 30.0 - 99.8)","BRFSS","%","Crude Prevalence","28.6","","","26.9","30.3","1591","Overall","Overall","_BMI5CAT","15","15","","","","","",""
"2524625","2015","IL","Illinois","Overweight and Obesity (BMI)","BMI Categories","Weight classification by Body Mass Index (BMI) (variable calculated from one or more BRFSS questions)","Obese (BMI 30.0 - 99.8)","BRFSS","%","Crude Prevalence","30.8","","","29.1","32.4","1547","Overall","Overall","_BMI5CAT","16","16","","","","","",""
"2529497","2015","IN","Indiana","Overweight and Obesity (BMI)","BMI Categories","Weight classification by Body Mass Index (BMI) (variable calculated from one or more BRFSS questions)","Obese (BMI 30.0 - 99.8)","BRFSS","%","Crude Prevalence","31.3","","","29.5","33.1","1810","Overall","Overall","_BMI5CAT","17","17","","","","","",""
"2533977","2015","IA","Iowa","Overweight and Obesity (BMI)","BMI Categories","Weight classification by Body Mass Index (BMI) (variable calculated from one or more BRFSS questions)","Obese (BMI 30.0 - 99.8)","BRFSS","%","Crude Prevalence","32.1","","","30.5","33.8","1817","Overall","Overall","_BMI5CAT","18","18","","","","","",""
"2537604","2015","KS","Kansas","Overweight and Obesity (BMI)","BMI Categories","Weight classification by Body Mass Index (BMI) (variable calculated from one or more BRFSS questions)","Obese (BMI 30.0 - 99.8)","BRFSS","%","Crude Prevalence","34.2","","","33.4","35.0","7154","Overall","Overall","_BMI5CAT","19","19","","","","","",""
"2543088","2015","KY","Kentucky","Overweight and Obesity (BMI)","BMI Categories","Weight classification by Body Mass Index (BMI) (variable calculated from one or more BRFSS questions)","Obese (BMI 30.0 - 99.8)","BRFSS","%","Crude Prevalence","34.6","","","32.9","36.3","2890","Overall","Overall","_BMI5CAT","20","20","","","","","",""
"2547215","2015","LA","Louisiana","Overweight and Obesity (BMI)","BMI Categories","Weight classification by Body Mass Index (BMI) (variable calculated from one or more BRFSS questions)","Obese (BMI 30.0 - 99.8)","BRFSS","%","Crude Prevalence","36.2","","","34.3","38.1","1576","Overall","Overall","_BMI5CAT","21","21","","","","","",""
"2551070","2015","ME","Maine","Overweight and Obesity (BMI)","BMI Categories","Weight classification by Body Mass Index (BMI) (variable calculated from one or more BRFSS questions)","Obese (BMI 30.0 - 99.8)","BRFSS","%","Crude Prevalence","30.0","","","28.6","31.4","2577","Overall","Overall","_BMI5CAT","22","22","","","","","",""
"2556408","2015","MD","Maryland","Overweight and Obesity (BMI)","BMI Categories","Weight classification by Body Mass Index (BMI) (variable calculated from one or more BRFSS questions)","Obese (BMI 30.0 - 99.8)","BRFSS","%","Crude Prevalence","28.9","","","27.2","30.6","3447","Overall","Overall","_BMI5CAT","23","23","","","","","",""
"2560206","2015","MA","Massachusetts","Overweight and Obesity (BMI)","BMI Categories","Weight classification by Body Mass Index (BMI) (variable calculated from one or more BRFSS questions)","Obese (BMI 30.0 - 99.8)","BRFSS","%","Crude Prevalence","24.3","","","23.0","25.5","2090","Overall","Overall","_BMI5CAT","24","24","","","","","",""
"2564080","2015","MI","Michigan","Overweight and Obesity (BMI)","BMI Categories","Weight classification by Body Mass Index (BMI) (variable calculated from one or more BRFSS questions)","Obese (BMI 30.0 - 99.8)","BRFSS","%","Crude Prevalence","31.2","","","29.9","32.4","2599","Overall","Overall","_BMI5CAT","25","25","","","","","",""
"2568851","2015","MN","Minnesota","Overweight and Obesity (BMI)","BMI Categories","Weight classification by Body Mass Index (BMI) (variable calculated from one or more BRFSS questions)","Obese (BMI 30.0 - 99.8)","BRFSS","%","Crude Prevalence","26.1","","","25.3","27.0","4230","Overall","Overall","_BMI5CAT","26","26","","","","","",""
"2572580","2015","MS","Mississippi","Overweight and Obesity (BMI)","BMI Categories","Weight classification by Body Mass Index (BMI) (variable calculated from one or more BRFSS questions)","Obese (BMI 30.0 - 99.8)","BRFSS","%","Crude Prevalence","35.6","","","33.7","37.5","1972","Overall","Overall","_BMI5CAT","27","27","","","","","",""
"2576815","2015","MO","Missouri","Overweight and Obesity (BMI)","BMI Categories","Weight classification by Body Mass Index (BMI) (variable calculated from one or more BRFSS questions)","Obese (BMI 30.0 - 99.8)","BRFSS","%","Crude Prevalence","32.4","","","30.8","34.0","2248","Overall","Overall","_BMI5CAT","28","28","","","","","",""
"2582262","2015","MT","Montana","Overweight and Obesity (BMI)","BMI Categories","Weight classification by Body Mass Index (BMI) (variable calculated from one or more BRFSS questions)","Obese (BMI 30.0 - 99.8)","BRFSS","%","Crude Prevalence","23.6","","","22.0","25.2","1430","Overall","Overall","_BMI5CAT","29","29","","","","","",""
"2585556","2015","NE","Nebraska","Overweight and Obesity (BMI)","BMI Categories","Weight classification by Body Mass Index (BMI) (variable calculated from one or more BRFSS questions)","Obese (BMI 30.0 - 99.8)","BRFSS","%","Crude Prevalence","31.4","","","30.3","32.5","5385","Overall","Overall","_BMI5CAT","30","30","","","","","",""
"2590110","2015","NV","Nevada","Overweight and Obesity (BMI)","BMI Categories","Weight classification by Body Mass Index (BMI) (variable calculated from one or more BRFSS questions)","Obese (BMI 30.0 - 99.8)","BRFSS","%","Crude Prevalence","26.7","","","24.0","29.4","700","Overall","Overall","_BMI5CAT","31","31","","","","","",""
"2595202","2015","NH","New Hampshire","Overweight and Obesity (BMI)","BMI Categories","Weight classification by Body Mass Index (BMI) (variable calculated from one or more BRFSS questions)","Obese (BMI 30.0 - 99.8)","BRFSS","%","Crude Prevalence","26.3","","","24.8","27.8","1728","Overall","Overall","_BMI5CAT","32","32","","","","","",""
"2598815","2015","NJ","New Jersey","Overweight and Obesity (BMI)","BMI Categories","Weight classification by Body Mass Index (BMI) (variable calculated from one or more BRFSS questions)","Obese (BMI 30.0 - 99.8)","BRFSS","%","Crude Prevalence","25.6","","","24.3","26.9","2792","Overall","Overall","_BMI5CAT","33","33","","","","","",""
"2603342","2015","NM","New Mexico","Overweight and Obesity (BMI)","BMI Categories","Weight classification by Body Mass Index (BMI) (variable calculated from one or more BRFSS questions)","Obese (BMI 30.0 - 99.8)","BRFSS","%","Crude Prevalence","28.8","","","27.1","30.6","1732","Overall","Overall","_BMI5CAT","34","34","","","","","",""
"2607768","2015","NY","New York","Overweight and Obesity (BMI)","BMI Categories","Weight classification by Body Mass Index (BMI) (variable calculated from one or more BRFSS questions)","Obese (BMI 30.0 - 99.8)","BRFSS","%","Crude Prevalence","25.0","","","23.9","26.1","2940","Overall","Overall","_BMI5CAT","35","35","","","","","",""
"2612180","2015","NC","North Carolina","Overweight and Obesity (BMI)","BMI Categories","Weight classification by Body Mass Index (BMI) (variable calculated from one or more BRFSS questions)","Obese (BMI 30.0 - 99.8)","BRFSS","%","Crude Prevalence","30.1","","","28.6","31.5","1808","Overall","Overall","_BMI5CAT","36","36","","","","","",""
"2616112","2015","ND","North Dakota","Overweight and Obesity (BMI)","BMI Categories","Weight classification by Body Mass Index (BMI) (variable calculated from one or more BRFSS questions)","Obese (BMI 30.0 - 99.8)","BRFSS","%","Crude Prevalence","31.0","","","29.3","32.7","1488","Overall","Overall","_BMI5CAT","37","37","","","","","",""
"2621195","2015","OH","Ohio","Overweight and Obesity (BMI)","BMI Categories","Weight classification by Body Mass Index (BMI) (variable calculated from one or more BRFSS questions)","Obese (BMI 30.0 - 99.8)","BRFSS","%","Crude Prevalence","29.8","","","28.4","31.2","3444","Overall","Overall","_BMI5CAT","38","38","","","","","",""
"2624578","2015","OK","Oklahoma","Overweight and Obesity (BMI)","BMI Categories","Weight classification by Body Mass Index (BMI) (variable calculated from one or more BRFSS questions)","Obese (BMI 30.0 - 99.8)","BRFSS","%","Crude Prevalence","33.9","","","32.2","35.5","2155","Overall","Overall","_BMI5CAT","39","39","","","","","",""
"2628951","2015","OR","Oregon","Overweight and Obesity (BMI)","BMI Categories","Weight classification by Body Mass Index (BMI) (variable calculated from one or more BRFSS questions)","Obese (BMI 30.0 - 99.8)","BRFSS","%","Crude Prevalence","30.1","","","28.4","31.7","1412","Overall","Overall","_BMI5CAT","40","40","","","","","",""
"2633981","2015","PA","Pennsylvania","Overweight and Obesity (BMI)","BMI Categories","Weight classification by Body Mass Index (BMI) (variable calculated from one or more BRFSS questions)","Obese (BMI 30.0 - 99.8)","BRFSS","%","Crude Prevalence","30.0","","","28.4","31.6","1645","Overall","Overall","_BMI5CAT","41","41","","","","","",""
"2637924","2015","RI","Rhode Island","Overweight and Obesity (BMI)","BMI Categories","Weight classification by Body Mass Index (BMI) (variable calculated from one or more BRFSS questions)","Obese (BMI 30.0 - 99.8)","BRFSS","%","Crude Prevalence","26.0","","","24.3","27.7","1505","Overall","Overall","_BMI5CAT","42","42","","","","","",""
"2642204","2015","SC","South Carolina","Overweight and Obesity (BMI)","BMI Categories","Weight classification by Body Mass Index (BMI) (variable calculated from one or more BRFSS questions)","Obese (BMI 30.0 - 99.8)","BRFSS","%","Crude Prevalence","31.7","","","30.5","33.0","3493","Overall","Overall","_BMI5CAT","43","43","","","","","",""
"2646458","2015","SD","South Dakota","Overweight and Obesity (BMI)","BMI Categories","Weight classification by Body Mass Index (BMI) (variable calculated from one or more BRFSS questions)","Obese (BMI 30.0 - 99.8)","BRFSS","%","Crude Prevalence","30.4","","","28.5","32.3","2067","Overall","Overall","_BMI5CAT","44","44","","","","","",""
"2651091","2015","TN","Tennessee","Overweight and Obesity (BMI)","BMI Categories","Weight classification by Body Mass Index (BMI) (variable calculated from one or more BRFSS questions)","Obese (BMI 30.0 - 99.8)","BRFSS","%","Crude Prevalence","33.8","","","31.8","35.7","1810","Overall","Overall","_BMI5CAT","45","45","","","","","",""
"2655291","2015","TX","Texas","Overweight and Obesity (BMI)","BMI Categories","Weight classification by Body Mass Index (BMI) (variable calculated from one or more BRFSS questions)","Obese (BMI 30.0 - 99.8)","BRFSS","%","Crude Prevalence","32.4","","","30.9","33.9","4275","Overall","Overall","_BMI5CAT","46","46","","","","","",""
"2660141","2015","UT","Utah","Overweight and Obesity (BMI)","BMI Categories","Weight classification by Body Mass Index (BMI) (variable calculated from one or more BRFSS questions)","Obese (BMI 30.0 - 99.8)","BRFSS","%","Crude Prevalence","24.5","","","23.4","25.5","2703","Overall","Overall","_BMI5CAT","47","47","","","","","",""
"2664144","2015","VT","Vermont","Overweight and Obesity (BMI)","BMI Categories","Weight classification by Body Mass Index (BMI) (variable calculated from one or more BRFSS questions)","Obese (BMI 30.0 - 99.8)","BRFSS","%","Crude Prevalence","25.1","","","23.7","26.6","1554","Overall","Overall","_BMI5CAT","48","48","","","","","",""
"2668421","2015","VA","Virginia","Overweight and Obesity (BMI)","BMI Categories","Weight classification by Body Mass Index (BMI) (variable calculated from one or more BRFSS questions)","Obese (BMI 30.0 - 99.8)","BRFSS","%","Crude Prevalence","29.2","","","27.9","30.6","2403","Overall","Overall","_BMI5CAT","49","49","","","","","",""
"2672451","2015","WA","Washington","Overweight and Obesity (BMI)","BMI Categories","Weight classification by Body Mass Index (BMI) (variable calculated from one or more BRFSS questions)","Obese (BMI 30.0 - 99.8)","BRFSS","%","Crude Prevalence","26.4","","","25.5","27.4","4028","Overall","Overall","_BMI5CAT","50","50","","","","","",""
"2677039","2015","WV","West Virginia","Overweight and Obesity (BMI)","BMI Categories","Weight classification by Body Mass Index (BMI) (variable calculated from one or more BRFSS questions)","Obese (BMI 30.0 - 99.8)","BRFSS","%","Crude Prevalence","35.6","","","34.1","37.1","1958","Overall","Overall","_BMI5CAT","51","51","","","","","",""
"2681059","2015","WI","Wisconsin","Overweight and Obesity (BMI)","BMI Categories","Weight classification by Body Mass Index (BMI) (variable calculated from one or more BRFSS questions)","Obese (BMI 30.0 - 99.8)","BRFSS","%","Crude Prevalence","30.7","","","29.0","32.4","1831","Overall","Overall","_BMI5CAT","52","52","","","","","",""
"2686124","2015","WY","Wyoming","Overweight and Obesity (BMI)","BMI Categories","Weight classification by Body Mass Index (BMI) (variable calculated from one or more BRFSS questions)","Obese (BMI 30.0 - 99.8)","BRFSS","%","Crude Prevalence","29.0","","","27.0","31.0","1386","Overall","Overall","_BMI5CAT","53","53","","","","","",""
"2689848","2015","GU","Guam","Overweight and Obesity (BMI)","BMI Categories","Weight classification by Body Mass Index (BMI) (variable calculated from one or more BRFSS questions)","Obese (BMI 30.0 - 99.8)","BRFSS","%","Crude Prevalence","31.6","","","28.1","35.0","459","Overall","Overall","_BMI5CAT","56","56","","","","","",""
"2694231","2015","PR","Puerto Rico","Overweight and Obesity (BMI)","BMI Categories","Weight classification by Body Mass Index (BMI) (variable calculated from one or more BRFSS questions)","Obese (BMI 30.0 - 99.8)","BRFSS","%","Crude Prevalence","29.5","","","28.0","31.1","1484","Overall","Overall","_BMI5CAT","60","60","","","","","",""
"","","","","","","","","","","","","","","","","","","","","","","Datasource","","Behavioral Risk Factor Surveillance System","http://www.cdc.gov/brfss","BRFSS","CDC"
"","","","","","","","","","","","","","","","","","","","","","","MeasureDefinitions","%","Percent","","",""
"","","","","","","","","","","","","","","","","","","","","","","MeasureDefinitions","CI","95% Confidence Interval","","",""
"","","","","","","","","","","","","","","","","","","","","","","MeasureDefinitions","n","“Sample Size”. Translates to the number of adult respondents who answered this question, or were assigned to this category based on question responses for a calculated variable, or the number of states included for a median.","","",""
"","","","","","","","","","","","","","","","","","","","","","","MeasureDefinitions","N/A","Translates to no data available for a record.","","",""
"","","","","","","","","","","","","","","","","","","","","","","MeasureDefinitions","No Data","Translates to no data available for record.","","",""
"","","","","","","","","","","","","","","","","","","","","","","SuggestedCitation","","Centers for Disease Control and Prevention, National Center for Chronic Disease Prevention and Health Promotion, Division of Population Health. BRFSS Prevalence & Trends Data [online]. 2015.","https://www.cdc.gov/brfss/brfssprevalence/","",""
"","","","","","","","","","","","","","","","","","","","","","","RelatedLinks","","Prevalence Data and Data Analysis Tools","/brfss/data_tools.htm","",""
"","","","","","","","","","","","","","","","","","","","","","","RelatedLinks","","Behavioral Risk Factor Surveillance System (BRFSS)","/brfss/index.html","",""
"","","","","","","","","","","","","","","","","","","","","","","RelatedLinks","","Division of Population Health","/nccdphp/dph/index.html","",""
"","","","","","","","","","","","","","","","","","","","","","","RelatedLinks","","Survey Data & Documentation","/brfss/data_documentation/index.htm","",""
