﻿"ID","Year","LocationAbbr","LocationDesc","Class","Topic","Indicator","Response","DataSource","Data_Value_Unit","Data_Value_Type","Data_Value","Data_Value_Footnote_Symbol","Data_Value_Footnote","Low_Confidence_Limit","High_Confidence_Limit","Sample_Size","Stratification","StratificationType","IndicatorId","LocationOrder","ParentStateDisplayOrder","FootnoteType","FootNoteSymbol","FootnoteText","URL","DatasourceAbbr","Agency"
"767091","2004","AL","Alabama","Overweight and Obesity (BMI)","BMI Categories","Weight classification by Body Mass Index (BMI) (variable calculated from one or more BRFSS questions)","Obese (BMI 30.0 - 99.8)","BRFSS","%","Crude Prevalence","28.1","","","25.2","31.0","339","Male","Gender","_BMI4CAT","3","3","","","","","",""
"767092","2004","AL","Alabama","Overweight and Obesity (BMI)","BMI Categories","Weight classification by Body Mass Index (BMI) (variable calculated from one or more BRFSS questions)","Obese (BMI 30.0 - 99.8)","BRFSS","%","Crude Prevalence","29.5","","","27.3","31.7","662","Female","Gender","_BMI4CAT","3","3","","","","","",""
"769009","2004","AK","Alaska","Overweight and Obesity (BMI)","BMI Categories","Weight classification by Body Mass Index (BMI) (variable calculated from one or more BRFSS questions)","Obese (BMI 30.0 - 99.8)","BRFSS","%","Crude Prevalence","22.1","","","18.7","25.5","278","Male","Gender","_BMI4CAT","4","4","","","","","",""
"769010","2004","AK","Alaska","Overweight and Obesity (BMI)","BMI Categories","Weight classification by Body Mass Index (BMI) (variable calculated from one or more BRFSS questions)","Obese (BMI 30.0 - 99.8)","BRFSS","%","Crude Prevalence","25.5","","","22.3","28.7","355","Female","Gender","_BMI4CAT","4","4","","","","","",""
"771246","2004","AZ","Arizona","Overweight and Obesity (BMI)","BMI Categories","Weight classification by Body Mass Index (BMI) (variable calculated from one or more BRFSS questions)","Obese (BMI 30.0 - 99.8)","BRFSS","%","Crude Prevalence","22.2","","","18.4","26.0","387","Male","Gender","_BMI4CAT","5","5","","","","","",""
"771247","2004","AZ","Arizona","Overweight and Obesity (BMI)","BMI Categories","Weight classification by Body Mass Index (BMI) (variable calculated from one or more BRFSS questions)","Obese (BMI 30.0 - 99.8)","BRFSS","%","Crude Prevalence","20.1","","","17.5","22.7","605","Female","Gender","_BMI4CAT","5","5","","","","","",""
"774027","2004","AR","Arkansas","Overweight and Obesity (BMI)","BMI Categories","Weight classification by Body Mass Index (BMI) (variable calculated from one or more BRFSS questions)","Obese (BMI 30.0 - 99.8)","BRFSS","%","Crude Prevalence","27.1","","","24.5","29.7","398","Male","Gender","_BMI4CAT","6","6","","","","","",""
"774028","2004","AR","Arkansas","Overweight and Obesity (BMI)","BMI Categories","Weight classification by Body Mass Index (BMI) (variable calculated from one or more BRFSS questions)","Obese (BMI 30.0 - 99.8)","BRFSS","%","Crude Prevalence","25.1","","","23.1","27.1","617","Female","Gender","_BMI4CAT","6","6","","","","","",""
"775610","2004","CA","California","Overweight and Obesity (BMI)","BMI Categories","Weight classification by Body Mass Index (BMI) (variable calculated from one or more BRFSS questions)","Obese (BMI 30.0 - 99.8)","BRFSS","%","Crude Prevalence","22.4","","","20.0","24.8","388","Male","Gender","_BMI4CAT","7","7","","","","","",""
"775611","2004","CA","California","Overweight and Obesity (BMI)","BMI Categories","Weight classification by Body Mass Index (BMI) (variable calculated from one or more BRFSS questions)","Obese (BMI 30.0 - 99.8)","BRFSS","%","Crude Prevalence","22.1","","","20.2","24.0","546","Female","Gender","_BMI4CAT","7","7","","","","","",""
"778052","2004","CO","Colorado","Overweight and Obesity (BMI)","BMI Categories","Weight classification by Body Mass Index (BMI) (variable calculated from one or more BRFSS questions)","Obese (BMI 30.0 - 99.8)","BRFSS","%","Crude Prevalence","17.5","","","15.4","19.6","414","Male","Gender","_BMI4CAT","8","8","","","","","",""
"778053","2004","CO","Colorado","Overweight and Obesity (BMI)","BMI Categories","Weight classification by Body Mass Index (BMI) (variable calculated from one or more BRFSS questions)","Obese (BMI 30.0 - 99.8)","BRFSS","%","Crude Prevalence","15.9","","","14.2","17.6","567","Female","Gender","_BMI4CAT","8","8","","","","","",""
"779625","2004","CT","Connecticut","Overweight and Obesity (BMI)","BMI Categories","Weight classification by Body Mass Index (BMI) (variable calculated from one or more BRFSS questions)","Obese (BMI 30.0 - 99.8)","BRFSS","%","Crude Prevalence","20.8","","","18.8","22.8","479","Male","Gender","_BMI4CAT","9","9","","","","","",""
"779626","2004","CT","Connecticut","Overweight and Obesity (BMI)","BMI Categories","Weight classification by Body Mass Index (BMI) (variable calculated from one or more BRFSS questions)","Obese (BMI 30.0 - 99.8)","BRFSS","%","Crude Prevalence","18.6","","","17.1","20.1","653","Female","Gender","_BMI4CAT","9","9","","","","","",""
"782286","2004","DE","Delaware","Overweight and Obesity (BMI)","BMI Categories","Weight classification by Body Mass Index (BMI) (variable calculated from one or more BRFSS questions)","Obese (BMI 30.0 - 99.8)","BRFSS","%","Crude Prevalence","22.3","","","19.6","25.0","386","Male","Gender","_BMI4CAT","10","10","","","","","",""
"782287","2004","DE","Delaware","Overweight and Obesity (BMI)","BMI Categories","Weight classification by Body Mass Index (BMI) (variable calculated from one or more BRFSS questions)","Obese (BMI 30.0 - 99.8)","BRFSS","%","Crude Prevalence","19.9","","","17.8","22.0","535","Female","Gender","_BMI4CAT","10","10","","","","","",""
"784499","2004","DC","District of Columbia","Overweight and Obesity (BMI)","BMI Categories","Weight classification by Body Mass Index (BMI) (variable calculated from one or more BRFSS questions)","Obese (BMI 30.0 - 99.8)","BRFSS","%","Crude Prevalence","20.0","","","16.7","23.3","185","Male","Gender","_BMI4CAT","11","11","","","","","",""
"784500","2004","DC","District of Columbia","Overweight and Obesity (BMI)","BMI Categories","Weight classification by Body Mass Index (BMI) (variable calculated from one or more BRFSS questions)","Obese (BMI 30.0 - 99.8)","BRFSS","%","Crude Prevalence","24.8","","","22.2","27.4","376","Female","Gender","_BMI4CAT","11","11","","","","","",""
"786229","2004","FL","Florida","Overweight and Obesity (BMI)","BMI Categories","Weight classification by Body Mass Index (BMI) (variable calculated from one or more BRFSS questions)","Obese (BMI 30.0 - 99.8)","BRFSS","%","Crude Prevalence","23.6","","","21.3","25.9","627","Male","Gender","_BMI4CAT","12","12","","","","","",""
"786230","2004","FL","Florida","Overweight and Obesity (BMI)","BMI Categories","Weight classification by Body Mass Index (BMI) (variable calculated from one or more BRFSS questions)","Obese (BMI 30.0 - 99.8)","BRFSS","%","Crude Prevalence","22.1","","","20.3","23.9","934","Female","Gender","_BMI4CAT","12","12","","","","","",""
"789094","2004","GA","Georgia","Overweight and Obesity (BMI)","BMI Categories","Weight classification by Body Mass Index (BMI) (variable calculated from one or more BRFSS questions)","Obese (BMI 30.0 - 99.8)","BRFSS","%","Crude Prevalence","25.1","","","22.3","27.9","468","Male","Gender","_BMI4CAT","13","13","","","","","",""
"789095","2004","GA","Georgia","Overweight and Obesity (BMI)","BMI Categories","Weight classification by Body Mass Index (BMI) (variable calculated from one or more BRFSS questions)","Obese (BMI 30.0 - 99.8)","BRFSS","%","Crude Prevalence","24.4","","","22.3","26.5","808","Female","Gender","_BMI4CAT","13","13","","","","","",""
"790508","2004","ID","Idaho","Overweight and Obesity (BMI)","BMI Categories","Weight classification by Body Mass Index (BMI) (variable calculated from one or more BRFSS questions)","Obese (BMI 30.0 - 99.8)","BRFSS","%","Crude Prevalence","21.5","","","19.4","23.6","506","Male","Gender","_BMI4CAT","15","15","","","","","",""
"790509","2004","ID","Idaho","Overweight and Obesity (BMI)","BMI Categories","Weight classification by Body Mass Index (BMI) (variable calculated from one or more BRFSS questions)","Obese (BMI 30.0 - 99.8)","BRFSS","%","Crude Prevalence","20.1","","","18.4","21.8","635","Female","Gender","_BMI4CAT","15","15","","","","","",""
"792320","2004","IL","Illinois","Overweight and Obesity (BMI)","BMI Categories","Weight classification by Body Mass Index (BMI) (variable calculated from one or more BRFSS questions)","Obese (BMI 30.0 - 99.8)","BRFSS","%","Crude Prevalence","23.5","","","21.0","26.0","350","Male","Gender","_BMI4CAT","16","16","","","","","",""
"792321","2004","IL","Illinois","Overweight and Obesity (BMI)","BMI Categories","Weight classification by Body Mass Index (BMI) (variable calculated from one or more BRFSS questions)","Obese (BMI 30.0 - 99.8)","BRFSS","%","Crude Prevalence","22.5","","","20.5","24.5","543","Female","Gender","_BMI4CAT","16","16","","","","","",""
"795122","2004","IN","Indiana","Overweight and Obesity (BMI)","BMI Categories","Weight classification by Body Mass Index (BMI) (variable calculated from one or more BRFSS questions)","Obese (BMI 30.0 - 99.8)","BRFSS","%","Crude Prevalence","25.8","","","23.9","27.7","652","Male","Gender","_BMI4CAT","17","17","","","","","",""
"795123","2004","IN","Indiana","Overweight and Obesity (BMI)","BMI Categories","Weight classification by Body Mass Index (BMI) (variable calculated from one or more BRFSS questions)","Obese (BMI 30.0 - 99.8)","BRFSS","%","Crude Prevalence","25.3","","","23.7","26.9","956","Female","Gender","_BMI4CAT","17","17","","","","","",""
"797025","2004","IA","Iowa","Overweight and Obesity (BMI)","BMI Categories","Weight classification by Body Mass Index (BMI) (variable calculated from one or more BRFSS questions)","Obese (BMI 30.0 - 99.8)","BRFSS","%","Crude Prevalence","24.6","","","22.4","26.8","487","Male","Gender","_BMI4CAT","18","18","","","","","",""
"797026","2004","IA","Iowa","Overweight and Obesity (BMI)","BMI Categories","Weight classification by Body Mass Index (BMI) (variable calculated from one or more BRFSS questions)","Obese (BMI 30.0 - 99.8)","BRFSS","%","Crude Prevalence","22.5","","","20.8","24.2","696","Female","Gender","_BMI4CAT","18","18","","","","","",""
"799289","2004","KS","Kansas","Overweight and Obesity (BMI)","BMI Categories","Weight classification by Body Mass Index (BMI) (variable calculated from one or more BRFSS questions)","Obese (BMI 30.0 - 99.8)","BRFSS","%","Crude Prevalence","23.3","","","21.6","25.0","811","Male","Gender","_BMI4CAT","19","19","","","","","",""
"799290","2004","KS","Kansas","Overweight and Obesity (BMI)","BMI Categories","Weight classification by Body Mass Index (BMI) (variable calculated from one or more BRFSS questions)","Obese (BMI 30.0 - 99.8)","BRFSS","%","Crude Prevalence","23.0","","","21.6","24.4","1140","Female","Gender","_BMI4CAT","19","19","","","","","",""
"802051","2004","KY","Kentucky","Overweight and Obesity (BMI)","BMI Categories","Weight classification by Body Mass Index (BMI) (variable calculated from one or more BRFSS questions)","Obese (BMI 30.0 - 99.8)","BRFSS","%","Crude Prevalence","25.6","","","22.8","28.4","586","Male","Gender","_BMI4CAT","20","20","","","","","",""
"802052","2004","KY","Kentucky","Overweight and Obesity (BMI)","BMI Categories","Weight classification by Body Mass Index (BMI) (variable calculated from one or more BRFSS questions)","Obese (BMI 30.0 - 99.8)","BRFSS","%","Crude Prevalence","26.1","","","24.0","28.2","1112","Female","Gender","_BMI4CAT","20","20","","","","","",""
"803262","2004","LA","Louisiana","Overweight and Obesity (BMI)","BMI Categories","Weight classification by Body Mass Index (BMI) (variable calculated from one or more BRFSS questions)","Obese (BMI 30.0 - 99.8)","BRFSS","%","Crude Prevalence","26.9","","","25.0","28.8","843","Male","Gender","_BMI4CAT","21","21","","","","","",""
"803263","2004","LA","Louisiana","Overweight and Obesity (BMI)","BMI Categories","Weight classification by Body Mass Index (BMI) (variable calculated from one or more BRFSS questions)","Obese (BMI 30.0 - 99.8)","BRFSS","%","Crude Prevalence","27.0","","","25.5","28.5","1518","Female","Gender","_BMI4CAT","21","21","","","","","",""
"806194","2004","ME","Maine","Overweight and Obesity (BMI)","BMI Categories","Weight classification by Body Mass Index (BMI) (variable calculated from one or more BRFSS questions)","Obese (BMI 30.0 - 99.8)","BRFSS","%","Crude Prevalence","24.1","","","21.3","26.9","333","Male","Gender","_BMI4CAT","22","22","","","","","",""
"806195","2004","ME","Maine","Overweight and Obesity (BMI)","BMI Categories","Weight classification by Body Mass Index (BMI) (variable calculated from one or more BRFSS questions)","Obese (BMI 30.0 - 99.8)","BRFSS","%","Crude Prevalence","22.7","","","20.5","24.9","456","Female","Gender","_BMI4CAT","22","22","","","","","",""
"807632","2004","MD","Maryland","Overweight and Obesity (BMI)","BMI Categories","Weight classification by Body Mass Index (BMI) (variable calculated from one or more BRFSS questions)","Obese (BMI 30.0 - 99.8)","BRFSS","%","Crude Prevalence","23.9","","","21.2","26.6","399","Male","Gender","_BMI4CAT","23","23","","","","","",""
"807633","2004","MD","Maryland","Overweight and Obesity (BMI)","BMI Categories","Weight classification by Body Mass Index (BMI) (variable calculated from one or more BRFSS questions)","Obese (BMI 30.0 - 99.8)","BRFSS","%","Crude Prevalence","23.9","","","21.8","26.0","608","Female","Gender","_BMI4CAT","23","23","","","","","",""
"809315","2004","MA","Massachusetts","Overweight and Obesity (BMI)","BMI Categories","Weight classification by Body Mass Index (BMI) (variable calculated from one or more BRFSS questions)","Obese (BMI 30.0 - 99.8)","BRFSS","%","Crude Prevalence","19.4","","","17.6","21.2","670","Male","Gender","_BMI4CAT","24","24","","","","","",""
"809316","2004","MA","Massachusetts","Overweight and Obesity (BMI)","BMI Categories","Weight classification by Body Mass Index (BMI) (variable calculated from one or more BRFSS questions)","Obese (BMI 30.0 - 99.8)","BRFSS","%","Crude Prevalence","17.4","","","16.0","18.8","958","Female","Gender","_BMI4CAT","24","24","","","","","",""
"811335","2004","MI","Michigan","Overweight and Obesity (BMI)","BMI Categories","Weight classification by Body Mass Index (BMI) (variable calculated from one or more BRFSS questions)","Obese (BMI 30.0 - 99.8)","BRFSS","%","Crude Prevalence","24.7","","","22.4","27.0","481","Male","Gender","_BMI4CAT","25","25","","","","","",""
"811336","2004","MI","Michigan","Overweight and Obesity (BMI)","BMI Categories","Weight classification by Body Mass Index (BMI) (variable calculated from one or more BRFSS questions)","Obese (BMI 30.0 - 99.8)","BRFSS","%","Crude Prevalence","26.1","","","24.3","27.9","783","Female","Gender","_BMI4CAT","25","25","","","","","",""
"814645","2004","MN","Minnesota","Overweight and Obesity (BMI)","BMI Categories","Weight classification by Body Mass Index (BMI) (variable calculated from one or more BRFSS questions)","Obese (BMI 30.0 - 99.8)","BRFSS","%","Crude Prevalence","23.5","","","21.3","25.7","444","Male","Gender","_BMI4CAT","26","26","","","","","",""
"814646","2004","MN","Minnesota","Overweight and Obesity (BMI)","BMI Categories","Weight classification by Body Mass Index (BMI) (variable calculated from one or more BRFSS questions)","Obese (BMI 30.0 - 99.8)","BRFSS","%","Crude Prevalence","21.8","","","19.9","23.7","574","Female","Gender","_BMI4CAT","26","26","","","","","",""
"817020","2004","MS","Mississippi","Overweight and Obesity (BMI)","BMI Categories","Weight classification by Body Mass Index (BMI) (variable calculated from one or more BRFSS questions)","Obese (BMI 30.0 - 99.8)","BRFSS","%","Crude Prevalence","28.6","","","26.2","31.0","516","Male","Gender","_BMI4CAT","27","27","","","","","",""
"817021","2004","MS","Mississippi","Overweight and Obesity (BMI)","BMI Categories","Weight classification by Body Mass Index (BMI) (variable calculated from one or more BRFSS questions)","Obese (BMI 30.0 - 99.8)","BRFSS","%","Crude Prevalence","30.3","","","28.4","32.2","985","Female","Gender","_BMI4CAT","27","27","","","","","",""
"818945","2004","MO","Missouri","Overweight and Obesity (BMI)","BMI Categories","Weight classification by Body Mass Index (BMI) (variable calculated from one or more BRFSS questions)","Obese (BMI 30.0 - 99.8)","BRFSS","%","Crude Prevalence","26.0","","","23.3","28.7","522","Male","Gender","_BMI4CAT","28","28","","","","","",""
"818946","2004","MO","Missouri","Overweight and Obesity (BMI)","BMI Categories","Weight classification by Body Mass Index (BMI) (variable calculated from one or more BRFSS questions)","Obese (BMI 30.0 - 99.8)","BRFSS","%","Crude Prevalence","23.9","","","21.8","26.0","694","Female","Gender","_BMI4CAT","28","28","","","","","",""
"820969","2004","MT","Montana","Overweight and Obesity (BMI)","BMI Categories","Weight classification by Body Mass Index (BMI) (variable calculated from one or more BRFSS questions)","Obese (BMI 30.0 - 99.8)","BRFSS","%","Crude Prevalence","20.8","","","18.6","23.0","462","Male","Gender","_BMI4CAT","29","29","","","","","",""
"820970","2004","MT","Montana","Overweight and Obesity (BMI)","BMI Categories","Weight classification by Body Mass Index (BMI) (variable calculated from one or more BRFSS questions)","Obese (BMI 30.0 - 99.8)","BRFSS","%","Crude Prevalence","18.6","","","16.9","20.3","613","Female","Gender","_BMI4CAT","29","29","","","","","",""
"822486","2004","NE","Nebraska","Overweight and Obesity (BMI)","BMI Categories","Weight classification by Body Mass Index (BMI) (variable calculated from one or more BRFSS questions)","Obese (BMI 30.0 - 99.8)","BRFSS","%","Crude Prevalence","24.7","","","22.8","26.6","895","Male","Gender","_BMI4CAT","30","30","","","","","",""
"822487","2004","NE","Nebraska","Overweight and Obesity (BMI)","BMI Categories","Weight classification by Body Mass Index (BMI) (variable calculated from one or more BRFSS questions)","Obese (BMI 30.0 - 99.8)","BRFSS","%","Crude Prevalence","21.6","","","20.1","23.1","1175","Female","Gender","_BMI4CAT","30","30","","","","","",""
"824715","2004","NV","Nevada","Overweight and Obesity (BMI)","BMI Categories","Weight classification by Body Mass Index (BMI) (variable calculated from one or more BRFSS questions)","Obese (BMI 30.0 - 99.8)","BRFSS","%","Crude Prevalence","22.8","","","19.6","26.0","309","Male","Gender","_BMI4CAT","31","31","","","","","",""
"824716","2004","NV","Nevada","Overweight and Obesity (BMI)","BMI Categories","Weight classification by Body Mass Index (BMI) (variable calculated from one or more BRFSS questions)","Obese (BMI 30.0 - 99.8)","BRFSS","%","Crude Prevalence","19.1","","","15.9","22.3","259","Female","Gender","_BMI4CAT","31","31","","","","","",""
"827038","2004","NH","New Hampshire","Overweight and Obesity (BMI)","BMI Categories","Weight classification by Body Mass Index (BMI) (variable calculated from one or more BRFSS questions)","Obese (BMI 30.0 - 99.8)","BRFSS","%","Crude Prevalence","23.6","","","21.5","25.7","499","Male","Gender","_BMI4CAT","32","32","","","","","",""
"827039","2004","NH","New Hampshire","Overweight and Obesity (BMI)","BMI Categories","Weight classification by Body Mass Index (BMI) (variable calculated from one or more BRFSS questions)","Obese (BMI 30.0 - 99.8)","BRFSS","%","Crude Prevalence","19.5","","","17.8","21.2","562","Female","Gender","_BMI4CAT","32","32","","","","","",""
"829422","2004","NJ","New Jersey","Overweight and Obesity (BMI)","BMI Categories","Weight classification by Body Mass Index (BMI) (variable calculated from one or more BRFSS questions)","Obese (BMI 30.0 - 99.8)","BRFSS","%","Crude Prevalence","22.8","","","21.3","24.3","1092","Male","Gender","_BMI4CAT","33","33","","","","","",""
"829423","2004","NJ","New Jersey","Overweight and Obesity (BMI)","BMI Categories","Weight classification by Body Mass Index (BMI) (variable calculated from one or more BRFSS questions)","Obese (BMI 30.0 - 99.8)","BRFSS","%","Crude Prevalence","21.0","","","19.8","22.2","1404","Female","Gender","_BMI4CAT","33","33","","","","","",""
"831768","2004","NM","New Mexico","Overweight and Obesity (BMI)","BMI Categories","Weight classification by Body Mass Index (BMI) (variable calculated from one or more BRFSS questions)","Obese (BMI 30.0 - 99.8)","BRFSS","%","Crude Prevalence","20.8","","","18.8","22.8","498","Male","Gender","_BMI4CAT","34","34","","","","","",""
"831769","2004","NM","New Mexico","Overweight and Obesity (BMI)","BMI Categories","Weight classification by Body Mass Index (BMI) (variable calculated from one or more BRFSS questions)","Obese (BMI 30.0 - 99.8)","BRFSS","%","Crude Prevalence","22.1","","","20.5","23.7","824","Female","Gender","_BMI4CAT","34","34","","","","","",""
"833603","2004","NY","New York","Overweight and Obesity (BMI)","BMI Categories","Weight classification by Body Mass Index (BMI) (variable calculated from one or more BRFSS questions)","Obese (BMI 30.0 - 99.8)","BRFSS","%","Crude Prevalence","22.5","","","20.3","24.7","490","Male","Gender","_BMI4CAT","35","35","","","","","",""
"833604","2004","NY","New York","Overweight and Obesity (BMI)","BMI Categories","Weight classification by Body Mass Index (BMI) (variable calculated from one or more BRFSS questions)","Obese (BMI 30.0 - 99.8)","BRFSS","%","Crude Prevalence","21.6","","","19.9","23.3","743","Female","Gender","_BMI4CAT","35","35","","","","","",""
"835984","2004","NC","North Carolina","Overweight and Obesity (BMI)","BMI Categories","Weight classification by Body Mass Index (BMI) (variable calculated from one or more BRFSS questions)","Obese (BMI 30.0 - 99.8)","BRFSS","%","Crude Prevalence","24.0","","","22.6","25.4","1387","Male","Gender","_BMI4CAT","36","36","","","","","",""
"835985","2004","NC","North Carolina","Overweight and Obesity (BMI)","BMI Categories","Weight classification by Body Mass Index (BMI) (variable calculated from one or more BRFSS questions)","Obese (BMI 30.0 - 99.8)","BRFSS","%","Crude Prevalence","24.4","","","23.3","25.5","2296","Female","Gender","_BMI4CAT","36","36","","","","","",""
"837497","2004","ND","North Dakota","Overweight and Obesity (BMI)","BMI Categories","Weight classification by Body Mass Index (BMI) (variable calculated from one or more BRFSS questions)","Obese (BMI 30.0 - 99.8)","BRFSS","%","Crude Prevalence","26.6","","","23.9","29.3","357","Male","Gender","_BMI4CAT","37","37","","","","","",""
"837498","2004","ND","North Dakota","Overweight and Obesity (BMI)","BMI Categories","Weight classification by Body Mass Index (BMI) (variable calculated from one or more BRFSS questions)","Obese (BMI 30.0 - 99.8)","BRFSS","%","Crude Prevalence","22.5","","","20.2","24.8","377","Female","Gender","_BMI4CAT","37","37","","","","","",""
"839388","2004","OH","Ohio","Overweight and Obesity (BMI)","BMI Categories","Weight classification by Body Mass Index (BMI) (variable calculated from one or more BRFSS questions)","Obese (BMI 30.0 - 99.8)","BRFSS","%","Crude Prevalence","28.3","","","25.0","31.6","703","Male","Gender","_BMI4CAT","38","38","","","","","",""
"839389","2004","OH","Ohio","Overweight and Obesity (BMI)","BMI Categories","Weight classification by Body Mass Index (BMI) (variable calculated from one or more BRFSS questions)","Obese (BMI 30.0 - 99.8)","BRFSS","%","Crude Prevalence","22.3","","","19.8","24.8","1272","Female","Gender","_BMI4CAT","38","38","","","","","",""
"841870","2004","OK","Oklahoma","Overweight and Obesity (BMI)","BMI Categories","Weight classification by Body Mass Index (BMI) (variable calculated from one or more BRFSS questions)","Obese (BMI 30.0 - 99.8)","BRFSS","%","Crude Prevalence","25.2","","","23.2","27.2","660","Male","Gender","_BMI4CAT","39","39","","","","","",""
"841871","2004","OK","Oklahoma","Overweight and Obesity (BMI)","BMI Categories","Weight classification by Body Mass Index (BMI) (variable calculated from one or more BRFSS questions)","Obese (BMI 30.0 - 99.8)","BRFSS","%","Crude Prevalence","24.5","","","22.9","26.1","982","Female","Gender","_BMI4CAT","39","39","","","","","",""
"844242","2004","OR","Oregon","Overweight and Obesity (BMI)","BMI Categories","Weight classification by Body Mass Index (BMI) (variable calculated from one or more BRFSS questions)","Obese (BMI 30.0 - 99.8)","BRFSS","%","Crude Prevalence","22.3","","","20.2","24.4","442","Male","Gender","_BMI4CAT","40","40","","","","","",""
"844243","2004","OR","Oregon","Overweight and Obesity (BMI)","BMI Categories","Weight classification by Body Mass Index (BMI) (variable calculated from one or more BRFSS questions)","Obese (BMI 30.0 - 99.8)","BRFSS","%","Crude Prevalence","20.2","","","18.6","21.8","611","Female","Gender","_BMI4CAT","40","40","","","","","",""
"846567","2004","PA","Pennsylvania","Overweight and Obesity (BMI)","BMI Categories","Weight classification by Body Mass Index (BMI) (variable calculated from one or more BRFSS questions)","Obese (BMI 30.0 - 99.8)","BRFSS","%","Crude Prevalence","24.2","","","22.2","26.2","558","Male","Gender","_BMI4CAT","41","41","","","","","",""
"846568","2004","PA","Pennsylvania","Overweight and Obesity (BMI)","BMI Categories","Weight classification by Body Mass Index (BMI) (variable calculated from one or more BRFSS questions)","Obese (BMI 30.0 - 99.8)","BRFSS","%","Crude Prevalence","24.3","","","22.6","26.0","862","Female","Gender","_BMI4CAT","41","41","","","","","",""
"850556","2004","RI","Rhode Island","Overweight and Obesity (BMI)","BMI Categories","Weight classification by Body Mass Index (BMI) (variable calculated from one or more BRFSS questions)","Obese (BMI 30.0 - 99.8)","BRFSS","%","Crude Prevalence","19.2","","","16.9","21.5","301","Male","Gender","_BMI4CAT","42","42","","","","","",""
"850557","2004","RI","Rhode Island","Overweight and Obesity (BMI)","BMI Categories","Weight classification by Body Mass Index (BMI) (variable calculated from one or more BRFSS questions)","Obese (BMI 30.0 - 99.8)","BRFSS","%","Crude Prevalence","18.8","","","16.9","20.7","461","Female","Gender","_BMI4CAT","42","42","","","","","",""
"852185","2004","SC","South Carolina","Overweight and Obesity (BMI)","BMI Categories","Weight classification by Body Mass Index (BMI) (variable calculated from one or more BRFSS questions)","Obese (BMI 30.0 - 99.8)","BRFSS","%","Crude Prevalence","24.4","","","22.4","26.4","652","Male","Gender","_BMI4CAT","43","43","","","","","",""
"852186","2004","SC","South Carolina","Overweight and Obesity (BMI)","BMI Categories","Weight classification by Body Mass Index (BMI) (variable calculated from one or more BRFSS questions)","Obese (BMI 30.0 - 99.8)","BRFSS","%","Crude Prevalence","25.7","","","24.1","27.3","1046","Female","Gender","_BMI4CAT","43","43","","","","","",""
"854630","2004","SD","South Dakota","Overweight and Obesity (BMI)","BMI Categories","Weight classification by Body Mass Index (BMI) (variable calculated from one or more BRFSS questions)","Obese (BMI 30.0 - 99.8)","BRFSS","%","Crude Prevalence","24.9","","","22.9","26.9","667","Male","Gender","_BMI4CAT","44","44","","","","","",""
"854631","2004","SD","South Dakota","Overweight and Obesity (BMI)","BMI Categories","Weight classification by Body Mass Index (BMI) (variable calculated from one or more BRFSS questions)","Obese (BMI 30.0 - 99.8)","BRFSS","%","Crude Prevalence","22.6","","","20.9","24.3","872","Female","Gender","_BMI4CAT","44","44","","","","","",""
"856883","2004","TN","Tennessee","Overweight and Obesity (BMI)","BMI Categories","Weight classification by Body Mass Index (BMI) (variable calculated from one or more BRFSS questions)","Obese (BMI 30.0 - 99.8)","BRFSS","%","Crude Prevalence","26.9","","","23.8","30.0","348","Male","Gender","_BMI4CAT","45","45","","","","","",""
"856884","2004","TN","Tennessee","Overweight and Obesity (BMI)","BMI Categories","Weight classification by Body Mass Index (BMI) (variable calculated from one or more BRFSS questions)","Obese (BMI 30.0 - 99.8)","BRFSS","%","Crude Prevalence","27.5","","","25.1","29.9","585","Female","Gender","_BMI4CAT","45","45","","","","","",""
"859004","2004","TX","Texas","Overweight and Obesity (BMI)","BMI Categories","Weight classification by Body Mass Index (BMI) (variable calculated from one or more BRFSS questions)","Obese (BMI 30.0 - 99.8)","BRFSS","%","Crude Prevalence","26.5","","","24.3","28.7","618","Male","Gender","_BMI4CAT","46","46","","","","","",""
"859005","2004","TX","Texas","Overweight and Obesity (BMI)","BMI Categories","Weight classification by Body Mass Index (BMI) (variable calculated from one or more BRFSS questions)","Obese (BMI 30.0 - 99.8)","BRFSS","%","Crude Prevalence","25.1","","","23.4","26.8","959","Female","Gender","_BMI4CAT","46","46","","","","","",""
"861138","2004","UT","Utah","Overweight and Obesity (BMI)","BMI Categories","Weight classification by Body Mass Index (BMI) (variable calculated from one or more BRFSS questions)","Obese (BMI 30.0 - 99.8)","BRFSS","%","Crude Prevalence","21.3","","","19.3","23.3","508","Male","Gender","_BMI4CAT","47","47","","","","","",""
"861139","2004","UT","Utah","Overweight and Obesity (BMI)","BMI Categories","Weight classification by Body Mass Index (BMI) (variable calculated from one or more BRFSS questions)","Obese (BMI 30.0 - 99.8)","BRFSS","%","Crude Prevalence","19.3","","","17.3","21.3","549","Female","Gender","_BMI4CAT","47","47","","","","","",""
"863455","2004","VT","Vermont","Overweight and Obesity (BMI)","BMI Categories","Weight classification by Body Mass Index (BMI) (variable calculated from one or more BRFSS questions)","Obese (BMI 30.0 - 99.8)","BRFSS","%","Crude Prevalence","19.1","","","17.4","20.8","545","Male","Gender","_BMI4CAT","48","48","","","","","",""
"863456","2004","VT","Vermont","Overweight and Obesity (BMI)","BMI Categories","Weight classification by Body Mass Index (BMI) (variable calculated from one or more BRFSS questions)","Obese (BMI 30.0 - 99.8)","BRFSS","%","Crude Prevalence","18.2","","","16.9","19.5","742","Female","Gender","_BMI4CAT","48","48","","","","","",""
"868002","2004","VA","Virginia","Overweight and Obesity (BMI)","BMI Categories","Weight classification by Body Mass Index (BMI) (variable calculated from one or more BRFSS questions)","Obese (BMI 30.0 - 99.8)","BRFSS","%","Crude Prevalence","23.0","","","20.6","25.4","535","Male","Gender","_BMI4CAT","49","49","","","","","",""
"868003","2004","VA","Virginia","Overweight and Obesity (BMI)","BMI Categories","Weight classification by Body Mass Index (BMI) (variable calculated from one or more BRFSS questions)","Obese (BMI 30.0 - 99.8)","BRFSS","%","Crude Prevalence","23.2","","","21.1","25.3","772","Female","Gender","_BMI4CAT","49","49","","","","","",""
"869269","2004","WA","Washington","Overweight and Obesity (BMI)","BMI Categories","Weight classification by Body Mass Index (BMI) (variable calculated from one or more BRFSS questions)","Obese (BMI 30.0 - 99.8)","BRFSS","%","Crude Prevalence","22.6","","","21.4","23.8","1696","Male","Gender","_BMI4CAT","50","50","","","","","",""
"869270","2004","WA","Washington","Overweight and Obesity (BMI)","BMI Categories","Weight classification by Body Mass Index (BMI) (variable calculated from one or more BRFSS questions)","Obese (BMI 30.0 - 99.8)","BRFSS","%","Crude Prevalence","21.7","","","20.7","22.7","2497","Female","Gender","_BMI4CAT","50","50","","","","","",""
"871305","2004","WV","West Virginia","Overweight and Obesity (BMI)","BMI Categories","Weight classification by Body Mass Index (BMI) (variable calculated from one or more BRFSS questions)","Obese (BMI 30.0 - 99.8)","BRFSS","%","Crude Prevalence","28.5","","","25.8","31.2","384","Male","Gender","_BMI4CAT","51","51","","","","","",""
"871306","2004","WV","West Virginia","Overweight and Obesity (BMI)","BMI Categories","Weight classification by Body Mass Index (BMI) (variable calculated from one or more BRFSS questions)","Obese (BMI 30.0 - 99.8)","BRFSS","%","Crude Prevalence","26.7","","","24.5","28.9","559","Female","Gender","_BMI4CAT","51","51","","","","","",""
"873788","2004","WI","Wisconsin","Overweight and Obesity (BMI)","BMI Categories","Weight classification by Body Mass Index (BMI) (variable calculated from one or more BRFSS questions)","Obese (BMI 30.0 - 99.8)","BRFSS","%","Crude Prevalence","25.5","","","23.1","27.9","487","Male","Gender","_BMI4CAT","52","52","","","","","",""
"873789","2004","WI","Wisconsin","Overweight and Obesity (BMI)","BMI Categories","Weight classification by Body Mass Index (BMI) (variable calculated from one or more BRFSS questions)","Obese (BMI 30.0 - 99.8)","BRFSS","%","Crude Prevalence","20.9","","","19.0","22.8","610","Female","Gender","_BMI4CAT","52","52","","","","","",""
"875967","2004","WY","Wyoming","Overweight and Obesity (BMI)","BMI Categories","Weight classification by Body Mass Index (BMI) (variable calculated from one or more BRFSS questions)","Obese (BMI 30.0 - 99.8)","BRFSS","%","Crude Prevalence","21.8","","","19.6","24.0","384","Male","Gender","_BMI4CAT","53","53","","","","","",""
"875968","2004","WY","Wyoming","Overweight and Obesity (BMI)","BMI Categories","Weight classification by Body Mass Index (BMI) (variable calculated from one or more BRFSS questions)","Obese (BMI 30.0 - 99.8)","BRFSS","%","Crude Prevalence","19.7","","","17.8","21.6","463","Female","Gender","_BMI4CAT","53","53","","","","","",""
"848554","2004","PR","Puerto Rico","Overweight and Obesity (BMI)","BMI Categories","Weight classification by Body Mass Index (BMI) (variable calculated from one or more BRFSS questions)","Obese (BMI 30.0 - 99.8)","BRFSS","%","Crude Prevalence","24.7","","","21.9","27.5","337","Male","Gender","_BMI4CAT","60","60","","","","","",""
"848555","2004","PR","Puerto Rico","Overweight and Obesity (BMI)","BMI Categories","Weight classification by Body Mass Index (BMI) (variable calculated from one or more BRFSS questions)","Obese (BMI 30.0 - 99.8)","BRFSS","%","Crude Prevalence","24.0","","","21.9","26.1","608","Female","Gender","_BMI4CAT","60","60","","","","","",""
"865487","2004","VI","Virgin Islands","Overweight and Obesity (BMI)","BMI Categories","Weight classification by Body Mass Index (BMI) (variable calculated from one or more BRFSS questions)","Obese (BMI 30.0 - 99.8)","BRFSS","%","Crude Prevalence","17.8","","","15.0","20.6","183","Male","Gender","_BMI4CAT","62","62","","","","","",""
"865488","2004","VI","Virgin Islands","Overweight and Obesity (BMI)","BMI Categories","Weight classification by Body Mass Index (BMI) (variable calculated from one or more BRFSS questions)","Obese (BMI 30.0 - 99.8)","BRFSS","%","Crude Prevalence","28.1","","","25.6","30.6","487","Female","Gender","_BMI4CAT","62","62","","","","","",""
"","","","","","","","","","","","","","","","","","","","","","","Datasource","","Behavioral Risk Factor Surveillance System","http://www.cdc.gov/brfss","BRFSS","CDC"
"","","","","","","","","","","","","","","","","","","","","","","MeasureDefinitions","%","Percent","","",""
"","","","","","","","","","","","","","","","","","","","","","","MeasureDefinitions","CI","95% Confidence Interval","","",""
"","","","","","","","","","","","","","","","","","","","","","","MeasureDefinitions","n","“Sample Size”. Translates to the number of adult respondents who answered this question, or were assigned to this category based on question responses for a calculated variable, or the number of states included for a median.","","",""
"","","","","","","","","","","","","","","","","","","","","","","MeasureDefinitions","N/A","Translates to no data available for a record.","","",""
"","","","","","","","","","","","","","","","","","","","","","","MeasureDefinitions","No Data","Translates to no data available for record.","","",""
"","","","","","","","","","","","","","","","","","","","","","","SuggestedCitation","","Centers for Disease Control and Prevention, National Center for Chronic Disease Prevention and Health Promotion, Division of Population Health. BRFSS Prevalence & Trends Data [online]. 2015.","https://www.cdc.gov/brfss/brfssprevalence/","",""
"","","","","","","","","","","","","","","","","","","","","","","RelatedLinks","","Prevalence Data and Data Analysis Tools","/brfss/data_tools.htm","",""
"","","","","","","","","","","","","","","","","","","","","","","RelatedLinks","","Behavioral Risk Factor Surveillance System (BRFSS)","/brfss/index.html","",""
"","","","","","","","","","","","","","","","","","","","","","","RelatedLinks","","Division of Population Health","/nccdphp/dph/index.html","",""
"","","","","","","","","","","","","","","","","","","","","","","RelatedLinks","","Survey Data & Documentation","/brfss/data_documentation/index.htm","",""
