﻿"ID","Year","LocationAbbr","LocationDesc","Class","Topic","Indicator","Response","DataSource","Data_Value_Unit","Data_Value_Type","Data_Value","Data_Value_Footnote_Symbol","Data_Value_Footnote","Low_Confidence_Limit","High_Confidence_Limit","Sample_Size","Stratification","StratificationType","IndicatorId","LocationOrder","ParentStateDisplayOrder","FootnoteType","FootNoteSymbol","FootnoteText","URL","DatasourceAbbr","Agency"
"519933","2006","AL","Alabama","Overweight and Obesity (BMI)","BMI Categories","Weight classification by Body Mass Index (BMI) (variable calculated from one or more BRFSS questions)","Obese (BMI 30.0 - 99.8)","BRFSS","%","Crude Prevalence","31.3","","","27.6","35.0","352","Male","Gender","_BMI4CAT","3","3","","","","","",""
"519934","2006","AL","Alabama","Overweight and Obesity (BMI)","BMI Categories","Weight classification by Body Mass Index (BMI) (variable calculated from one or more BRFSS questions)","Obese (BMI 30.0 - 99.8)","BRFSS","%","Crude Prevalence","29.6","","","27.2","32.0","642","Female","Gender","_BMI4CAT","3","3","","","","","",""
"521657","2006","AK","Alaska","Overweight and Obesity (BMI)","BMI Categories","Weight classification by Body Mass Index (BMI) (variable calculated from one or more BRFSS questions)","Obese (BMI 30.0 - 99.8)","BRFSS","%","Crude Prevalence","25.9","","","22.0","29.8","258","Male","Gender","_BMI4CAT","4","4","","","","","",""
"521658","2006","AK","Alaska","Overweight and Obesity (BMI)","BMI Categories","Weight classification by Body Mass Index (BMI) (variable calculated from one or more BRFSS questions)","Obese (BMI 30.0 - 99.8)","BRFSS","%","Crude Prevalence","26.5","","","23.0","30.0","320","Female","Gender","_BMI4CAT","4","4","","","","","",""
"524818","2006","AZ","Arizona","Overweight and Obesity (BMI)","BMI Categories","Weight classification by Body Mass Index (BMI) (variable calculated from one or more BRFSS questions)","Obese (BMI 30.0 - 99.8)","BRFSS","%","Crude Prevalence","23.8","","","19.9","27.7","420","Male","Gender","_BMI4CAT","5","5","","","","","",""
"524819","2006","AZ","Arizona","Overweight and Obesity (BMI)","BMI Categories","Weight classification by Body Mass Index (BMI) (variable calculated from one or more BRFSS questions)","Obese (BMI 30.0 - 99.8)","BRFSS","%","Crude Prevalence","22.0","","","19.0","25.0","659","Female","Gender","_BMI4CAT","5","5","","","","","",""
"526998","2006","AR","Arkansas","Overweight and Obesity (BMI)","BMI Categories","Weight classification by Body Mass Index (BMI) (variable calculated from one or more BRFSS questions)","Obese (BMI 30.0 - 99.8)","BRFSS","%","Crude Prevalence","27.0","","","24.7","29.3","564","Male","Gender","_BMI4CAT","6","6","","","","","",""
"526999","2006","AR","Arkansas","Overweight and Obesity (BMI)","BMI Categories","Weight classification by Body Mass Index (BMI) (variable calculated from one or more BRFSS questions)","Obese (BMI 30.0 - 99.8)","BRFSS","%","Crude Prevalence","26.9","","","25.0","28.8","887","Female","Gender","_BMI4CAT","6","6","","","","","",""
"528625","2006","CA","California","Overweight and Obesity (BMI)","BMI Categories","Weight classification by Body Mass Index (BMI) (variable calculated from one or more BRFSS questions)","Obese (BMI 30.0 - 99.8)","BRFSS","%","Crude Prevalence","23.8","","","21.5","26.1","537","Male","Gender","_BMI4CAT","7","7","","","","","",""
"528626","2006","CA","California","Overweight and Obesity (BMI)","BMI Categories","Weight classification by Body Mass Index (BMI) (variable calculated from one or more BRFSS questions)","Obese (BMI 30.0 - 99.8)","BRFSS","%","Crude Prevalence","22.7","","","20.9","24.5","744","Female","Gender","_BMI4CAT","7","7","","","","","",""
"531625","2006","CO","Colorado","Overweight and Obesity (BMI)","BMI Categories","Weight classification by Body Mass Index (BMI) (variable calculated from one or more BRFSS questions)","Obese (BMI 30.0 - 99.8)","BRFSS","%","Crude Prevalence","19.0","","","17.1","20.9","487","Male","Gender","_BMI4CAT","8","8","","","","","",""
"531626","2006","CO","Colorado","Overweight and Obesity (BMI)","BMI Categories","Weight classification by Body Mass Index (BMI) (variable calculated from one or more BRFSS questions)","Obese (BMI 30.0 - 99.8)","BRFSS","%","Crude Prevalence","17.4","","","15.9","18.9","610","Female","Gender","_BMI4CAT","8","8","","","","","",""
"533273","2006","CT","Connecticut","Overweight and Obesity (BMI)","BMI Categories","Weight classification by Body Mass Index (BMI) (variable calculated from one or more BRFSS questions)","Obese (BMI 30.0 - 99.8)","BRFSS","%","Crude Prevalence","21.7","","","19.8","23.6","696","Male","Gender","_BMI4CAT","9","9","","","","","",""
"533274","2006","CT","Connecticut","Overweight and Obesity (BMI)","BMI Categories","Weight classification by Body Mass Index (BMI) (variable calculated from one or more BRFSS questions)","Obese (BMI 30.0 - 99.8)","BRFSS","%","Crude Prevalence","19.5","","","18.1","20.9","1031","Female","Gender","_BMI4CAT","9","9","","","","","",""
"535356","2006","DE","Delaware","Overweight and Obesity (BMI)","BMI Categories","Weight classification by Body Mass Index (BMI) (variable calculated from one or more BRFSS questions)","Obese (BMI 30.0 - 99.8)","BRFSS","%","Crude Prevalence","27.2","","","24.1","30.3","434","Male","Gender","_BMI4CAT","10","10","","","","","",""
"535357","2006","DE","Delaware","Overweight and Obesity (BMI)","BMI Categories","Weight classification by Body Mass Index (BMI) (variable calculated from one or more BRFSS questions)","Obese (BMI 30.0 - 99.8)","BRFSS","%","Crude Prevalence","24.8","","","22.1","27.5","637","Female","Gender","_BMI4CAT","10","10","","","","","",""
"537799","2006","DC","District of Columbia","Overweight and Obesity (BMI)","BMI Categories","Weight classification by Body Mass Index (BMI) (variable calculated from one or more BRFSS questions)","Obese (BMI 30.0 - 99.8)","BRFSS","%","Crude Prevalence","20.1","","","17.4","22.8","285","Male","Gender","_BMI4CAT","11","11","","","","","",""
"537800","2006","DC","District of Columbia","Overweight and Obesity (BMI)","BMI Categories","Weight classification by Body Mass Index (BMI) (variable calculated from one or more BRFSS questions)","Obese (BMI 30.0 - 99.8)","BRFSS","%","Crude Prevalence","24.7","","","22.5","26.9","554","Female","Gender","_BMI4CAT","11","11","","","","","",""
"540598","2006","FL","Florida","Overweight and Obesity (BMI)","BMI Categories","Weight classification by Body Mass Index (BMI) (variable calculated from one or more BRFSS questions)","Obese (BMI 30.0 - 99.8)","BRFSS","%","Crude Prevalence","24.4","","","22.5","26.3","1029","Male","Gender","_BMI4CAT","12","12","","","","","",""
"540599","2006","FL","Florida","Overweight and Obesity (BMI)","BMI Categories","Weight classification by Body Mass Index (BMI) (variable calculated from one or more BRFSS questions)","Obese (BMI 30.0 - 99.8)","BRFSS","%","Crude Prevalence","21.8","","","20.3","23.3","1434","Female","Gender","_BMI4CAT","12","12","","","","","",""
"542471","2006","GA","Georgia","Overweight and Obesity (BMI)","BMI Categories","Weight classification by Body Mass Index (BMI) (variable calculated from one or more BRFSS questions)","Obese (BMI 30.0 - 99.8)","BRFSS","%","Crude Prevalence","29.4","","","26.9","31.9","768","Male","Gender","_BMI4CAT","13","13","","","","","",""
"542472","2006","GA","Georgia","Overweight and Obesity (BMI)","BMI Categories","Weight classification by Body Mass Index (BMI) (variable calculated from one or more BRFSS questions)","Obese (BMI 30.0 - 99.8)","BRFSS","%","Crude Prevalence","24.8","","","23.1","26.5","1156","Female","Gender","_BMI4CAT","13","13","","","","","",""
"544926","2006","HI","Hawaii","Overweight and Obesity (BMI)","BMI Categories","Weight classification by Body Mass Index (BMI) (variable calculated from one or more BRFSS questions)","Obese (BMI 30.0 - 99.8)","BRFSS","%","Crude Prevalence","22.0","","","19.8","24.2","580","Male","Gender","_BMI4CAT","14","14","","","","","",""
"544927","2006","HI","Hawaii","Overweight and Obesity (BMI)","BMI Categories","Weight classification by Body Mass Index (BMI) (variable calculated from one or more BRFSS questions)","Obese (BMI 30.0 - 99.8)","BRFSS","%","Crude Prevalence","19.2","","","17.4","21.0","683","Female","Gender","_BMI4CAT","14","14","","","","","",""
"546824","2006","ID","Idaho","Overweight and Obesity (BMI)","BMI Categories","Weight classification by Body Mass Index (BMI) (variable calculated from one or more BRFSS questions)","Obese (BMI 30.0 - 99.8)","BRFSS","%","Crude Prevalence","23.9","","","21.7","26.1","553","Male","Gender","_BMI4CAT","15","15","","","","","",""
"546825","2006","ID","Idaho","Overweight and Obesity (BMI)","BMI Categories","Weight classification by Body Mass Index (BMI) (variable calculated from one or more BRFSS questions)","Obese (BMI 30.0 - 99.8)","BRFSS","%","Crude Prevalence","24.4","","","22.5","26.3","776","Female","Gender","_BMI4CAT","15","15","","","","","",""
"549842","2006","IL","Illinois","Overweight and Obesity (BMI)","BMI Categories","Weight classification by Body Mass Index (BMI) (variable calculated from one or more BRFSS questions)","Obese (BMI 30.0 - 99.8)","BRFSS","%","Crude Prevalence","25.0","","","22.6","27.4","493","Male","Gender","_BMI4CAT","16","16","","","","","",""
"549843","2006","IL","Illinois","Overweight and Obesity (BMI)","BMI Categories","Weight classification by Body Mass Index (BMI) (variable calculated from one or more BRFSS questions)","Obese (BMI 30.0 - 99.8)","BRFSS","%","Crude Prevalence","25.2","","","23.3","27.1","796","Female","Gender","_BMI4CAT","16","16","","","","","",""
"551612","2006","IN","Indiana","Overweight and Obesity (BMI)","BMI Categories","Weight classification by Body Mass Index (BMI) (variable calculated from one or more BRFSS questions)","Obese (BMI 30.0 - 99.8)","BRFSS","%","Crude Prevalence","27.4","","","25.3","29.5","696","Male","Gender","_BMI4CAT","17","17","","","","","",""
"551613","2006","IN","Indiana","Overweight and Obesity (BMI)","BMI Categories","Weight classification by Body Mass Index (BMI) (variable calculated from one or more BRFSS questions)","Obese (BMI 30.0 - 99.8)","BRFSS","%","Crude Prevalence","28.1","","","26.4","29.8","1161","Female","Gender","_BMI4CAT","17","17","","","","","",""
"554038","2006","IA","Iowa","Overweight and Obesity (BMI)","BMI Categories","Weight classification by Body Mass Index (BMI) (variable calculated from one or more BRFSS questions)","Obese (BMI 30.0 - 99.8)","BRFSS","%","Crude Prevalence","26.9","","","24.6","29.2","611","Male","Gender","_BMI4CAT","18","18","","","","","",""
"554039","2006","IA","Iowa","Overweight and Obesity (BMI)","BMI Categories","Weight classification by Body Mass Index (BMI) (variable calculated from one or more BRFSS questions)","Obese (BMI 30.0 - 99.8)","BRFSS","%","Crude Prevalence","24.5","","","22.7","26.3","766","Female","Gender","_BMI4CAT","18","18","","","","","",""
"556494","2006","KS","Kansas","Overweight and Obesity (BMI)","BMI Categories","Weight classification by Body Mass Index (BMI) (variable calculated from one or more BRFSS questions)","Obese (BMI 30.0 - 99.8)","BRFSS","%","Crude Prevalence","26.1","","","24.3","27.9","870","Male","Gender","_BMI4CAT","19","19","","","","","",""
"556495","2006","KS","Kansas","Overweight and Obesity (BMI)","BMI Categories","Weight classification by Body Mass Index (BMI) (variable calculated from one or more BRFSS questions)","Obese (BMI 30.0 - 99.8)","BRFSS","%","Crude Prevalence","25.6","","","24.1","27.1","1271","Female","Gender","_BMI4CAT","19","19","","","","","",""
"558973","2006","KY","Kentucky","Overweight and Obesity (BMI)","BMI Categories","Weight classification by Body Mass Index (BMI) (variable calculated from one or more BRFSS questions)","Obese (BMI 30.0 - 99.8)","BRFSS","%","Crude Prevalence","28.2","","","25.3","31.1","622","Male","Gender","_BMI4CAT","20","20","","","","","",""
"558974","2006","KY","Kentucky","Overweight and Obesity (BMI)","BMI Categories","Weight classification by Body Mass Index (BMI) (variable calculated from one or more BRFSS questions)","Obese (BMI 30.0 - 99.8)","BRFSS","%","Crude Prevalence","27.9","","","25.8","30.0","1145","Female","Gender","_BMI4CAT","20","20","","","","","",""
"560612","2006","LA","Louisiana","Overweight and Obesity (BMI)","BMI Categories","Weight classification by Body Mass Index (BMI) (variable calculated from one or more BRFSS questions)","Obese (BMI 30.0 - 99.8)","BRFSS","%","Crude Prevalence","27.7","","","25.5","29.9","672","Male","Gender","_BMI4CAT","21","21","","","","","",""
"560613","2006","LA","Louisiana","Overweight and Obesity (BMI)","BMI Categories","Weight classification by Body Mass Index (BMI) (variable calculated from one or more BRFSS questions)","Obese (BMI 30.0 - 99.8)","BRFSS","%","Crude Prevalence","26.6","","","25.0","28.2","1175","Female","Gender","_BMI4CAT","21","21","","","","","",""
"563141","2006","ME","Maine","Overweight and Obesity (BMI)","BMI Categories","Weight classification by Body Mass Index (BMI) (variable calculated from one or more BRFSS questions)","Obese (BMI 30.0 - 99.8)","BRFSS","%","Crude Prevalence","24.4","","","21.9","26.9","378","Male","Gender","_BMI4CAT","22","22","","","","","",""
"563142","2006","ME","Maine","Overweight and Obesity (BMI)","BMI Categories","Weight classification by Body Mass Index (BMI) (variable calculated from one or more BRFSS questions)","Obese (BMI 30.0 - 99.8)","BRFSS","%","Crude Prevalence","21.8","","","19.8","23.8","539","Female","Gender","_BMI4CAT","22","22","","","","","",""
"565233","2006","MD","Maryland","Overweight and Obesity (BMI)","BMI Categories","Weight classification by Body Mass Index (BMI) (variable calculated from one or more BRFSS questions)","Obese (BMI 30.0 - 99.8)","BRFSS","%","Crude Prevalence","25.4","","","23.3","27.5","851","Male","Gender","_BMI4CAT","23","23","","","","","",""
"565234","2006","MD","Maryland","Overweight and Obesity (BMI)","BMI Categories","Weight classification by Body Mass Index (BMI) (variable calculated from one or more BRFSS questions)","Obese (BMI 30.0 - 99.8)","BRFSS","%","Crude Prevalence","24.4","","","22.8","26.0","1271","Female","Gender","_BMI4CAT","23","23","","","","","",""
"567216","2006","MA","Massachusetts","Overweight and Obesity (BMI)","BMI Categories","Weight classification by Body Mass Index (BMI) (variable calculated from one or more BRFSS questions)","Obese (BMI 30.0 - 99.8)","BRFSS","%","Crude Prevalence","22.1","","","20.2","24.0","1114","Male","Gender","_BMI4CAT","24","24","","","","","",""
"567217","2006","MA","Massachusetts","Overweight and Obesity (BMI)","BMI Categories","Weight classification by Body Mass Index (BMI) (variable calculated from one or more BRFSS questions)","Obese (BMI 30.0 - 99.8)","BRFSS","%","Crude Prevalence","18.5","","","17.2","19.8","1708","Female","Gender","_BMI4CAT","24","24","","","","","",""
"569700","2006","MI","Michigan","Overweight and Obesity (BMI)","BMI Categories","Weight classification by Body Mass Index (BMI) (variable calculated from one or more BRFSS questions)","Obese (BMI 30.0 - 99.8)","BRFSS","%","Crude Prevalence","30.3","","","27.8","32.8","608","Male","Gender","_BMI4CAT","25","25","","","","","",""
"569701","2006","MI","Michigan","Overweight and Obesity (BMI)","BMI Categories","Weight classification by Body Mass Index (BMI) (variable calculated from one or more BRFSS questions)","Obese (BMI 30.0 - 99.8)","BRFSS","%","Crude Prevalence","27.2","","","25.4","29.0","965","Female","Gender","_BMI4CAT","25","25","","","","","",""
"572385","2006","MN","Minnesota","Overweight and Obesity (BMI)","BMI Categories","Weight classification by Body Mass Index (BMI) (variable calculated from one or more BRFSS questions)","Obese (BMI 30.0 - 99.8)","BRFSS","%","Crude Prevalence","27.2","","","24.5","29.9","466","Male","Gender","_BMI4CAT","26","26","","","","","",""
"572386","2006","MN","Minnesota","Overweight and Obesity (BMI)","BMI Categories","Weight classification by Body Mass Index (BMI) (variable calculated from one or more BRFSS questions)","Obese (BMI 30.0 - 99.8)","BRFSS","%","Crude Prevalence","22.1","","","20.1","24.1","570","Female","Gender","_BMI4CAT","26","26","","","","","",""
"574900","2006","MS","Mississippi","Overweight and Obesity (BMI)","BMI Categories","Weight classification by Body Mass Index (BMI) (variable calculated from one or more BRFSS questions)","Obese (BMI 30.0 - 99.8)","BRFSS","%","Crude Prevalence","29.3","","","26.8","31.8","573","Male","Gender","_BMI4CAT","27","27","","","","","",""
"574901","2006","MS","Mississippi","Overweight and Obesity (BMI)","BMI Categories","Weight classification by Body Mass Index (BMI) (variable calculated from one or more BRFSS questions)","Obese (BMI 30.0 - 99.8)","BRFSS","%","Crude Prevalence","33.4","","","31.5","35.3","1262","Female","Gender","_BMI4CAT","27","27","","","","","",""
"576625","2006","MO","Missouri","Overweight and Obesity (BMI)","BMI Categories","Weight classification by Body Mass Index (BMI) (variable calculated from one or more BRFSS questions)","Obese (BMI 30.0 - 99.8)","BRFSS","%","Crude Prevalence","27.9","","","24.8","31.0","614","Male","Gender","_BMI4CAT","28","28","","","","","",""
"576626","2006","MO","Missouri","Overweight and Obesity (BMI)","BMI Categories","Weight classification by Body Mass Index (BMI) (variable calculated from one or more BRFSS questions)","Obese (BMI 30.0 - 99.8)","BRFSS","%","Crude Prevalence","26.4","","","24.1","28.7","963","Female","Gender","_BMI4CAT","28","28","","","","","",""
"578382","2006","MT","Montana","Overweight and Obesity (BMI)","BMI Categories","Weight classification by Body Mass Index (BMI) (variable calculated from one or more BRFSS questions)","Obese (BMI 30.0 - 99.8)","BRFSS","%","Crude Prevalence","22.2","","","20.1","24.3","598","Male","Gender","_BMI4CAT","29","29","","","","","",""
"578383","2006","MT","Montana","Overweight and Obesity (BMI)","BMI Categories","Weight classification by Body Mass Index (BMI) (variable calculated from one or more BRFSS questions)","Obese (BMI 30.0 - 99.8)","BRFSS","%","Crude Prevalence","20.3","","","18.6","22.0","735","Female","Gender","_BMI4CAT","29","29","","","","","",""
"581411","2006","NE","Nebraska","Overweight and Obesity (BMI)","BMI Categories","Weight classification by Body Mass Index (BMI) (variable calculated from one or more BRFSS questions)","Obese (BMI 30.0 - 99.8)","BRFSS","%","Crude Prevalence","27.1","","","24.9","29.3","897","Male","Gender","_BMI4CAT","30","30","","","","","",""
"581412","2006","NE","Nebraska","Overweight and Obesity (BMI)","BMI Categories","Weight classification by Body Mass Index (BMI) (variable calculated from one or more BRFSS questions)","Obese (BMI 30.0 - 99.8)","BRFSS","%","Crude Prevalence","26.7","","","24.8","28.6","1284","Female","Gender","_BMI4CAT","30","30","","","","","",""
"583824","2006","NV","Nevada","Overweight and Obesity (BMI)","BMI Categories","Weight classification by Body Mass Index (BMI) (variable calculated from one or more BRFSS questions)","Obese (BMI 30.0 - 99.8)","BRFSS","%","Crude Prevalence","26.3","","","23.1","29.5","425","Male","Gender","_BMI4CAT","31","31","","","","","",""
"583825","2006","NV","Nevada","Overweight and Obesity (BMI)","BMI Categories","Weight classification by Body Mass Index (BMI) (variable calculated from one or more BRFSS questions)","Obese (BMI 30.0 - 99.8)","BRFSS","%","Crude Prevalence","23.6","","","20.5","26.7","423","Female","Gender","_BMI4CAT","31","31","","","","","",""
"585457","2006","NH","New Hampshire","Overweight and Obesity (BMI)","BMI Categories","Weight classification by Body Mass Index (BMI) (variable calculated from one or more BRFSS questions)","Obese (BMI 30.0 - 99.8)","BRFSS","%","Crude Prevalence","23.6","","","21.5","25.7","571","Male","Gender","_BMI4CAT","32","32","","","","","",""
"585458","2006","NH","New Hampshire","Overweight and Obesity (BMI)","BMI Categories","Weight classification by Body Mass Index (BMI) (variable calculated from one or more BRFSS questions)","Obese (BMI 30.0 - 99.8)","BRFSS","%","Crude Prevalence","21.0","","","19.3","22.7","734","Female","Gender","_BMI4CAT","32","32","","","","","",""
"588144","2006","NJ","New Jersey","Overweight and Obesity (BMI)","BMI Categories","Weight classification by Body Mass Index (BMI) (variable calculated from one or more BRFSS questions)","Obese (BMI 30.0 - 99.8)","BRFSS","%","Crude Prevalence","24.6","","","23.0","26.2","1273","Male","Gender","_BMI4CAT","33","33","","","","","",""
"588145","2006","NJ","New Jersey","Overweight and Obesity (BMI)","BMI Categories","Weight classification by Body Mass Index (BMI) (variable calculated from one or more BRFSS questions)","Obese (BMI 30.0 - 99.8)","BRFSS","%","Crude Prevalence","20.6","","","19.4","21.8","1699","Female","Gender","_BMI4CAT","33","33","","","","","",""
"590585","2006","NM","New Mexico","Overweight and Obesity (BMI)","BMI Categories","Weight classification by Body Mass Index (BMI) (variable calculated from one or more BRFSS questions)","Obese (BMI 30.0 - 99.8)","BRFSS","%","Crude Prevalence","22.6","","","20.2","25.0","579","Male","Gender","_BMI4CAT","34","34","","","","","",""
"590586","2006","NM","New Mexico","Overweight and Obesity (BMI)","BMI Categories","Weight classification by Body Mass Index (BMI) (variable calculated from one or more BRFSS questions)","Obese (BMI 30.0 - 99.8)","BRFSS","%","Crude Prevalence","23.2","","","21.5","24.9","961","Female","Gender","_BMI4CAT","34","34","","","","","",""
"593133","2006","NY","New York","Overweight and Obesity (BMI)","BMI Categories","Weight classification by Body Mass Index (BMI) (variable calculated from one or more BRFSS questions)","Obese (BMI 30.0 - 99.8)","BRFSS","%","Crude Prevalence","22.8","","","20.6","25.0","536","Male","Gender","_BMI4CAT","35","35","","","","","",""
"593134","2006","NY","New York","Overweight and Obesity (BMI)","BMI Categories","Weight classification by Body Mass Index (BMI) (variable calculated from one or more BRFSS questions)","Obese (BMI 30.0 - 99.8)","BRFSS","%","Crude Prevalence","23.1","","","21.3","24.9","796","Female","Gender","_BMI4CAT","35","35","","","","","",""
"595113","2006","NC","North Carolina","Overweight and Obesity (BMI)","BMI Categories","Weight classification by Body Mass Index (BMI) (variable calculated from one or more BRFSS questions)","Obese (BMI 30.0 - 99.8)","BRFSS","%","Crude Prevalence","26.3","","","24.8","27.8","1538","Male","Gender","_BMI4CAT","36","36","","","","","",""
"595114","2006","NC","North Carolina","Overweight and Obesity (BMI)","BMI Categories","Weight classification by Body Mass Index (BMI) (variable calculated from one or more BRFSS questions)","Obese (BMI 30.0 - 99.8)","BRFSS","%","Crude Prevalence","27.0","","","25.8","28.2","2682","Female","Gender","_BMI4CAT","36","36","","","","","",""
"597244","2006","ND","North Dakota","Overweight and Obesity (BMI)","BMI Categories","Weight classification by Body Mass Index (BMI) (variable calculated from one or more BRFSS questions)","Obese (BMI 30.0 - 99.8)","BRFSS","%","Crude Prevalence","29.0","","","26.3","31.7","585","Male","Gender","_BMI4CAT","37","37","","","","","",""
"597245","2006","ND","North Dakota","Overweight and Obesity (BMI)","BMI Categories","Weight classification by Body Mass Index (BMI) (variable calculated from one or more BRFSS questions)","Obese (BMI 30.0 - 99.8)","BRFSS","%","Crude Prevalence","21.7","","","19.7","23.7","633","Female","Gender","_BMI4CAT","37","37","","","","","",""
"599177","2006","OH","Ohio","Overweight and Obesity (BMI)","BMI Categories","Weight classification by Body Mass Index (BMI) (variable calculated from one or more BRFSS questions)","Obese (BMI 30.0 - 99.8)","BRFSS","%","Crude Prevalence","27.6","","","23.8","31.4","597","Male","Gender","_BMI4CAT","38","38","","","","","",""
"599178","2006","OH","Ohio","Overweight and Obesity (BMI)","BMI Categories","Weight classification by Body Mass Index (BMI) (variable calculated from one or more BRFSS questions)","Obese (BMI 30.0 - 99.8)","BRFSS","%","Crude Prevalence","29.2","","","26.1","32.3","1079","Female","Gender","_BMI4CAT","38","38","","","","","",""
"601671","2006","OK","Oklahoma","Overweight and Obesity (BMI)","BMI Categories","Weight classification by Body Mass Index (BMI) (variable calculated from one or more BRFSS questions)","Obese (BMI 30.0 - 99.8)","BRFSS","%","Crude Prevalence","30.6","","","28.4","32.8","758","Male","Gender","_BMI4CAT","39","39","","","","","",""
"601672","2006","OK","Oklahoma","Overweight and Obesity (BMI)","BMI Categories","Weight classification by Body Mass Index (BMI) (variable calculated from one or more BRFSS questions)","Obese (BMI 30.0 - 99.8)","BRFSS","%","Crude Prevalence","26.9","","","25.3","28.5","1153","Female","Gender","_BMI4CAT","39","39","","","","","",""
"604109","2006","OR","Oregon","Overweight and Obesity (BMI)","BMI Categories","Weight classification by Body Mass Index (BMI) (variable calculated from one or more BRFSS questions)","Obese (BMI 30.0 - 99.8)","BRFSS","%","Crude Prevalence","25.1","","","22.7","27.5","467","Male","Gender","_BMI4CAT","40","40","","","","","",""
"604110","2006","OR","Oregon","Overweight and Obesity (BMI)","BMI Categories","Weight classification by Body Mass Index (BMI) (variable calculated from one or more BRFSS questions)","Obese (BMI 30.0 - 99.8)","BRFSS","%","Crude Prevalence","24.5","","","22.6","26.4","694","Female","Gender","_BMI4CAT","40","40","","","","","",""
"606562","2006","PA","Pennsylvania","Overweight and Obesity (BMI)","BMI Categories","Weight classification by Body Mass Index (BMI) (variable calculated from one or more BRFSS questions)","Obese (BMI 30.0 - 99.8)","BRFSS","%","Crude Prevalence","24.8","","","22.5","27.1","1352","Male","Gender","_BMI4CAT","41","41","","","","","",""
"606563","2006","PA","Pennsylvania","Overweight and Obesity (BMI)","BMI Categories","Weight classification by Body Mass Index (BMI) (variable calculated from one or more BRFSS questions)","Obese (BMI 30.0 - 99.8)","BRFSS","%","Crude Prevalence","23.3","","","21.6","25.0","2232","Female","Gender","_BMI4CAT","41","41","","","","","",""
"610514","2006","RI","Rhode Island","Overweight and Obesity (BMI)","BMI Categories","Weight classification by Body Mass Index (BMI) (variable calculated from one or more BRFSS questions)","Obese (BMI 30.0 - 99.8)","BRFSS","%","Crude Prevalence","21.9","","","19.5","24.3","400","Male","Gender","_BMI4CAT","42","42","","","","","",""
"610515","2006","RI","Rhode Island","Overweight and Obesity (BMI)","BMI Categories","Weight classification by Body Mass Index (BMI) (variable calculated from one or more BRFSS questions)","Obese (BMI 30.0 - 99.8)","BRFSS","%","Crude Prevalence","20.9","","","18.9","22.9","573","Female","Gender","_BMI4CAT","42","42","","","","","",""
"612953","2006","SC","South Carolina","Overweight and Obesity (BMI)","BMI Categories","Weight classification by Body Mass Index (BMI) (variable calculated from one or more BRFSS questions)","Obese (BMI 30.0 - 99.8)","BRFSS","%","Crude Prevalence","29.8","","","27.7","31.9","1001","Male","Gender","_BMI4CAT","43","43","","","","","",""
"612954","2006","SC","South Carolina","Overweight and Obesity (BMI)","BMI Categories","Weight classification by Body Mass Index (BMI) (variable calculated from one or more BRFSS questions)","Obese (BMI 30.0 - 99.8)","BRFSS","%","Crude Prevalence","29.0","","","27.4","30.6","1478","Female","Gender","_BMI4CAT","43","43","","","","","",""
"615752","2006","SD","South Dakota","Overweight and Obesity (BMI)","BMI Categories","Weight classification by Body Mass Index (BMI) (variable calculated from one or more BRFSS questions)","Obese (BMI 30.0 - 99.8)","BRFSS","%","Crude Prevalence","27.2","","","25.0","29.4","729","Male","Gender","_BMI4CAT","44","44","","","","","",""
"615753","2006","SD","South Dakota","Overweight and Obesity (BMI)","BMI Categories","Weight classification by Body Mass Index (BMI) (variable calculated from one or more BRFSS questions)","Obese (BMI 30.0 - 99.8)","BRFSS","%","Crude Prevalence","23.6","","","21.9","25.3","953","Female","Gender","_BMI4CAT","44","44","","","","","",""
"618001","2006","TN","Tennessee","Overweight and Obesity (BMI)","BMI Categories","Weight classification by Body Mass Index (BMI) (variable calculated from one or more BRFSS questions)","Obese (BMI 30.0 - 99.8)","BRFSS","%","Crude Prevalence","29.5","","","26.2","32.8","437","Male","Gender","_BMI4CAT","45","45","","","","","",""
"618002","2006","TN","Tennessee","Overweight and Obesity (BMI)","BMI Categories","Weight classification by Body Mass Index (BMI) (variable calculated from one or more BRFSS questions)","Obese (BMI 30.0 - 99.8)","BRFSS","%","Crude Prevalence","28.1","","","25.7","30.5","758","Female","Gender","_BMI4CAT","45","45","","","","","",""
"619738","2006","TX","Texas","Overweight and Obesity (BMI)","BMI Categories","Weight classification by Body Mass Index (BMI) (variable calculated from one or more BRFSS questions)","Obese (BMI 30.0 - 99.8)","BRFSS","%","Crude Prevalence","26.5","","","23.6","29.4","665","Male","Gender","_BMI4CAT","46","46","","","","","",""
"619739","2006","TX","Texas","Overweight and Obesity (BMI)","BMI Categories","Weight classification by Body Mass Index (BMI) (variable calculated from one or more BRFSS questions)","Obese (BMI 30.0 - 99.8)","BRFSS","%","Crude Prevalence","25.6","","","23.2","28.0","1130","Female","Gender","_BMI4CAT","46","46","","","","","",""
"622171","2006","UT","Utah","Overweight and Obesity (BMI)","BMI Categories","Weight classification by Body Mass Index (BMI) (variable calculated from one or more BRFSS questions)","Obese (BMI 30.0 - 99.8)","BRFSS","%","Crude Prevalence","23.6","","","21.3","25.9","534","Male","Gender","_BMI4CAT","47","47","","","","","",""
"622172","2006","UT","Utah","Overweight and Obesity (BMI)","BMI Categories","Weight classification by Body Mass Index (BMI) (variable calculated from one or more BRFSS questions)","Obese (BMI 30.0 - 99.8)","BRFSS","%","Crude Prevalence","20.1","","","18.2","22.0","639","Female","Gender","_BMI4CAT","47","47","","","","","",""
"624277","2006","VT","Vermont","Overweight and Obesity (BMI)","BMI Categories","Weight classification by Body Mass Index (BMI) (variable calculated from one or more BRFSS questions)","Obese (BMI 30.0 - 99.8)","BRFSS","%","Crude Prevalence","22.8","","","21.0","24.6","654","Male","Gender","_BMI4CAT","48","48","","","","","",""
"624278","2006","VT","Vermont","Overweight and Obesity (BMI)","BMI Categories","Weight classification by Body Mass Index (BMI) (variable calculated from one or more BRFSS questions)","Obese (BMI 30.0 - 99.8)","BRFSS","%","Crude Prevalence","19.6","","","18.2","21.0","828","Female","Gender","_BMI4CAT","48","48","","","","","",""
"628384","2006","VA","Virginia","Overweight and Obesity (BMI)","BMI Categories","Weight classification by Body Mass Index (BMI) (variable calculated from one or more BRFSS questions)","Obese (BMI 30.0 - 99.8)","BRFSS","%","Crude Prevalence","25.5","","","22.6","28.4","556","Male","Gender","_BMI4CAT","49","49","","","","","",""
"628385","2006","VA","Virginia","Overweight and Obesity (BMI)","BMI Categories","Weight classification by Body Mass Index (BMI) (variable calculated from one or more BRFSS questions)","Obese (BMI 30.0 - 99.8)","BRFSS","%","Crude Prevalence","24.7","","","22.3","27.1","831","Female","Gender","_BMI4CAT","49","49","","","","","",""
"631381","2006","WA","Washington","Overweight and Obesity (BMI)","BMI Categories","Weight classification by Body Mass Index (BMI) (variable calculated from one or more BRFSS questions)","Obese (BMI 30.0 - 99.8)","BRFSS","%","Crude Prevalence","24.7","","","23.4","26.0","2261","Male","Gender","_BMI4CAT","50","50","","","","","",""
"631382","2006","WA","Washington","Overweight and Obesity (BMI)","BMI Categories","Weight classification by Body Mass Index (BMI) (variable calculated from one or more BRFSS questions)","Obese (BMI 30.0 - 99.8)","BRFSS","%","Crude Prevalence","23.6","","","22.6","24.6","3534","Female","Gender","_BMI4CAT","50","50","","","","","",""
"633722","2006","WV","West Virginia","Overweight and Obesity (BMI)","BMI Categories","Weight classification by Body Mass Index (BMI) (variable calculated from one or more BRFSS questions)","Obese (BMI 30.0 - 99.8)","BRFSS","%","Crude Prevalence","33.3","","","30.4","36.2","485","Male","Gender","_BMI4CAT","51","51","","","","","",""
"633723","2006","WV","West Virginia","Overweight and Obesity (BMI)","BMI Categories","Weight classification by Body Mass Index (BMI) (variable calculated from one or more BRFSS questions)","Obese (BMI 30.0 - 99.8)","BRFSS","%","Crude Prevalence","28.9","","","26.6","31.2","639","Female","Gender","_BMI4CAT","51","51","","","","","",""
"635693","2006","WI","Wisconsin","Overweight and Obesity (BMI)","BMI Categories","Weight classification by Body Mass Index (BMI) (variable calculated from one or more BRFSS questions)","Obese (BMI 30.0 - 99.8)","BRFSS","%","Crude Prevalence","28.9","","","26.3","31.5","585","Male","Gender","_BMI4CAT","52","52","","","","","",""
"635694","2006","WI","Wisconsin","Overweight and Obesity (BMI)","BMI Categories","Weight classification by Body Mass Index (BMI) (variable calculated from one or more BRFSS questions)","Obese (BMI 30.0 - 99.8)","BRFSS","%","Crude Prevalence","24.3","","","22.2","26.4","719","Female","Gender","_BMI4CAT","52","52","","","","","",""
"637820","2006","WY","Wyoming","Overweight and Obesity (BMI)","BMI Categories","Weight classification by Body Mass Index (BMI) (variable calculated from one or more BRFSS questions)","Obese (BMI 30.0 - 99.8)","BRFSS","%","Crude Prevalence","25.0","","","22.8","27.2","488","Male","Gender","_BMI4CAT","53","53","","","","","",""
"637821","2006","WY","Wyoming","Overweight and Obesity (BMI)","BMI Categories","Weight classification by Body Mass Index (BMI) (variable calculated from one or more BRFSS questions)","Obese (BMI 30.0 - 99.8)","BRFSS","%","Crude Prevalence","21.5","","","19.7","23.3","624","Female","Gender","_BMI4CAT","53","53","","","","","",""
"608847","2006","PR","Puerto Rico","Overweight and Obesity (BMI)","BMI Categories","Weight classification by Body Mass Index (BMI) (variable calculated from one or more BRFSS questions)","Obese (BMI 30.0 - 99.8)","BRFSS","%","Crude Prevalence","24.7","","","22.2","27.2","392","Male","Gender","_BMI4CAT","60","60","","","","","",""
"608848","2006","PR","Puerto Rico","Overweight and Obesity (BMI)","BMI Categories","Weight classification by Body Mass Index (BMI) (variable calculated from one or more BRFSS questions)","Obese (BMI 30.0 - 99.8)","BRFSS","%","Crude Prevalence","24.8","","","23.0","26.6","745","Female","Gender","_BMI4CAT","60","60","","","","","",""
"626833","2006","VI","Virgin Islands","Overweight and Obesity (BMI)","BMI Categories","Weight classification by Body Mass Index (BMI) (variable calculated from one or more BRFSS questions)","Obese (BMI 30.0 - 99.8)","BRFSS","%","Crude Prevalence","21.0","","","18.3","23.7","256","Male","Gender","_BMI4CAT","62","62","","","","","",""
"626834","2006","VI","Virgin Islands","Overweight and Obesity (BMI)","BMI Categories","Weight classification by Body Mass Index (BMI) (variable calculated from one or more BRFSS questions)","Obese (BMI 30.0 - 99.8)","BRFSS","%","Crude Prevalence","30.8","","","28.4","33.2","610","Female","Gender","_BMI4CAT","62","62","","","","","",""
"","","","","","","","","","","","","","","","","","","","","","","Datasource","","Behavioral Risk Factor Surveillance System","http://www.cdc.gov/brfss","BRFSS","CDC"
"","","","","","","","","","","","","","","","","","","","","","","MeasureDefinitions","%","Percent","","",""
"","","","","","","","","","","","","","","","","","","","","","","MeasureDefinitions","CI","95% Confidence Interval","","",""
"","","","","","","","","","","","","","","","","","","","","","","MeasureDefinitions","n","“Sample Size”. Translates to the number of adult respondents who answered this question, or were assigned to this category based on question responses for a calculated variable, or the number of states included for a median.","","",""
"","","","","","","","","","","","","","","","","","","","","","","MeasureDefinitions","N/A","Translates to no data available for a record.","","",""
"","","","","","","","","","","","","","","","","","","","","","","MeasureDefinitions","No Data","Translates to no data available for record.","","",""
"","","","","","","","","","","","","","","","","","","","","","","SuggestedCitation","","Centers for Disease Control and Prevention, National Center for Chronic Disease Prevention and Health Promotion, Division of Population Health. BRFSS Prevalence & Trends Data [online]. 2015.","https://www.cdc.gov/brfss/brfssprevalence/","",""
"","","","","","","","","","","","","","","","","","","","","","","RelatedLinks","","Prevalence Data and Data Analysis Tools","/brfss/data_tools.htm","",""
"","","","","","","","","","","","","","","","","","","","","","","RelatedLinks","","Behavioral Risk Factor Surveillance System (BRFSS)","/brfss/index.html","",""
"","","","","","","","","","","","","","","","","","","","","","","RelatedLinks","","Division of Population Health","/nccdphp/dph/index.html","",""
"","","","","","","","","","","","","","","","","","","","","","","RelatedLinks","","Survey Data & Documentation","/brfss/data_documentation/index.htm","",""
