﻿"ID","Year","LocationAbbr","LocationDesc","Class","Topic","Indicator","Response","DataSource","Data_Value_Unit","Data_Value_Type","Data_Value","Data_Value_Footnote_Symbol","Data_Value_Footnote","Low_Confidence_Limit","High_Confidence_Limit","Sample_Size","Stratification","StratificationType","IndicatorId","LocationOrder","ParentStateDisplayOrder","FootnoteType","FootNoteSymbol","FootnoteText","URL","DatasourceAbbr","Agency"
"133638","2009","AL","Alabama","Overweight and Obesity (BMI)","BMI Categories","Weight classification by Body Mass Index (BMI) (variable calculated from one or more BRFSS questions)","Obese (BMI 30.0 - 99.8)","BRFSS","%","Crude Prevalence","32.0","","","29.1","34.9","676","Male","Gender","_BMI4CAT","3","3","","","","","",""
"133639","2009","AL","Alabama","Overweight and Obesity (BMI)","BMI Categories","Weight classification by Body Mass Index (BMI) (variable calculated from one or more BRFSS questions)","Obese (BMI 30.0 - 99.8)","BRFSS","%","Crude Prevalence","31.3","","","29.4","33.2","1511","Female","Gender","_BMI4CAT","3","3","","","","","",""
"137014","2009","AK","Alaska","Overweight and Obesity (BMI)","BMI Categories","Weight classification by Body Mass Index (BMI) (variable calculated from one or more BRFSS questions)","Obese (BMI 30.0 - 99.8)","BRFSS","%","Crude Prevalence","25.8","","","22.0","29.6","311","Male","Gender","_BMI4CAT","4","4","","","","","",""
"137015","2009","AK","Alaska","Overweight and Obesity (BMI)","BMI Categories","Weight classification by Body Mass Index (BMI) (variable calculated from one or more BRFSS questions)","Obese (BMI 30.0 - 99.8)","BRFSS","%","Crude Prevalence","25.0","","","21.7","28.2","364","Female","Gender","_BMI4CAT","4","4","","","","","",""
"138367","2009","AZ","Arizona","Overweight and Obesity (BMI)","BMI Categories","Weight classification by Body Mass Index (BMI) (variable calculated from one or more BRFSS questions)","Obese (BMI 30.0 - 99.8)","BRFSS","%","Crude Prevalence","25.8","","","22.1","29.5","532","Male","Gender","_BMI4CAT","5","5","","","","","",""
"138368","2009","AZ","Arizona","Overweight and Obesity (BMI)","BMI Categories","Weight classification by Body Mass Index (BMI) (variable calculated from one or more BRFSS questions)","Obese (BMI 30.0 - 99.8)","BRFSS","%","Crude Prevalence","26.0","","","22.6","29.4","838","Female","Gender","_BMI4CAT","5","5","","","","","",""
"141760","2009","AR","Arkansas","Overweight and Obesity (BMI)","BMI Categories","Weight classification by Body Mass Index (BMI) (variable calculated from one or more BRFSS questions)","Obese (BMI 30.0 - 99.8)","BRFSS","%","Crude Prevalence","33.4","","","29.8","37.0","430","Male","Gender","_BMI4CAT","6","6","","","","","",""
"141761","2009","AR","Arkansas","Overweight and Obesity (BMI)","BMI Categories","Weight classification by Body Mass Index (BMI) (variable calculated from one or more BRFSS questions)","Obese (BMI 30.0 - 99.8)","BRFSS","%","Crude Prevalence","29.5","","","26.9","32.1","758","Female","Gender","_BMI4CAT","6","6","","","","","",""
"143792","2009","CA","California","Overweight and Obesity (BMI)","BMI Categories","Weight classification by Body Mass Index (BMI) (variable calculated from one or more BRFSS questions)","Obese (BMI 30.0 - 99.8)","BRFSS","%","Crude Prevalence","26.1","","","24.6","27.6","1699","Male","Gender","_BMI4CAT","7","7","","","","","",""
"143793","2009","CA","California","Overweight and Obesity (BMI)","BMI Categories","Weight classification by Body Mass Index (BMI) (variable calculated from one or more BRFSS questions)","Obese (BMI 30.0 - 99.8)","BRFSS","%","Crude Prevalence","24.9","","","23.7","26.1","2398","Female","Gender","_BMI4CAT","7","7","","","","","",""
"146508","2009","CO","Colorado","Overweight and Obesity (BMI)","BMI Categories","Weight classification by Body Mass Index (BMI) (variable calculated from one or more BRFSS questions)","Obese (BMI 30.0 - 99.8)","BRFSS","%","Crude Prevalence","19.2","","","17.6","20.8","950","Male","Gender","_BMI4CAT","8","8","","","","","",""
"146509","2009","CO","Colorado","Overweight and Obesity (BMI)","BMI Categories","Weight classification by Body Mass Index (BMI) (variable calculated from one or more BRFSS questions)","Obese (BMI 30.0 - 99.8)","BRFSS","%","Crude Prevalence","18.7","","","17.5","20.0","1367","Female","Gender","_BMI4CAT","8","8","","","","","",""
"148981","2009","CT","Connecticut","Overweight and Obesity (BMI)","BMI Categories","Weight classification by Body Mass Index (BMI) (variable calculated from one or more BRFSS questions)","Obese (BMI 30.0 - 99.8)","BRFSS","%","Crude Prevalence","22.4","","","20.1","24.8","581","Male","Gender","_BMI4CAT","9","9","","","","","",""
"148982","2009","CT","Connecticut","Overweight and Obesity (BMI)","BMI Categories","Weight classification by Body Mass Index (BMI) (variable calculated from one or more BRFSS questions)","Obese (BMI 30.0 - 99.8)","BRFSS","%","Crude Prevalence","19.7","","","17.9","21.4","847","Female","Gender","_BMI4CAT","9","9","","","","","",""
"151090","2009","DE","Delaware","Overweight and Obesity (BMI)","BMI Categories","Weight classification by Body Mass Index (BMI) (variable calculated from one or more BRFSS questions)","Obese (BMI 30.0 - 99.8)","BRFSS","%","Crude Prevalence","30.0","","","26.8","33.1","486","Male","Gender","_BMI4CAT","10","10","","","","","",""
"151091","2009","DE","Delaware","Overweight and Obesity (BMI)","BMI Categories","Weight classification by Body Mass Index (BMI) (variable calculated from one or more BRFSS questions)","Obese (BMI 30.0 - 99.8)","BRFSS","%","Crude Prevalence","25.3","","","22.8","27.8","747","Female","Gender","_BMI4CAT","10","10","","","","","",""
"153930","2009","DC","District of Columbia","Overweight and Obesity (BMI)","BMI Categories","Weight classification by Body Mass Index (BMI) (variable calculated from one or more BRFSS questions)","Obese (BMI 30.0 - 99.8)","BRFSS","%","Crude Prevalence","15.8","","","13.1","18.4","245","Male","Gender","_BMI4CAT","11","11","","","","","",""
"153931","2009","DC","District of Columbia","Overweight and Obesity (BMI)","BMI Categories","Weight classification by Body Mass Index (BMI) (variable calculated from one or more BRFSS questions)","Obese (BMI 30.0 - 99.8)","BRFSS","%","Crude Prevalence","24.1","","","21.7","26.4","561","Female","Gender","_BMI4CAT","11","11","","","","","",""
"155293","2009","FL","Florida","Overweight and Obesity (BMI)","BMI Categories","Weight classification by Body Mass Index (BMI) (variable calculated from one or more BRFSS questions)","Obese (BMI 30.0 - 99.8)","BRFSS","%","Crude Prevalence","29.2","","","26.5","31.9","1268","Male","Gender","_BMI4CAT","12","12","","","","","",""
"155294","2009","FL","Florida","Overweight and Obesity (BMI)","BMI Categories","Weight classification by Body Mass Index (BMI) (variable calculated from one or more BRFSS questions)","Obese (BMI 30.0 - 99.8)","BRFSS","%","Crude Prevalence","23.8","","","22.1","25.6","1870","Female","Gender","_BMI4CAT","12","12","","","","","",""
"158510","2009","GA","Georgia","Overweight and Obesity (BMI)","BMI Categories","Weight classification by Body Mass Index (BMI) (variable calculated from one or more BRFSS questions)","Obese (BMI 30.0 - 99.8)","BRFSS","%","Crude Prevalence","28.4","","","25.3","31.5","598","Male","Gender","_BMI4CAT","13","13","","","","","",""
"158511","2009","GA","Georgia","Overweight and Obesity (BMI)","BMI Categories","Weight classification by Body Mass Index (BMI) (variable calculated from one or more BRFSS questions)","Obese (BMI 30.0 - 99.8)","BRFSS","%","Crude Prevalence","27.0","","","24.9","29.1","991","Female","Gender","_BMI4CAT","13","13","","","","","",""
"162834","2009","HI","Hawaii","Overweight and Obesity (BMI)","BMI Categories","Weight classification by Body Mass Index (BMI) (variable calculated from one or more BRFSS questions)","Obese (BMI 30.0 - 99.8)","BRFSS","%","Crude Prevalence","25.6","","","23.3","28.0","656","Male","Gender","_BMI4CAT","14","14","","","","","",""
"162835","2009","HI","Hawaii","Overweight and Obesity (BMI)","BMI Categories","Weight classification by Body Mass Index (BMI) (variable calculated from one or more BRFSS questions)","Obese (BMI 30.0 - 99.8)","BRFSS","%","Crude Prevalence","20.2","","","18.1","22.2","713","Female","Gender","_BMI4CAT","14","14","","","","","",""
"165554","2009","ID","Idaho","Overweight and Obesity (BMI)","BMI Categories","Weight classification by Body Mass Index (BMI) (variable calculated from one or more BRFSS questions)","Obese (BMI 30.0 - 99.8)","BRFSS","%","Crude Prevalence","26.1","","","23.5","28.7","568","Male","Gender","_BMI4CAT","15","15","","","","","",""
"165555","2009","ID","Idaho","Overweight and Obesity (BMI)","BMI Categories","Weight classification by Body Mass Index (BMI) (variable calculated from one or more BRFSS questions)","Obese (BMI 30.0 - 99.8)","BRFSS","%","Crude Prevalence","24.1","","","22.1","26.1","772","Female","Gender","_BMI4CAT","15","15","","","","","",""
"167382","2009","IL","Illinois","Overweight and Obesity (BMI)","BMI Categories","Weight classification by Body Mass Index (BMI) (variable calculated from one or more BRFSS questions)","Obese (BMI 30.0 - 99.8)","BRFSS","%","Crude Prevalence","28.6","","","26.2","31.1","656","Male","Gender","_BMI4CAT","16","16","","","","","",""
"167383","2009","IL","Illinois","Overweight and Obesity (BMI)","BMI Categories","Weight classification by Body Mass Index (BMI) (variable calculated from one or more BRFSS questions)","Obese (BMI 30.0 - 99.8)","BRFSS","%","Crude Prevalence","26.2","","","24.3","28.1","963","Female","Gender","_BMI4CAT","16","16","","","","","",""
"169868","2009","IN","Indiana","Overweight and Obesity (BMI)","BMI Categories","Weight classification by Body Mass Index (BMI) (variable calculated from one or more BRFSS questions)","Obese (BMI 30.0 - 99.8)","BRFSS","%","Crude Prevalence","29.7","","","27.6","31.9","1083","Male","Gender","_BMI4CAT","17","17","","","","","",""
"169869","2009","IN","Indiana","Overweight and Obesity (BMI)","BMI Categories","Weight classification by Body Mass Index (BMI) (variable calculated from one or more BRFSS questions)","Obese (BMI 30.0 - 99.8)","BRFSS","%","Crude Prevalence","30.2","","","28.4","32.0","1782","Female","Gender","_BMI4CAT","17","17","","","","","",""
"172880","2009","IA","Iowa","Overweight and Obesity (BMI)","BMI Categories","Weight classification by Body Mass Index (BMI) (variable calculated from one or more BRFSS questions)","Obese (BMI 30.0 - 99.8)","BRFSS","%","Crude Prevalence","30.6","","","28.2","33.1","723","Male","Gender","_BMI4CAT","18","18","","","","","",""
"172881","2009","IA","Iowa","Overweight and Obesity (BMI)","BMI Categories","Weight classification by Body Mass Index (BMI) (variable calculated from one or more BRFSS questions)","Obese (BMI 30.0 - 99.8)","BRFSS","%","Crude Prevalence","26.3","","","24.3","28.3","901","Female","Gender","_BMI4CAT","18","18","","","","","",""
"175087","2009","KS","Kansas","Overweight and Obesity (BMI)","BMI Categories","Weight classification by Body Mass Index (BMI) (variable calculated from one or more BRFSS questions)","Obese (BMI 30.0 - 99.8)","BRFSS","%","Crude Prevalence","30.0","","","28.6","31.5","2200","Male","Gender","_BMI4CAT","19","19","","","","","",""
"175088","2009","KS","Kansas","Overweight and Obesity (BMI)","BMI Categories","Weight classification by Body Mass Index (BMI) (variable calculated from one or more BRFSS questions)","Obese (BMI 30.0 - 99.8)","BRFSS","%","Crude Prevalence","27.5","","","26.4","28.6","3253","Female","Gender","_BMI4CAT","19","19","","","","","",""
"177529","2009","KY","Kentucky","Overweight and Obesity (BMI)","BMI Categories","Weight classification by Body Mass Index (BMI) (variable calculated from one or more BRFSS questions)","Obese (BMI 30.0 - 99.8)","BRFSS","%","Crude Prevalence","34.4","","","31.5","37.4","949","Male","Gender","_BMI4CAT","20","20","","","","","",""
"177530","2009","KY","Kentucky","Overweight and Obesity (BMI)","BMI Categories","Weight classification by Body Mass Index (BMI) (variable calculated from one or more BRFSS questions)","Obese (BMI 30.0 - 99.8)","BRFSS","%","Crude Prevalence","30.4","","","28.5","32.4","2188","Female","Gender","_BMI4CAT","20","20","","","","","",""
"179354","2009","LA","Louisiana","Overweight and Obesity (BMI)","BMI Categories","Weight classification by Body Mass Index (BMI) (variable calculated from one or more BRFSS questions)","Obese (BMI 30.0 - 99.8)","BRFSS","%","Crude Prevalence","35.0","","","32.5","37.4","1056","Male","Gender","_BMI4CAT","21","21","","","","","",""
"179355","2009","LA","Louisiana","Overweight and Obesity (BMI)","BMI Categories","Weight classification by Body Mass Index (BMI) (variable calculated from one or more BRFSS questions)","Obese (BMI 30.0 - 99.8)","BRFSS","%","Crude Prevalence","32.9","","","31.3","34.6","1858","Female","Gender","_BMI4CAT","21","21","","","","","",""
"182056","2009","ME","Maine","Overweight and Obesity (BMI)","BMI Categories","Weight classification by Body Mass Index (BMI) (variable calculated from one or more BRFSS questions)","Obese (BMI 30.0 - 99.8)","BRFSS","%","Crude Prevalence","25.9","","","23.9","27.9","828","Male","Gender","_BMI4CAT","22","22","","","","","",""
"182057","2009","ME","Maine","Overweight and Obesity (BMI)","BMI Categories","Weight classification by Body Mass Index (BMI) (variable calculated from one or more BRFSS questions)","Obese (BMI 30.0 - 99.8)","BRFSS","%","Crude Prevalence","26.9","","","25.3","28.5","1292","Female","Gender","_BMI4CAT","22","22","","","","","",""
"184738","2009","MD","Maryland","Overweight and Obesity (BMI)","BMI Categories","Weight classification by Body Mass Index (BMI) (variable calculated from one or more BRFSS questions)","Obese (BMI 30.0 - 99.8)","BRFSS","%","Crude Prevalence","25.3","","","23.2","27.5","885","Male","Gender","_BMI4CAT","23","23","","","","","",""
"184739","2009","MD","Maryland","Overweight and Obesity (BMI)","BMI Categories","Weight classification by Body Mass Index (BMI) (variable calculated from one or more BRFSS questions)","Obese (BMI 30.0 - 99.8)","BRFSS","%","Crude Prevalence","28.1","","","26.3","30.0","1405","Female","Gender","_BMI4CAT","23","23","","","","","",""
"187034","2009","MA","Massachusetts","Overweight and Obesity (BMI)","BMI Categories","Weight classification by Body Mass Index (BMI) (variable calculated from one or more BRFSS questions)","Obese (BMI 30.0 - 99.8)","BRFSS","%","Crude Prevalence","24.7","","","22.9","26.5","1631","Male","Gender","_BMI4CAT","24","24","","","","","",""
"187035","2009","MA","Massachusetts","Overweight and Obesity (BMI)","BMI Categories","Weight classification by Body Mass Index (BMI) (variable calculated from one or more BRFSS questions)","Obese (BMI 30.0 - 99.8)","BRFSS","%","Crude Prevalence","19.1","","","17.8","20.4","2256","Female","Gender","_BMI4CAT","24","24","","","","","",""
"189349","2009","MI","Michigan","Overweight and Obesity (BMI)","BMI Categories","Weight classification by Body Mass Index (BMI) (variable calculated from one or more BRFSS questions)","Obese (BMI 30.0 - 99.8)","BRFSS","%","Crude Prevalence","29.8","","","27.7","31.8","1072","Male","Gender","_BMI4CAT","25","25","","","","","",""
"189350","2009","MI","Michigan","Overweight and Obesity (BMI)","BMI Categories","Weight classification by Body Mass Index (BMI) (variable calculated from one or more BRFSS questions)","Obese (BMI 30.0 - 99.8)","BRFSS","%","Crude Prevalence","30.8","","","29.2","32.5","1782","Female","Gender","_BMI4CAT","25","25","","","","","",""
"192038","2009","MN","Minnesota","Overweight and Obesity (BMI)","BMI Categories","Weight classification by Body Mass Index (BMI) (variable calculated from one or more BRFSS questions)","Obese (BMI 30.0 - 99.8)","BRFSS","%","Crude Prevalence","25.0","","","22.5","27.6","574","Male","Gender","_BMI4CAT","26","26","","","","","",""
"192039","2009","MN","Minnesota","Overweight and Obesity (BMI)","BMI Categories","Weight classification by Body Mass Index (BMI) (variable calculated from one or more BRFSS questions)","Obese (BMI 30.0 - 99.8)","BRFSS","%","Crude Prevalence","25.7","","","23.6","27.8","884","Female","Gender","_BMI4CAT","26","26","","","","","",""
"194049","2009","MS","Mississippi","Overweight and Obesity (BMI)","BMI Categories","Weight classification by Body Mass Index (BMI) (variable calculated from one or more BRFSS questions)","Obese (BMI 30.0 - 99.8)","BRFSS","%","Crude Prevalence","34.8","","","32.5","37.1","1247","Male","Gender","_BMI4CAT","27","27","","","","","",""
"194050","2009","MS","Mississippi","Overweight and Obesity (BMI)","BMI Categories","Weight classification by Body Mass Index (BMI) (variable calculated from one or more BRFSS questions)","Obese (BMI 30.0 - 99.8)","BRFSS","%","Crude Prevalence","36.0","","","34.3","37.6","2453","Female","Gender","_BMI4CAT","27","27","","","","","",""
"196741","2009","MO","Missouri","Overweight and Obesity (BMI)","BMI Categories","Weight classification by Body Mass Index (BMI) (variable calculated from one or more BRFSS questions)","Obese (BMI 30.0 - 99.8)","BRFSS","%","Crude Prevalence","32.2","","","28.9","35.4","599","Male","Gender","_BMI4CAT","28","28","","","","","",""
"196742","2009","MO","Missouri","Overweight and Obesity (BMI)","BMI Categories","Weight classification by Body Mass Index (BMI) (variable calculated from one or more BRFSS questions)","Obese (BMI 30.0 - 99.8)","BRFSS","%","Crude Prevalence","29.0","","","26.7","31.4","929","Female","Gender","_BMI4CAT","28","28","","","","","",""
"198250","2009","MT","Montana","Overweight and Obesity (BMI)","BMI Categories","Weight classification by Body Mass Index (BMI) (variable calculated from one or more BRFSS questions)","Obese (BMI 30.0 - 99.8)","BRFSS","%","Crude Prevalence","24.3","","","22.1","26.5","836","Male","Gender","_BMI4CAT","29","29","","","","","",""
"198251","2009","MT","Montana","Overweight and Obesity (BMI)","BMI Categories","Weight classification by Body Mass Index (BMI) (variable calculated from one or more BRFSS questions)","Obese (BMI 30.0 - 99.8)","BRFSS","%","Crude Prevalence","23.2","","","21.4","25.0","1033","Female","Gender","_BMI4CAT","29","29","","","","","",""
"201445","2009","NE","Nebraska","Overweight and Obesity (BMI)","BMI Categories","Weight classification by Body Mass Index (BMI) (variable calculated from one or more BRFSS questions)","Obese (BMI 30.0 - 99.8)","BRFSS","%","Crude Prevalence","30.7","","","28.3","33.0","1948","Male","Gender","_BMI4CAT","30","30","","","","","",""
"201446","2009","NE","Nebraska","Overweight and Obesity (BMI)","BMI Categories","Weight classification by Body Mass Index (BMI) (variable calculated from one or more BRFSS questions)","Obese (BMI 30.0 - 99.8)","BRFSS","%","Crude Prevalence","25.5","","","23.7","27.4","2694","Female","Gender","_BMI4CAT","30","30","","","","","",""
"204056","2009","NV","Nevada","Overweight and Obesity (BMI)","BMI Categories","Weight classification by Body Mass Index (BMI) (variable calculated from one or more BRFSS questions)","Obese (BMI 30.0 - 99.8)","BRFSS","%","Crude Prevalence","29.4","","","25.4","33.5","422","Male","Gender","_BMI4CAT","31","31","","","","","",""
"204057","2009","NV","Nevada","Overweight and Obesity (BMI)","BMI Categories","Weight classification by Body Mass Index (BMI) (variable calculated from one or more BRFSS questions)","Obese (BMI 30.0 - 99.8)","BRFSS","%","Crude Prevalence","23.2","","","20.0","26.3","501","Female","Gender","_BMI4CAT","31","31","","","","","",""
"205424","2009","NH","New Hampshire","Overweight and Obesity (BMI)","BMI Categories","Weight classification by Body Mass Index (BMI) (variable calculated from one or more BRFSS questions)","Obese (BMI 30.0 - 99.8)","BRFSS","%","Crude Prevalence","28.5","","","25.8","31.3","640","Male","Gender","_BMI4CAT","32","32","","","","","",""
"205425","2009","NH","New Hampshire","Overweight and Obesity (BMI)","BMI Categories","Weight classification by Body Mass Index (BMI) (variable calculated from one or more BRFSS questions)","Obese (BMI 30.0 - 99.8)","BRFSS","%","Crude Prevalence","24.1","","","22.0","26.1","859","Female","Gender","_BMI4CAT","32","32","","","","","",""
"208420","2009","NJ","New Jersey","Overweight and Obesity (BMI)","BMI Categories","Weight classification by Body Mass Index (BMI) (variable calculated from one or more BRFSS questions)","Obese (BMI 30.0 - 99.8)","BRFSS","%","Crude Prevalence","24.8","","","23.0","26.6","1245","Male","Gender","_BMI4CAT","33","33","","","","","",""
"208421","2009","NJ","New Jersey","Overweight and Obesity (BMI)","BMI Categories","Weight classification by Body Mass Index (BMI) (variable calculated from one or more BRFSS questions)","Obese (BMI 30.0 - 99.8)","BRFSS","%","Crude Prevalence","23.1","","","21.7","24.5","1762","Female","Gender","_BMI4CAT","33","33","","","","","",""
"210509","2009","NM","New Mexico","Overweight and Obesity (BMI)","BMI Categories","Weight classification by Body Mass Index (BMI) (variable calculated from one or more BRFSS questions)","Obese (BMI 30.0 - 99.8)","BRFSS","%","Crude Prevalence","25.8","","","23.5","28.1","879","Male","Gender","_BMI4CAT","34","34","","","","","",""
"210510","2009","NM","New Mexico","Overweight and Obesity (BMI)","BMI Categories","Weight classification by Body Mass Index (BMI) (variable calculated from one or more BRFSS questions)","Obese (BMI 30.0 - 99.8)","BRFSS","%","Crude Prevalence","25.3","","","23.6","27.1","1328","Female","Gender","_BMI4CAT","34","34","","","","","",""
"213125","2009","NY","New York","Overweight and Obesity (BMI)","BMI Categories","Weight classification by Body Mass Index (BMI) (variable calculated from one or more BRFSS questions)","Obese (BMI 30.0 - 99.8)","BRFSS","%","Crude Prevalence","24.4","","","22.1","26.7","685","Male","Gender","_BMI4CAT","35","35","","","","","",""
"213126","2009","NY","New York","Overweight and Obesity (BMI)","BMI Categories","Weight classification by Body Mass Index (BMI) (variable calculated from one or more BRFSS questions)","Obese (BMI 30.0 - 99.8)","BRFSS","%","Crude Prevalence","24.7","","","22.9","26.5","1008","Female","Gender","_BMI4CAT","35","35","","","","","",""
"215840","2009","NC","North Carolina","Overweight and Obesity (BMI)","BMI Categories","Weight classification by Body Mass Index (BMI) (variable calculated from one or more BRFSS questions)","Obese (BMI 30.0 - 99.8)","BRFSS","%","Crude Prevalence","30.2","","","27.8","32.6","1422","Male","Gender","_BMI4CAT","36","36","","","","","",""
"215841","2009","NC","North Carolina","Overweight and Obesity (BMI)","BMI Categories","Weight classification by Body Mass Index (BMI) (variable calculated from one or more BRFSS questions)","Obese (BMI 30.0 - 99.8)","BRFSS","%","Crude Prevalence","30.0","","","28.2","31.9","2253","Female","Gender","_BMI4CAT","36","36","","","","","",""
"217913","2009","ND","North Dakota","Overweight and Obesity (BMI)","BMI Categories","Weight classification by Body Mass Index (BMI) (variable calculated from one or more BRFSS questions)","Obese (BMI 30.0 - 99.8)","BRFSS","%","Crude Prevalence","31.3","","","28.6","34.0","637","Male","Gender","_BMI4CAT","37","37","","","","","",""
"217914","2009","ND","North Dakota","Overweight and Obesity (BMI)","BMI Categories","Weight classification by Body Mass Index (BMI) (variable calculated from one or more BRFSS questions)","Obese (BMI 30.0 - 99.8)","BRFSS","%","Crude Prevalence","25.3","","","23.1","27.5","696","Female","Gender","_BMI4CAT","37","37","","","","","",""
"220430","2009","OH","Ohio","Overweight and Obesity (BMI)","BMI Categories","Weight classification by Body Mass Index (BMI) (variable calculated from one or more BRFSS questions)","Obese (BMI 30.0 - 99.8)","BRFSS","%","Crude Prevalence","30.7","","","28.5","32.9","1147","Male","Gender","_BMI4CAT","38","38","","","","","",""
"220431","2009","OH","Ohio","Overweight and Obesity (BMI)","BMI Categories","Weight classification by Body Mass Index (BMI) (variable calculated from one or more BRFSS questions)","Obese (BMI 30.0 - 99.8)","BRFSS","%","Crude Prevalence","28.9","","","27.2","30.6","1705","Female","Gender","_BMI4CAT","38","38","","","","","",""
"222394","2009","OK","Oklahoma","Overweight and Obesity (BMI)","BMI Categories","Weight classification by Body Mass Index (BMI) (variable calculated from one or more BRFSS questions)","Obese (BMI 30.0 - 99.8)","BRFSS","%","Crude Prevalence","32.8","","","30.4","35.2","880","Male","Gender","_BMI4CAT","39","39","","","","","",""
"222395","2009","OK","Oklahoma","Overweight and Obesity (BMI)","BMI Categories","Weight classification by Body Mass Index (BMI) (variable calculated from one or more BRFSS questions)","Obese (BMI 30.0 - 99.8)","BRFSS","%","Crude Prevalence","31.2","","","29.6","32.9","1467","Female","Gender","_BMI4CAT","39","39","","","","","",""
"224770","2009","OR","Oregon","Overweight and Obesity (BMI)","BMI Categories","Weight classification by Body Mass Index (BMI) (variable calculated from one or more BRFSS questions)","Obese (BMI 30.0 - 99.8)","BRFSS","%","Crude Prevalence","24.2","","","21.4","27.0","425","Male","Gender","_BMI4CAT","40","40","","","","","",""
"224771","2009","OR","Oregon","Overweight and Obesity (BMI)","BMI Categories","Weight classification by Body Mass Index (BMI) (variable calculated from one or more BRFSS questions)","Obese (BMI 30.0 - 99.8)","BRFSS","%","Crude Prevalence","23.0","","","20.8","25.3","583","Female","Gender","_BMI4CAT","40","40","","","","","",""
"227588","2009","PA","Pennsylvania","Overweight and Obesity (BMI)","BMI Categories","Weight classification by Body Mass Index (BMI) (variable calculated from one or more BRFSS questions)","Obese (BMI 30.0 - 99.8)","BRFSS","%","Crude Prevalence","29.3","","","27.1","31.5","1035","Male","Gender","_BMI4CAT","41","41","","","","","",""
"227589","2009","PA","Pennsylvania","Overweight and Obesity (BMI)","BMI Categories","Weight classification by Body Mass Index (BMI) (variable calculated from one or more BRFSS questions)","Obese (BMI 30.0 - 99.8)","BRFSS","%","Crude Prevalence","26.9","","","25.2","28.6","1529","Female","Gender","_BMI4CAT","41","41","","","","","",""
"232118","2009","RI","Rhode Island","Overweight and Obesity (BMI)","BMI Categories","Weight classification by Body Mass Index (BMI) (variable calculated from one or more BRFSS questions)","Obese (BMI 30.0 - 99.8)","BRFSS","%","Crude Prevalence","25.8","","","23.4","28.3","623","Male","Gender","_BMI4CAT","42","42","","","","","",""
"232119","2009","RI","Rhode Island","Overweight and Obesity (BMI)","BMI Categories","Weight classification by Body Mass Index (BMI) (variable calculated from one or more BRFSS questions)","Obese (BMI 30.0 - 99.8)","BRFSS","%","Crude Prevalence","24.1","","","21.9","26.3","948","Female","Gender","_BMI4CAT","42","42","","","","","",""
"234729","2009","SC","South Carolina","Overweight and Obesity (BMI)","BMI Categories","Weight classification by Body Mass Index (BMI) (variable calculated from one or more BRFSS questions)","Obese (BMI 30.0 - 99.8)","BRFSS","%","Crude Prevalence","29.4","","","26.9","31.9","1100","Male","Gender","_BMI4CAT","43","43","","","","","",""
"234730","2009","SC","South Carolina","Overweight and Obesity (BMI)","BMI Categories","Weight classification by Body Mass Index (BMI) (variable calculated from one or more BRFSS questions)","Obese (BMI 30.0 - 99.8)","BRFSS","%","Crude Prevalence","30.7","","","28.6","32.8","1831","Female","Gender","_BMI4CAT","43","43","","","","","",""
"237017","2009","SD","South Dakota","Overweight and Obesity (BMI)","BMI Categories","Weight classification by Body Mass Index (BMI) (variable calculated from one or more BRFSS questions)","Obese (BMI 30.0 - 99.8)","BRFSS","%","Crude Prevalence","33.5","","","30.6","36.4","877","Male","Gender","_BMI4CAT","44","44","","","","","",""
"237018","2009","SD","South Dakota","Overweight and Obesity (BMI)","BMI Categories","Weight classification by Body Mass Index (BMI) (variable calculated from one or more BRFSS questions)","Obese (BMI 30.0 - 99.8)","BRFSS","%","Crude Prevalence","26.9","","","24.9","29.0","1180","Female","Gender","_BMI4CAT","44","44","","","","","",""
"239314","2009","TN","Tennessee","Overweight and Obesity (BMI)","BMI Categories","Weight classification by Body Mass Index (BMI) (variable calculated from one or more BRFSS questions)","Obese (BMI 30.0 - 99.8)","BRFSS","%","Crude Prevalence","31.6","","","28.3","35.0","513","Male","Gender","_BMI4CAT","45","45","","","","","",""
"239315","2009","TN","Tennessee","Overweight and Obesity (BMI)","BMI Categories","Weight classification by Body Mass Index (BMI) (variable calculated from one or more BRFSS questions)","Obese (BMI 30.0 - 99.8)","BRFSS","%","Crude Prevalence","34.1","","","31.8","36.4","1161","Female","Gender","_BMI4CAT","45","45","","","","","",""
"241183","2009","TX","Texas","Overweight and Obesity (BMI)","BMI Categories","Weight classification by Body Mass Index (BMI) (variable calculated from one or more BRFSS questions)","Obese (BMI 30.0 - 99.8)","BRFSS","%","Crude Prevalence","29.4","","","26.9","31.9","1187","Male","Gender","_BMI4CAT","46","46","","","","","",""
"241184","2009","TX","Texas","Overweight and Obesity (BMI)","BMI Categories","Weight classification by Body Mass Index (BMI) (variable calculated from one or more BRFSS questions)","Obese (BMI 30.0 - 99.8)","BRFSS","%","Crude Prevalence","29.6","","","27.8","31.4","1976","Female","Gender","_BMI4CAT","46","46","","","","","",""
"244015","2009","UT","Utah","Overweight and Obesity (BMI)","BMI Categories","Weight classification by Body Mass Index (BMI) (variable calculated from one or more BRFSS questions)","Obese (BMI 30.0 - 99.8)","BRFSS","%","Crude Prevalence","25.4","","","23.6","27.2","1170","Male","Gender","_BMI4CAT","47","47","","","","","",""
"244016","2009","UT","Utah","Overweight and Obesity (BMI)","BMI Categories","Weight classification by Body Mass Index (BMI) (variable calculated from one or more BRFSS questions)","Obese (BMI 30.0 - 99.8)","BRFSS","%","Crude Prevalence","22.6","","","20.9","24.2","1316","Female","Gender","_BMI4CAT","47","47","","","","","",""
"246809","2009","VT","Vermont","Overweight and Obesity (BMI)","BMI Categories","Weight classification by Body Mass Index (BMI) (variable calculated from one or more BRFSS questions)","Obese (BMI 30.0 - 99.8)","BRFSS","%","Crude Prevalence","25.5","","","23.4","27.7","671","Male","Gender","_BMI4CAT","48","48","","","","","",""
"246810","2009","VT","Vermont","Overweight and Obesity (BMI)","BMI Categories","Weight classification by Body Mass Index (BMI) (variable calculated from one or more BRFSS questions)","Obese (BMI 30.0 - 99.8)","BRFSS","%","Crude Prevalence","21.2","","","19.5","22.9","869","Female","Gender","_BMI4CAT","48","48","","","","","",""
"250601","2009","VA","Virginia","Overweight and Obesity (BMI)","BMI Categories","Weight classification by Body Mass Index (BMI) (variable calculated from one or more BRFSS questions)","Obese (BMI 30.0 - 99.8)","BRFSS","%","Crude Prevalence","24.9","","","21.8","27.9","560","Male","Gender","_BMI4CAT","49","49","","","","","",""
"250602","2009","VA","Virginia","Overweight and Obesity (BMI)","BMI Categories","Weight classification by Body Mass Index (BMI) (variable calculated from one or more BRFSS questions)","Obese (BMI 30.0 - 99.8)","BRFSS","%","Crude Prevalence","26.2","","","23.5","28.8","797","Female","Gender","_BMI4CAT","49","49","","","","","",""
"253977","2009","WA","Washington","Overweight and Obesity (BMI)","BMI Categories","Weight classification by Body Mass Index (BMI) (variable calculated from one or more BRFSS questions)","Obese (BMI 30.0 - 99.8)","BRFSS","%","Crude Prevalence","28.4","","","27.0","29.8","2352","Male","Gender","_BMI4CAT","50","50","","","","","",""
"253978","2009","WA","Washington","Overweight and Obesity (BMI)","BMI Categories","Weight classification by Body Mass Index (BMI) (variable calculated from one or more BRFSS questions)","Obese (BMI 30.0 - 99.8)","BRFSS","%","Crude Prevalence","25.4","","","24.2","26.6","3039","Female","Gender","_BMI4CAT","50","50","","","","","",""
"255410","2009","WV","West Virginia","Overweight and Obesity (BMI)","BMI Categories","Weight classification by Body Mass Index (BMI) (variable calculated from one or more BRFSS questions)","Obese (BMI 30.0 - 99.8)","BRFSS","%","Crude Prevalence","31.3","","","28.7","33.9","584","Male","Gender","_BMI4CAT","51","51","","","","","",""
"255411","2009","WV","West Virginia","Overweight and Obesity (BMI)","BMI Categories","Weight classification by Body Mass Index (BMI) (variable calculated from one or more BRFSS questions)","Obese (BMI 30.0 - 99.8)","BRFSS","%","Crude Prevalence","32.1","","","30.0","34.2","893","Female","Gender","_BMI4CAT","51","51","","","","","",""
"258646","2009","WI","Wisconsin","Overweight and Obesity (BMI)","BMI Categories","Weight classification by Body Mass Index (BMI) (variable calculated from one or more BRFSS questions)","Obese (BMI 30.0 - 99.8)","BRFSS","%","Crude Prevalence","31.5","","","28.1","34.8","607","Male","Gender","_BMI4CAT","52","52","","","","","",""
"258647","2009","WI","Wisconsin","Overweight and Obesity (BMI)","BMI Categories","Weight classification by Body Mass Index (BMI) (variable calculated from one or more BRFSS questions)","Obese (BMI 30.0 - 99.8)","BRFSS","%","Crude Prevalence","27.0","","","24.4","29.6","723","Female","Gender","_BMI4CAT","52","52","","","","","",""
"260452","2009","WY","Wyoming","Overweight and Obesity (BMI)","BMI Categories","Weight classification by Body Mass Index (BMI) (variable calculated from one or more BRFSS questions)","Obese (BMI 30.0 - 99.8)","BRFSS","%","Crude Prevalence","26.2","","","23.7","28.8","620","Male","Gender","_BMI4CAT","53","53","","","","","",""
"260453","2009","WY","Wyoming","Overweight and Obesity (BMI)","BMI Categories","Weight classification by Body Mass Index (BMI) (variable calculated from one or more BRFSS questions)","Obese (BMI 30.0 - 99.8)","BRFSS","%","Crude Prevalence","24.4","","","22.4","26.5","847","Female","Gender","_BMI4CAT","53","53","","","","","",""
"160791","2009","GU","Guam","Overweight and Obesity (BMI)","BMI Categories","Weight classification by Body Mass Index (BMI) (variable calculated from one or more BRFSS questions)","Obese (BMI 30.0 - 99.8)","BRFSS","%","Crude Prevalence","29.0","","","23.9","34.0","122","Male","Gender","_BMI4CAT","56","56","","","","","",""
"160792","2009","GU","Guam","Overweight and Obesity (BMI)","BMI Categories","Weight classification by Body Mass Index (BMI) (variable calculated from one or more BRFSS questions)","Obese (BMI 30.0 - 99.8)","BRFSS","%","Crude Prevalence","24.4","","","20.8","28.0","184","Female","Gender","_BMI4CAT","56","56","","","","","",""
"229298","2009","PR","Puerto Rico","Overweight and Obesity (BMI)","BMI Categories","Weight classification by Body Mass Index (BMI) (variable calculated from one or more BRFSS questions)","Obese (BMI 30.0 - 99.8)","BRFSS","%","Crude Prevalence","29.3","","","26.4","32.3","404","Male","Gender","_BMI4CAT","60","60","","","","","",""
"229299","2009","PR","Puerto Rico","Overweight and Obesity (BMI)","BMI Categories","Weight classification by Body Mass Index (BMI) (variable calculated from one or more BRFSS questions)","Obese (BMI 30.0 - 99.8)","BRFSS","%","Crude Prevalence","25.9","","","23.8","28.0","695","Female","Gender","_BMI4CAT","60","60","","","","","",""
"248610","2009","VI","Virgin Islands","Overweight and Obesity (BMI)","BMI Categories","Weight classification by Body Mass Index (BMI) (variable calculated from one or more BRFSS questions)","Obese (BMI 30.0 - 99.8)","BRFSS","%","Crude Prevalence","24.5","","","20.5","28.5","173","Male","Gender","_BMI4CAT","62","62","","","","","",""
"248611","2009","VI","Virgin Islands","Overweight and Obesity (BMI)","BMI Categories","Weight classification by Body Mass Index (BMI) (variable calculated from one or more BRFSS questions)","Obese (BMI 30.0 - 99.8)","BRFSS","%","Crude Prevalence","34.1","","","31.1","37.0","508","Female","Gender","_BMI4CAT","62","62","","","","","",""
"","","","","","","","","","","","","","","","","","","","","","","Datasource","","Behavioral Risk Factor Surveillance System","http://www.cdc.gov/brfss","BRFSS","CDC"
"","","","","","","","","","","","","","","","","","","","","","","MeasureDefinitions","%","Percent","","",""
"","","","","","","","","","","","","","","","","","","","","","","MeasureDefinitions","CI","95% Confidence Interval","","",""
"","","","","","","","","","","","","","","","","","","","","","","MeasureDefinitions","n","“Sample Size”. Translates to the number of adult respondents who answered this question, or were assigned to this category based on question responses for a calculated variable, or the number of states included for a median.","","",""
"","","","","","","","","","","","","","","","","","","","","","","MeasureDefinitions","N/A","Translates to no data available for a record.","","",""
"","","","","","","","","","","","","","","","","","","","","","","MeasureDefinitions","No Data","Translates to no data available for record.","","",""
"","","","","","","","","","","","","","","","","","","","","","","SuggestedCitation","","Centers for Disease Control and Prevention, National Center for Chronic Disease Prevention and Health Promotion, Division of Population Health. BRFSS Prevalence & Trends Data [online]. 2015.","https://www.cdc.gov/brfss/brfssprevalence/","",""
"","","","","","","","","","","","","","","","","","","","","","","RelatedLinks","","Prevalence Data and Data Analysis Tools","/brfss/data_tools.htm","",""
"","","","","","","","","","","","","","","","","","","","","","","RelatedLinks","","Behavioral Risk Factor Surveillance System (BRFSS)","/brfss/index.html","",""
"","","","","","","","","","","","","","","","","","","","","","","RelatedLinks","","Division of Population Health","/nccdphp/dph/index.html","",""
"","","","","","","","","","","","","","","","","","","","","","","RelatedLinks","","Survey Data & Documentation","/brfss/data_documentation/index.htm","",""
