﻿"ID","Year","LocationAbbr","LocationDesc","Class","Topic","Indicator","Response","DataSource","Data_Value_Unit","Data_Value_Type","Data_Value","Data_Value_Footnote_Symbol","Data_Value_Footnote","Low_Confidence_Limit","High_Confidence_Limit","Sample_Size","Stratification","StratificationType","IndicatorId","LocationOrder","ParentStateDisplayOrder","FootnoteType","FootNoteSymbol","FootnoteText","URL","DatasourceAbbr","Agency"
"3164361","2018","AL","Alabama","Overweight and Obesity (BMI)","BMI Categories","Weight classification by Body Mass Index (BMI) (variable calculated from one or more BRFSS questions)","Obese (BMI 30.0 - 99.8)","BRFSS","%","Crude Prevalence","34.6","","","32.2","37.1","921","Male","Gender","_BMI5CAT","3","3","","","","","",""
"3164362","2018","AL","Alabama","Overweight and Obesity (BMI)","BMI Categories","Weight classification by Body Mass Index (BMI) (variable calculated from one or more BRFSS questions)","Obese (BMI 30.0 - 99.8)","BRFSS","%","Crude Prevalence","37.8","","","35.6","40.0","1317","Female","Gender","_BMI5CAT","3","3","","","","","",""
"3167868","2018","AK","Alaska","Overweight and Obesity (BMI)","BMI Categories","Weight classification by Body Mass Index (BMI) (variable calculated from one or more BRFSS questions)","Obese (BMI 30.0 - 99.8)","BRFSS","%","Crude Prevalence","30.4","","","26.9","34.0","413","Male","Gender","_BMI5CAT","4","4","","","","","",""
"3167869","2018","AK","Alaska","Overweight and Obesity (BMI)","BMI Categories","Weight classification by Body Mass Index (BMI) (variable calculated from one or more BRFSS questions)","Obese (BMI 30.0 - 99.8)","BRFSS","%","Crude Prevalence","28.5","","","24.7","32.3","365","Female","Gender","_BMI5CAT","4","4","","","","","",""
"3172066","2018","AZ","Arizona","Overweight and Obesity (BMI)","BMI Categories","Weight classification by Body Mass Index (BMI) (variable calculated from one or more BRFSS questions)","Obese (BMI 30.0 - 99.8)","BRFSS","%","Crude Prevalence","30.9","","","28.4","33.4","1055","Male","Gender","_BMI5CAT","5","5","","","","","",""
"3172067","2018","AZ","Arizona","Overweight and Obesity (BMI)","BMI Categories","Weight classification by Body Mass Index (BMI) (variable calculated from one or more BRFSS questions)","Obese (BMI 30.0 - 99.8)","BRFSS","%","Crude Prevalence","28.0","","","25.6","30.4","1156","Female","Gender","_BMI5CAT","5","5","","","","","",""
"3176390","2018","AR","Arkansas","Overweight and Obesity (BMI)","BMI Categories","Weight classification by Body Mass Index (BMI) (variable calculated from one or more BRFSS questions)","Obese (BMI 30.0 - 99.8)","BRFSS","%","Crude Prevalence","34.9","","","31.9","37.9","674","Male","Gender","_BMI5CAT","6","6","","","","","",""
"3176391","2018","AR","Arkansas","Overweight and Obesity (BMI)","BMI Categories","Weight classification by Body Mass Index (BMI) (variable calculated from one or more BRFSS questions)","Obese (BMI 30.0 - 99.8)","BRFSS","%","Crude Prevalence","39.4","","","36.8","42.1","1059","Female","Gender","_BMI5CAT","6","6","","","","","",""
"3179686","2018","CA","California","Overweight and Obesity (BMI)","BMI Categories","Weight classification by Body Mass Index (BMI) (variable calculated from one or more BRFSS questions)","Obese (BMI 30.0 - 99.8)","BRFSS","%","Crude Prevalence","26.0","","","24.5","27.5","1497","Male","Gender","_BMI5CAT","7","7","","","","","",""
"3179687","2018","CA","California","Overweight and Obesity (BMI)","BMI Categories","Weight classification by Body Mass Index (BMI) (variable calculated from one or more BRFSS questions)","Obese (BMI 30.0 - 99.8)","BRFSS","%","Crude Prevalence","25.6","","","24.1","27.2","1417","Female","Gender","_BMI5CAT","7","7","","","","","",""
"3183932","2018","CO","Colorado","Overweight and Obesity (BMI)","BMI Categories","Weight classification by Body Mass Index (BMI) (variable calculated from one or more BRFSS questions)","Obese (BMI 30.0 - 99.8)","BRFSS","%","Crude Prevalence","21.8","","","20.3","23.2","925","Male","Gender","_BMI5CAT","8","8","","","","","",""
"3184381","2018","CO","Colorado","Overweight and Obesity (BMI)","BMI Categories","Weight classification by Body Mass Index (BMI) (variable calculated from one or more BRFSS questions)","Obese (BMI 30.0 - 99.8)","BRFSS","%","Crude Prevalence","24.2","","","22.6","25.8","962","Female","Gender","_BMI5CAT","8","8","","","","","",""
"3187922","2018","CT","Connecticut","Overweight and Obesity (BMI)","BMI Categories","Weight classification by Body Mass Index (BMI) (variable calculated from one or more BRFSS questions)","Obese (BMI 30.0 - 99.8)","BRFSS","%","Crude Prevalence","28.4","","","26.7","30.2","1298","Male","Gender","_BMI5CAT","9","9","","","","","",""
"3187923","2018","CT","Connecticut","Overweight and Obesity (BMI)","BMI Categories","Weight classification by Body Mass Index (BMI) (variable calculated from one or more BRFSS questions)","Obese (BMI 30.0 - 99.8)","BRFSS","%","Crude Prevalence","26.4","","","24.7","28.1","1365","Female","Gender","_BMI5CAT","9","9","","","","","",""
"3192882","2018","DE","Delaware","Overweight and Obesity (BMI)","BMI Categories","Weight classification by Body Mass Index (BMI) (variable calculated from one or more BRFSS questions)","Obese (BMI 30.0 - 99.8)","BRFSS","%","Crude Prevalence","33.6","","","30.9","36.2","739","Male","Gender","_BMI5CAT","10","10","","","","","",""
"3192883","2018","DE","Delaware","Overweight and Obesity (BMI)","BMI Categories","Weight classification by Body Mass Index (BMI) (variable calculated from one or more BRFSS questions)","Obese (BMI 30.0 - 99.8)","BRFSS","%","Crude Prevalence","33.5","","","31.0","36.0","885","Female","Gender","_BMI5CAT","10","10","","","","","",""
"3196483","2018","DC","District of Columbia","Overweight and Obesity (BMI)","BMI Categories","Weight classification by Body Mass Index (BMI) (variable calculated from one or more BRFSS questions)","Obese (BMI 30.0 - 99.8)","BRFSS","%","Crude Prevalence","21.2","","","18.7","23.7","392","Male","Gender","_BMI5CAT","11","11","","","","","",""
"3196484","2018","DC","District of Columbia","Overweight and Obesity (BMI)","BMI Categories","Weight classification by Body Mass Index (BMI) (variable calculated from one or more BRFSS questions)","Obese (BMI 30.0 - 99.8)","BRFSS","%","Crude Prevalence","28.0","","","25.4","30.6","630","Female","Gender","_BMI5CAT","11","11","","","","","",""
"3201323","2018","FL","Florida","Overweight and Obesity (BMI)","BMI Categories","Weight classification by Body Mass Index (BMI) (variable calculated from one or more BRFSS questions)","Obese (BMI 30.0 - 99.8)","BRFSS","%","Crude Prevalence","31.1","","","28.9","33.4","2047","Male","Gender","_BMI5CAT","12","12","","","","","",""
"3201324","2018","FL","Florida","Overweight and Obesity (BMI)","BMI Categories","Weight classification by Body Mass Index (BMI) (variable calculated from one or more BRFSS questions)","Obese (BMI 30.0 - 99.8)","BRFSS","%","Crude Prevalence","30.2","","","28.0","32.4","2289","Female","Gender","_BMI5CAT","12","12","","","","","",""
"3205327","2018","GA","Georgia","Overweight and Obesity (BMI)","BMI Categories","Weight classification by Body Mass Index (BMI) (variable calculated from one or more BRFSS questions)","Obese (BMI 30.0 - 99.8)","BRFSS","%","Crude Prevalence","31.6","","","29.8","33.5","1150","Male","Gender","_BMI5CAT","13","13","","","","","",""
"3205328","2018","GA","Georgia","Overweight and Obesity (BMI)","BMI Categories","Weight classification by Body Mass Index (BMI) (variable calculated from one or more BRFSS questions)","Obese (BMI 30.0 - 99.8)","BRFSS","%","Crude Prevalence","33.3","","","31.5","35.1","1460","Female","Gender","_BMI5CAT","13","13","","","","","",""
"3208891","2018","HI","Hawaii","Overweight and Obesity (BMI)","BMI Categories","Weight classification by Body Mass Index (BMI) (variable calculated from one or more BRFSS questions)","Obese (BMI 30.0 - 99.8)","BRFSS","%","Crude Prevalence","26.8","","","24.8","28.7","955","Male","Gender","_BMI5CAT","14","14","","","","","",""
"3208892","2018","HI","Hawaii","Overweight and Obesity (BMI)","BMI Categories","Weight classification by Body Mass Index (BMI) (variable calculated from one or more BRFSS questions)","Obese (BMI 30.0 - 99.8)","BRFSS","%","Crude Prevalence","23.0","","","21.2","24.8","896","Female","Gender","_BMI5CAT","14","14","","","","","",""
"3212624","2018","ID","Idaho","Overweight and Obesity (BMI)","BMI Categories","Weight classification by Body Mass Index (BMI) (variable calculated from one or more BRFSS questions)","Obese (BMI 30.0 - 99.8)","BRFSS","%","Crude Prevalence","29.6","","","26.7","32.5","530","Male","Gender","_BMI5CAT","15","15","","","","","",""
"3212625","2018","ID","Idaho","Overweight and Obesity (BMI)","BMI Categories","Weight classification by Body Mass Index (BMI) (variable calculated from one or more BRFSS questions)","Obese (BMI 30.0 - 99.8)","BRFSS","%","Crude Prevalence","27.0","","","24.1","29.9","470","Female","Gender","_BMI5CAT","15","15","","","","","",""
"3216600","2018","IL","Illinois","Overweight and Obesity (BMI)","BMI Categories","Weight classification by Body Mass Index (BMI) (variable calculated from one or more BRFSS questions)","Obese (BMI 30.0 - 99.8)","BRFSS","%","Crude Prevalence","30.2","","","28.0","32.4","742","Male","Gender","_BMI5CAT","16","16","","","","","",""
"3216601","2018","IL","Illinois","Overweight and Obesity (BMI)","BMI Categories","Weight classification by Body Mass Index (BMI) (variable calculated from one or more BRFSS questions)","Obese (BMI 30.0 - 99.8)","BRFSS","%","Crude Prevalence","33.3","","","31.0","35.6","808","Female","Gender","_BMI5CAT","16","16","","","","","",""
"3221371","2018","IN","Indiana","Overweight and Obesity (BMI)","BMI Categories","Weight classification by Body Mass Index (BMI) (variable calculated from one or more BRFSS questions)","Obese (BMI 30.0 - 99.8)","BRFSS","%","Crude Prevalence","34.0","","","31.8","36.1","1063","Male","Gender","_BMI5CAT","17","17","","","","","",""
"3221372","2018","IN","Indiana","Overweight and Obesity (BMI)","BMI Categories","Weight classification by Body Mass Index (BMI) (variable calculated from one or more BRFSS questions)","Obese (BMI 30.0 - 99.8)","BRFSS","%","Crude Prevalence","34.2","","","32.2","36.2","1299","Female","Gender","_BMI5CAT","17","17","","","","","",""
"3224691","2018","IA","Iowa","Overweight and Obesity (BMI)","BMI Categories","Weight classification by Body Mass Index (BMI) (variable calculated from one or more BRFSS questions)","Obese (BMI 30.0 - 99.8)","BRFSS","%","Crude Prevalence","36.0","","","34.4","37.6","1541","Male","Gender","_BMI5CAT","18","18","","","","","",""
"3224692","2018","IA","Iowa","Overweight and Obesity (BMI)","BMI Categories","Weight classification by Body Mass Index (BMI) (variable calculated from one or more BRFSS questions)","Obese (BMI 30.0 - 99.8)","BRFSS","%","Crude Prevalence","34.6","","","32.9","36.3","1446","Female","Gender","_BMI5CAT","18","18","","","","","",""
"3229257","2018","KS","Kansas","Overweight and Obesity (BMI)","BMI Categories","Weight classification by Body Mass Index (BMI) (variable calculated from one or more BRFSS questions)","Obese (BMI 30.0 - 99.8)","BRFSS","%","Crude Prevalence","33.3","","","31.7","35.0","1654","Male","Gender","_BMI5CAT","19","19","","","","","",""
"3229258","2018","KS","Kansas","Overweight and Obesity (BMI)","BMI Categories","Weight classification by Body Mass Index (BMI) (variable calculated from one or more BRFSS questions)","Obese (BMI 30.0 - 99.8)","BRFSS","%","Crude Prevalence","35.5","","","33.8","37.3","1798","Female","Gender","_BMI5CAT","19","19","","","","","",""
"3233538","2018","KY","Kentucky","Overweight and Obesity (BMI)","BMI Categories","Weight classification by Body Mass Index (BMI) (variable calculated from one or more BRFSS questions)","Obese (BMI 30.0 - 99.8)","BRFSS","%","Crude Prevalence","36.5","","","34.0","39.0","1360","Male","Gender","_BMI5CAT","20","20","","","","","",""
"3233539","2018","KY","Kentucky","Overweight and Obesity (BMI)","BMI Categories","Weight classification by Body Mass Index (BMI) (variable calculated from one or more BRFSS questions)","Obese (BMI 30.0 - 99.8)","BRFSS","%","Crude Prevalence","36.8","","","34.3","39.2","1717","Female","Gender","_BMI5CAT","20","20","","","","","",""
"3237982","2018","LA","Louisiana","Overweight and Obesity (BMI)","BMI Categories","Weight classification by Body Mass Index (BMI) (variable calculated from one or more BRFSS questions)","Obese (BMI 30.0 - 99.8)","BRFSS","%","Crude Prevalence","34.2","","","31.5","36.9","773","Male","Gender","_BMI5CAT","21","21","","","","","",""
"3237983","2018","LA","Louisiana","Overweight and Obesity (BMI)","BMI Categories","Weight classification by Body Mass Index (BMI) (variable calculated from one or more BRFSS questions)","Obese (BMI 30.0 - 99.8)","BRFSS","%","Crude Prevalence","39.3","","","36.8","41.9","985","Female","Gender","_BMI5CAT","21","21","","","","","",""
"3242225","2018","ME","Maine","Overweight and Obesity (BMI)","BMI Categories","Weight classification by Body Mass Index (BMI) (variable calculated from one or more BRFSS questions)","Obese (BMI 30.0 - 99.8)","BRFSS","%","Crude Prevalence","31.6","","","29.4","33.8","1375","Male","Gender","_BMI5CAT","22","22","","","","","",""
"3242226","2018","ME","Maine","Overweight and Obesity (BMI)","BMI Categories","Weight classification by Body Mass Index (BMI) (variable calculated from one or more BRFSS questions)","Obese (BMI 30.0 - 99.8)","BRFSS","%","Crude Prevalence","29.1","","","27.1","31.1","1688","Female","Gender","_BMI5CAT","22","22","","","","","",""
"3245489","2018","MD","Maryland","Overweight and Obesity (BMI)","BMI Categories","Weight classification by Body Mass Index (BMI) (variable calculated from one or more BRFSS questions)","Obese (BMI 30.0 - 99.8)","BRFSS","%","Crude Prevalence","28.8","","","27.2","30.4","2222","Male","Gender","_BMI5CAT","23","23","","","","","",""
"3245490","2018","MD","Maryland","Overweight and Obesity (BMI)","BMI Categories","Weight classification by Body Mass Index (BMI) (variable calculated from one or more BRFSS questions)","Obese (BMI 30.0 - 99.8)","BRFSS","%","Crude Prevalence","33.1","","","31.5","34.6","2900","Female","Gender","_BMI5CAT","23","23","","","","","",""
"3249600","2018","MA","Massachusetts","Overweight and Obesity (BMI)","BMI Categories","Weight classification by Body Mass Index (BMI) (variable calculated from one or more BRFSS questions)","Obese (BMI 30.0 - 99.8)","BRFSS","%","Crude Prevalence","27.1","","","25.0","29.1","787","Male","Gender","_BMI5CAT","24","24","","","","","",""
"3249601","2018","MA","Massachusetts","Overweight and Obesity (BMI)","BMI Categories","Weight classification by Body Mass Index (BMI) (variable calculated from one or more BRFSS questions)","Obese (BMI 30.0 - 99.8)","BRFSS","%","Crude Prevalence","24.3","","","22.3","26.4","759","Female","Gender","_BMI5CAT","24","24","","","","","",""
"3254208","2018","MI","Michigan","Overweight and Obesity (BMI)","BMI Categories","Weight classification by Body Mass Index (BMI) (variable calculated from one or more BRFSS questions)","Obese (BMI 30.0 - 99.8)","BRFSS","%","Crude Prevalence","31.4","","","29.7","33.1","1493","Male","Gender","_BMI5CAT","25","25","","","","","",""
"3254209","2018","MI","Michigan","Overweight and Obesity (BMI)","BMI Categories","Weight classification by Body Mass Index (BMI) (variable calculated from one or more BRFSS questions)","Obese (BMI 30.0 - 99.8)","BRFSS","%","Crude Prevalence","34.6","","","32.9","36.3","1635","Female","Gender","_BMI5CAT","25","25","","","","","",""
"3258407","2018","MN","Minnesota","Overweight and Obesity (BMI)","BMI Categories","Weight classification by Body Mass Index (BMI) (variable calculated from one or more BRFSS questions)","Obese (BMI 30.0 - 99.8)","BRFSS","%","Crude Prevalence","32.5","","","31.2","33.7","2619","Male","Gender","_BMI5CAT","26","26","","","","","",""
"3258408","2018","MN","Minnesota","Overweight and Obesity (BMI)","BMI Categories","Weight classification by Body Mass Index (BMI) (variable calculated from one or more BRFSS questions)","Obese (BMI 30.0 - 99.8)","BRFSS","%","Crude Prevalence","27.5","","","26.3","28.7","2169","Female","Gender","_BMI5CAT","26","26","","","","","",""
"3262264","2018","MS","Mississippi","Overweight and Obesity (BMI)","BMI Categories","Weight classification by Body Mass Index (BMI) (variable calculated from one or more BRFSS questions)","Obese (BMI 30.0 - 99.8)","BRFSS","%","Crude Prevalence","36.1","","","33.5","38.7","835","Male","Gender","_BMI5CAT","27","27","","","","","",""
"3262265","2018","MS","Mississippi","Overweight and Obesity (BMI)","BMI Categories","Weight classification by Body Mass Index (BMI) (variable calculated from one or more BRFSS questions)","Obese (BMI 30.0 - 99.8)","BRFSS","%","Crude Prevalence","42.7","","","40.4","45.0","1390","Female","Gender","_BMI5CAT","27","27","","","","","",""
"3265817","2018","MO","Missouri","Overweight and Obesity (BMI)","BMI Categories","Weight classification by Body Mass Index (BMI) (variable calculated from one or more BRFSS questions)","Obese (BMI 30.0 - 99.8)","BRFSS","%","Crude Prevalence","34.4","","","31.9","37.0","884","Male","Gender","_BMI5CAT","28","28","","","","","",""
"3265818","2018","MO","Missouri","Overweight and Obesity (BMI)","BMI Categories","Weight classification by Body Mass Index (BMI) (variable calculated from one or more BRFSS questions)","Obese (BMI 30.0 - 99.8)","BRFSS","%","Crude Prevalence","35.6","","","33.1","38.2","1076","Female","Gender","_BMI5CAT","28","28","","","","","",""
"3270429","2018","MT","Montana","Overweight and Obesity (BMI)","BMI Categories","Weight classification by Body Mass Index (BMI) (variable calculated from one or more BRFSS questions)","Obese (BMI 30.0 - 99.8)","BRFSS","%","Crude Prevalence","27.8","","","25.5","30.1","764","Male","Gender","_BMI5CAT","29","29","","","","","",""
"3270430","2018","MT","Montana","Overweight and Obesity (BMI)","BMI Categories","Weight classification by Body Mass Index (BMI) (variable calculated from one or more BRFSS questions)","Obese (BMI 30.0 - 99.8)","BRFSS","%","Crude Prevalence","25.8","","","23.5","28.2","721","Female","Gender","_BMI5CAT","29","29","","","","","",""
"3274690","2018","NE","Nebraska","Overweight and Obesity (BMI)","BMI Categories","Weight classification by Body Mass Index (BMI) (variable calculated from one or more BRFSS questions)","Obese (BMI 30.0 - 99.8)","BRFSS","%","Crude Prevalence","34.5","","","32.7","36.2","2310","Male","Gender","_BMI5CAT","30","30","","","","","",""
"3274691","2018","NE","Nebraska","Overweight and Obesity (BMI)","BMI Categories","Weight classification by Body Mass Index (BMI) (variable calculated from one or more BRFSS questions)","Obese (BMI 30.0 - 99.8)","BRFSS","%","Crude Prevalence","33.8","","","32.1","35.4","2608","Female","Gender","_BMI5CAT","30","30","","","","","",""
"3278462","2018","NV","Nevada","Overweight and Obesity (BMI)","BMI Categories","Weight classification by Body Mass Index (BMI) (variable calculated from one or more BRFSS questions)","Obese (BMI 30.0 - 99.8)","BRFSS","%","Crude Prevalence","29.7","","","26.2","33.2","431","Male","Gender","_BMI5CAT","31","31","","","","","",""
"3278463","2018","NV","Nevada","Overweight and Obesity (BMI)","BMI Categories","Weight classification by Body Mass Index (BMI) (variable calculated from one or more BRFSS questions)","Obese (BMI 30.0 - 99.8)","BRFSS","%","Crude Prevalence","29.2","","","25.9","32.6","433","Female","Gender","_BMI5CAT","31","31","","","","","",""
"3283175","2018","NH","New Hampshire","Overweight and Obesity (BMI)","BMI Categories","Weight classification by Body Mass Index (BMI) (variable calculated from one or more BRFSS questions)","Obese (BMI 30.0 - 99.8)","BRFSS","%","Crude Prevalence","31.0","","","28.5","33.6","748","Male","Gender","_BMI5CAT","32","32","","","","","",""
"3283176","2018","NH","New Hampshire","Overweight and Obesity (BMI)","BMI Categories","Weight classification by Body Mass Index (BMI) (variable calculated from one or more BRFSS questions)","Obese (BMI 30.0 - 99.8)","BRFSS","%","Crude Prevalence","28.1","","","25.7","30.6","784","Female","Gender","_BMI5CAT","32","32","","","","","",""
"3287347","2018","NJ","New Jersey","Overweight and Obesity (BMI)","BMI Categories","Weight classification by Body Mass Index (BMI) (variable calculated from one or more BRFSS questions)","Obese (BMI 30.0 - 99.8)","BRFSS","%","Crude Prevalence","25.8","","","22.3","29.2","386","Male","Gender","_BMI5CAT","33","33","","","","","",""
"3287348","2018","NJ","New Jersey","Overweight and Obesity (BMI)","BMI Categories","Weight classification by Body Mass Index (BMI) (variable calculated from one or more BRFSS questions)","Obese (BMI 30.0 - 99.8)","BRFSS","%","Crude Prevalence","25.5","","","22.0","29.1","400","Female","Gender","_BMI5CAT","33","33","","","","","",""
"3290593","2018","NM","New Mexico","Overweight and Obesity (BMI)","BMI Categories","Weight classification by Body Mass Index (BMI) (variable calculated from one or more BRFSS questions)","Obese (BMI 30.0 - 99.8)","BRFSS","%","Crude Prevalence","31.2","","","28.8","33.6","865","Male","Gender","_BMI5CAT","34","34","","","","","",""
"3290594","2018","NM","New Mexico","Overweight and Obesity (BMI)","BMI Categories","Weight classification by Body Mass Index (BMI) (variable calculated from one or more BRFSS questions)","Obese (BMI 30.0 - 99.8)","BRFSS","%","Crude Prevalence","33.5","","","31.2","35.8","1052","Female","Gender","_BMI5CAT","34","34","","","","","",""
"3294914","2018","NY","New York","Overweight and Obesity (BMI)","BMI Categories","Weight classification by Body Mass Index (BMI) (variable calculated from one or more BRFSS questions)","Obese (BMI 30.0 - 99.8)","BRFSS","%","Crude Prevalence","28.1","","","26.8","29.4","4909","Male","Gender","_BMI5CAT","35","35","","","","","",""
"3294915","2018","NY","New York","Overweight and Obesity (BMI)","BMI Categories","Weight classification by Body Mass Index (BMI) (variable calculated from one or more BRFSS questions)","Obese (BMI 30.0 - 99.8)","BRFSS","%","Crude Prevalence","27.2","","","25.9","28.5","5054","Female","Gender","_BMI5CAT","35","35","","","","","",""
"3299360","2018","NC","North Carolina","Overweight and Obesity (BMI)","BMI Categories","Weight classification by Body Mass Index (BMI) (variable calculated from one or more BRFSS questions)","Obese (BMI 30.0 - 99.8)","BRFSS","%","Crude Prevalence","32.0","","","29.5","34.6","650","Male","Gender","_BMI5CAT","36","36","","","","","",""
"3299361","2018","NC","North Carolina","Overweight and Obesity (BMI)","BMI Categories","Weight classification by Body Mass Index (BMI) (variable calculated from one or more BRFSS questions)","Obese (BMI 30.0 - 99.8)","BRFSS","%","Crude Prevalence","33.9","","","31.3","36.4","757","Female","Gender","_BMI5CAT","36","36","","","","","",""
"3303294","2018","ND","North Dakota","Overweight and Obesity (BMI)","BMI Categories","Weight classification by Body Mass Index (BMI) (variable calculated from one or more BRFSS questions)","Obese (BMI 30.0 - 99.8)","BRFSS","%","Crude Prevalence","35.9","","","33.5","38.4","951","Male","Gender","_BMI5CAT","37","37","","","","","",""
"3302945","2018","ND","North Dakota","Overweight and Obesity (BMI)","BMI Categories","Weight classification by Body Mass Index (BMI) (variable calculated from one or more BRFSS questions)","Obese (BMI 30.0 - 99.8)","BRFSS","%","Crude Prevalence","34.1","","","31.3","37.0","878","Female","Gender","_BMI5CAT","37","37","","","","","",""
"3307030","2018","OH","Ohio","Overweight and Obesity (BMI)","BMI Categories","Weight classification by Body Mass Index (BMI) (variable calculated from one or more BRFSS questions)","Obese (BMI 30.0 - 99.8)","BRFSS","%","Crude Prevalence","33.8","","","31.9","35.7","1870","Male","Gender","_BMI5CAT","38","38","","","","","",""
"3307031","2018","OH","Ohio","Overweight and Obesity (BMI)","BMI Categories","Weight classification by Body Mass Index (BMI) (variable calculated from one or more BRFSS questions)","Obese (BMI 30.0 - 99.8)","BRFSS","%","Crude Prevalence","34.3","","","32.5","36.0","2402","Female","Gender","_BMI5CAT","38","38","","","","","",""
"3311440","2018","OK","Oklahoma","Overweight and Obesity (BMI)","BMI Categories","Weight classification by Body Mass Index (BMI) (variable calculated from one or more BRFSS questions)","Obese (BMI 30.0 - 99.8)","BRFSS","%","Crude Prevalence","32.8","","","30.3","35.3","734","Male","Gender","_BMI5CAT","39","39","","","","","",""
"3311441","2018","OK","Oklahoma","Overweight and Obesity (BMI)","BMI Categories","Weight classification by Body Mass Index (BMI) (variable calculated from one or more BRFSS questions)","Obese (BMI 30.0 - 99.8)","BRFSS","%","Crude Prevalence","37.0","","","34.6","39.3","971","Female","Gender","_BMI5CAT","39","39","","","","","",""
"3315678","2018","OR","Oregon","Overweight and Obesity (BMI)","BMI Categories","Weight classification by Body Mass Index (BMI) (variable calculated from one or more BRFSS questions)","Obese (BMI 30.0 - 99.8)","BRFSS","%","Crude Prevalence","29.1","","","27.0","31.2","771","Male","Gender","_BMI5CAT","40","40","","","","","",""
"3315679","2018","OR","Oregon","Overweight and Obesity (BMI)","BMI Categories","Weight classification by Body Mass Index (BMI) (variable calculated from one or more BRFSS questions)","Obese (BMI 30.0 - 99.8)","BRFSS","%","Crude Prevalence","30.8","","","28.6","32.9","893","Female","Gender","_BMI5CAT","40","40","","","","","",""
"3319540","2018","PA","Pennsylvania","Overweight and Obesity (BMI)","BMI Categories","Weight classification by Body Mass Index (BMI) (variable calculated from one or more BRFSS questions)","Obese (BMI 30.0 - 99.8)","BRFSS","%","Crude Prevalence","31.1","","","28.9","33.3","894","Male","Gender","_BMI5CAT","41","41","","","","","",""
"3319541","2018","PA","Pennsylvania","Overweight and Obesity (BMI)","BMI Categories","Weight classification by Body Mass Index (BMI) (variable calculated from one or more BRFSS questions)","Obese (BMI 30.0 - 99.8)","BRFSS","%","Crude Prevalence","30.8","","","28.6","33.0","939","Female","Gender","_BMI5CAT","41","41","","","","","",""
"3324079","2018","RI","Rhode Island","Overweight and Obesity (BMI)","BMI Categories","Weight classification by Body Mass Index (BMI) (variable calculated from one or more BRFSS questions)","Obese (BMI 30.0 - 99.8)","BRFSS","%","Crude Prevalence","28.4","","","25.8","31.0","695","Male","Gender","_BMI5CAT","42","42","","","","","",""
"3324080","2018","RI","Rhode Island","Overweight and Obesity (BMI)","BMI Categories","Weight classification by Body Mass Index (BMI) (variable calculated from one or more BRFSS questions)","Obese (BMI 30.0 - 99.8)","BRFSS","%","Crude Prevalence","27.0","","","24.7","29.4","752","Female","Gender","_BMI5CAT","42","42","","","","","",""
"3327896","2018","SC","South Carolina","Overweight and Obesity (BMI)","BMI Categories","Weight classification by Body Mass Index (BMI) (variable calculated from one or more BRFSS questions)","Obese (BMI 30.0 - 99.8)","BRFSS","%","Crude Prevalence","32.3","","","30.4","34.3","1384","Male","Gender","_BMI5CAT","43","43","","","","","",""
"3327897","2018","SC","South Carolina","Overweight and Obesity (BMI)","BMI Categories","Weight classification by Body Mass Index (BMI) (variable calculated from one or more BRFSS questions)","Obese (BMI 30.0 - 99.8)","BRFSS","%","Crude Prevalence","36.2","","","34.4","38.0","2158","Female","Gender","_BMI5CAT","43","43","","","","","",""
"3331589","2018","SD","South Dakota","Overweight and Obesity (BMI)","BMI Categories","Weight classification by Body Mass Index (BMI) (variable calculated from one or more BRFSS questions)","Obese (BMI 30.0 - 99.8)","BRFSS","%","Crude Prevalence","31.3","","","28.5","34.1","1112","Male","Gender","_BMI5CAT","44","44","","","","","",""
"3331590","2018","SD","South Dakota","Overweight and Obesity (BMI)","BMI Categories","Weight classification by Body Mass Index (BMI) (variable calculated from one or more BRFSS questions)","Obese (BMI 30.0 - 99.8)","BRFSS","%","Crude Prevalence","28.7","","","25.8","31.6","1122","Female","Gender","_BMI5CAT","44","44","","","","","",""
"3336318","2018","TN","Tennessee","Overweight and Obesity (BMI)","BMI Categories","Weight classification by Body Mass Index (BMI) (variable calculated from one or more BRFSS questions)","Obese (BMI 30.0 - 99.8)","BRFSS","%","Crude Prevalence","33.4","","","30.8","36.1","763","Male","Gender","_BMI5CAT","45","45","","","","","",""
"3336319","2018","TN","Tennessee","Overweight and Obesity (BMI)","BMI Categories","Weight classification by Body Mass Index (BMI) (variable calculated from one or more BRFSS questions)","Obese (BMI 30.0 - 99.8)","BRFSS","%","Crude Prevalence","35.3","","","32.6","38.0","917","Female","Gender","_BMI5CAT","45","45","","","","","",""
"3340116","2018","TX","Texas","Overweight and Obesity (BMI)","BMI Categories","Weight classification by Body Mass Index (BMI) (variable calculated from one or more BRFSS questions)","Obese (BMI 30.0 - 99.8)","BRFSS","%","Crude Prevalence","33.5","","","30.7","36.3","1596","Male","Gender","_BMI5CAT","46","46","","","","","",""
"3340117","2018","TX","Texas","Overweight and Obesity (BMI)","BMI Categories","Weight classification by Body Mass Index (BMI) (variable calculated from one or more BRFSS questions)","Obese (BMI 30.0 - 99.8)","BRFSS","%","Crude Prevalence","36.2","","","33.3","39.0","1869","Female","Gender","_BMI5CAT","46","46","","","","","",""
"3344373","2018","UT","Utah","Overweight and Obesity (BMI)","BMI Categories","Weight classification by Body Mass Index (BMI) (variable calculated from one or more BRFSS questions)","Obese (BMI 30.0 - 99.8)","BRFSS","%","Crude Prevalence","28.7","","","27.1","30.2","1528","Male","Gender","_BMI5CAT","47","47","","","","","",""
"3344374","2018","UT","Utah","Overweight and Obesity (BMI)","BMI Categories","Weight classification by Body Mass Index (BMI) (variable calculated from one or more BRFSS questions)","Obese (BMI 30.0 - 99.8)","BRFSS","%","Crude Prevalence","26.8","","","25.2","28.4","1338","Female","Gender","_BMI5CAT","47","47","","","","","",""
"3348383","2018","VT","Vermont","Overweight and Obesity (BMI)","BMI Categories","Weight classification by Body Mass Index (BMI) (variable calculated from one or more BRFSS questions)","Obese (BMI 30.0 - 99.8)","BRFSS","%","Crude Prevalence","27.8","","","25.4","30.2","774","Male","Gender","_BMI5CAT","48","48","","","","","",""
"3348384","2018","VT","Vermont","Overweight and Obesity (BMI)","BMI Categories","Weight classification by Body Mass Index (BMI) (variable calculated from one or more BRFSS questions)","Obese (BMI 30.0 - 99.8)","BRFSS","%","Crude Prevalence","27.3","","","25.0","29.5","868","Female","Gender","_BMI5CAT","48","48","","","","","",""
"3352442","2018","VA","Virginia","Overweight and Obesity (BMI)","BMI Categories","Weight classification by Body Mass Index (BMI) (variable calculated from one or more BRFSS questions)","Obese (BMI 30.0 - 99.8)","BRFSS","%","Crude Prevalence","30.4","","","28.6","32.3","1402","Male","Gender","_BMI5CAT","49","49","","","","","",""
"3352443","2018","VA","Virginia","Overweight and Obesity (BMI)","BMI Categories","Weight classification by Body Mass Index (BMI) (variable calculated from one or more BRFSS questions)","Obese (BMI 30.0 - 99.8)","BRFSS","%","Crude Prevalence","30.3","","","28.5","32.0","1649","Female","Gender","_BMI5CAT","49","49","","","","","",""
"3356668","2018","WA","Washington","Overweight and Obesity (BMI)","BMI Categories","Weight classification by Body Mass Index (BMI) (variable calculated from one or more BRFSS questions)","Obese (BMI 30.0 - 99.8)","BRFSS","%","Crude Prevalence","29.3","","","27.8","30.9","1724","Male","Gender","_BMI5CAT","50","50","","","","","",""
"3356669","2018","WA","Washington","Overweight and Obesity (BMI)","BMI Categories","Weight classification by Body Mass Index (BMI) (variable calculated from one or more BRFSS questions)","Obese (BMI 30.0 - 99.8)","BRFSS","%","Crude Prevalence","28.0","","","26.5","29.5","1762","Female","Gender","_BMI5CAT","50","50","","","","","",""
"3360527","2018","WV","West Virginia","Overweight and Obesity (BMI)","BMI Categories","Weight classification by Body Mass Index (BMI) (variable calculated from one or more BRFSS questions)","Obese (BMI 30.0 - 99.8)","BRFSS","%","Crude Prevalence","40.6","","","38.0","43.2","833","Male","Gender","_BMI5CAT","51","51","","","","","",""
"3360528","2018","WV","West Virginia","Overweight and Obesity (BMI)","BMI Categories","Weight classification by Body Mass Index (BMI) (variable calculated from one or more BRFSS questions)","Obese (BMI 30.0 - 99.8)","BRFSS","%","Crude Prevalence","38.5","","","36.1","40.8","964","Female","Gender","_BMI5CAT","51","51","","","","","",""
"3364537","2018","WI","Wisconsin","Overweight and Obesity (BMI)","BMI Categories","Weight classification by Body Mass Index (BMI) (variable calculated from one or more BRFSS questions)","Obese (BMI 30.0 - 99.8)","BRFSS","%","Crude Prevalence","31.0","","","28.5","33.4","761","Male","Gender","_BMI5CAT","52","52","","","","","",""
"3364538","2018","WI","Wisconsin","Overweight and Obesity (BMI)","BMI Categories","Weight classification by Body Mass Index (BMI) (variable calculated from one or more BRFSS questions)","Obese (BMI 30.0 - 99.8)","BRFSS","%","Crude Prevalence","33.1","","","30.4","35.8","791","Female","Gender","_BMI5CAT","52","52","","","","","",""
"3368483","2018","WY","Wyoming","Overweight and Obesity (BMI)","BMI Categories","Weight classification by Body Mass Index (BMI) (variable calculated from one or more BRFSS questions)","Obese (BMI 30.0 - 99.8)","BRFSS","%","Crude Prevalence","30.2","","","27.7","32.7","573","Male","Gender","_BMI5CAT","53","53","","","","","",""
"3368484","2018","WY","Wyoming","Overweight and Obesity (BMI)","BMI Categories","Weight classification by Body Mass Index (BMI) (variable calculated from one or more BRFSS questions)","Obese (BMI 30.0 - 99.8)","BRFSS","%","Crude Prevalence","27.8","","","25.4","30.2","639","Female","Gender","_BMI5CAT","53","53","","","","","",""
"3372549","2018","GU","Guam","Overweight and Obesity (BMI)","BMI Categories","Weight classification by Body Mass Index (BMI) (variable calculated from one or more BRFSS questions)","Obese (BMI 30.0 - 99.8)","BRFSS","%","Crude Prevalence","29.0","","","24.4","33.5","211","Male","Gender","_BMI5CAT","56","56","","","","","",""
"3372550","2018","GU","Guam","Overweight and Obesity (BMI)","BMI Categories","Weight classification by Body Mass Index (BMI) (variable calculated from one or more BRFSS questions)","Obese (BMI 30.0 - 99.8)","BRFSS","%","Crude Prevalence","30.8","","","25.9","35.6","242","Female","Gender","_BMI5CAT","56","56","","","","","",""
"3376893","2018","PR","Puerto Rico","Overweight and Obesity (BMI)","BMI Categories","Weight classification by Body Mass Index (BMI) (variable calculated from one or more BRFSS questions)","Obese (BMI 30.0 - 99.8)","BRFSS","%","Crude Prevalence","33.1","","","30.3","35.9","595","Male","Gender","_BMI5CAT","60","60","","","","","",""
"3376894","2018","PR","Puerto Rico","Overweight and Obesity (BMI)","BMI Categories","Weight classification by Body Mass Index (BMI) (variable calculated from one or more BRFSS questions)","Obese (BMI 30.0 - 99.8)","BRFSS","%","Crude Prevalence","32.7","","","30.5","34.9","916","Female","Gender","_BMI5CAT","60","60","","","","","",""
"","","","","","","","","","","","","","","","","","","","","","","Datasource","","Behavioral Risk Factor Surveillance System","http://www.cdc.gov/brfss","BRFSS","CDC"
"","","","","","","","","","","","","","","","","","","","","","","MeasureDefinitions","%","Percent","","",""
"","","","","","","","","","","","","","","","","","","","","","","MeasureDefinitions","CI","95% Confidence Interval","","",""
"","","","","","","","","","","","","","","","","","","","","","","MeasureDefinitions","n","“Sample Size”. Translates to the number of adult respondents who answered this question, or were assigned to this category based on question responses for a calculated variable, or the number of states included for a median.","","",""
"","","","","","","","","","","","","","","","","","","","","","","MeasureDefinitions","N/A","Translates to no data available for a record.","","",""
"","","","","","","","","","","","","","","","","","","","","","","MeasureDefinitions","No Data","Translates to no data available for record.","","",""
"","","","","","","","","","","","","","","","","","","","","","","SuggestedCitation","","Centers for Disease Control and Prevention, National Center for Chronic Disease Prevention and Health Promotion, Division of Population Health. BRFSS Prevalence & Trends Data [online]. 2015.","https://www.cdc.gov/brfss/brfssprevalence/","",""
"","","","","","","","","","","","","","","","","","","","","","","RelatedLinks","","Prevalence Data and Data Analysis Tools","/brfss/data_tools.htm","",""
"","","","","","","","","","","","","","","","","","","","","","","RelatedLinks","","Behavioral Risk Factor Surveillance System (BRFSS)","/brfss/index.html","",""
"","","","","","","","","","","","","","","","","","","","","","","RelatedLinks","","Division of Population Health","/nccdphp/dph/index.html","",""
"","","","","","","","","","","","","","","","","","","","","","","RelatedLinks","","Survey Data & Documentation","/brfss/data_documentation/index.htm","",""
